# Data from NEON Inc.
# These data are provided under the terms of the NEON data policy included in this data download.
# Data Product ID: NEON.D03.CS1.DP1.00002.001.004.003.002
# Data Product Name: 30 minutes variance temperature tower level 3
# Site: Ordway-Swisher Biological Station Site, CORE (FL)
# Geographic coordinates (lat/long): 29.68927/-81.99343
# Domain: Domain 03
# Query Citation Code: 3BEB957B3F4C4167BDE831A4953658E9
# Date-Time of Query Submission: 2014-07-10 16:32 (UTC)
# Start Date-Time for Data: 2014-04-03 00:00 (UTC)
# End Date-Time for Data: 2014-04-04 00:00 (UTC)
# 
### Sensor Metadata Below
### Sensor information: Thermometrics Climate RTD 100  Omega  Probe and Met One 076B aspirated radiation shield
### Units: deg C
### Sampling Rate (Hz): 1
### Assembly repeatability (precision) in deg C: 0.0025
### Assembly refers to the sensor(s) and relevant components (e.g. DAS); here repeatability represents the maximum expected assembly noise given at 95% confidence.
### Boom Level: 3
### Height Above Ground Level (m): 8.7
### Lat/Lon: 29.68923559/-81.99340654
### Threshold For Range test (Hard): min:  -89.2 (deg C) max:  56.7 (deg C)
### Threshold for Range test (soft): min: -27.2 (deg C) max: 44.4 (deg C)
### Threshold For Step test: 0.5 (deg C)
#
Start Date,End Date,Data 1,Data 2,Units,Readout Version,Value Name,Measurement Readout Type Name
2014-04-03 00:00:00.0,2014-04-03 00:30:00.0,0.0320499427224140293057885742200596723705,,Celsius*Celsius,Version 1.0,Temperature Variance (NEON.DOC.000646),Level-1 FIU measurement stream readout type
2014-04-03 00:30:00.0,2014-04-03 01:00:00.0,0.0999333051117206327962350087545928545296,,Celsius*Celsius,Version 1.0,Temperature Variance (NEON.DOC.000646),Level-1 FIU measurement stream readout type
2014-04-03 01:00:00.0,2014-04-03 01:30:00.0,0.0966039195030911485018165762994613032788,,Celsius*Celsius,Version 1.0,Temperature Variance (NEON.DOC.000646),Level-1 FIU measurement stream readout type
2014-04-03 01:30:00.0,2014-04-03 02:00:00.0,0.0602344954380116259784472276805900037288,,Celsius*Celsius,Version 1.0,Temperature Variance (NEON.DOC.000646),Level-1 FIU measurement stream readout type
2014-04-03 02:00:00.0,2014-04-03 02:30:00.0,0.1471729809806593403109786777349654585123,,Celsius*Celsius,Version 1.0,Temperature Variance (NEON.DOC.000646),Level-1 FIU measurement stream readout type
2014-04-03 02:30:00.0,2014-04-03 03:00:00.0,0.3146896657532963215153642977384151890873,,Celsius*Celsius,Version 1.0,Temperature Variance (NEON.DOC.000646),Level-1 FIU measurement stream readout type
2014-04-03 03:00:00.0,2014-04-03 03:30:00.0,0.1076986709072727393943225138173147570341,,Celsius*Celsius,Version 1.0,Temperature Variance (NEON.DOC.000646),Level-1 FIU measurement stream readout type
2014-04-03 03:30:00.0,2014-04-03 04:00:00.0,0.0845238678977902058164772824966348707675,,Celsius*Celsius,Version 1.0,Temperature Variance (NEON.DOC.000646),Level-1 FIU measurement stream readout type
2014-04-03 04:00:00.0,2014-04-03 04:30:00.0,0.0155427082039790824541380942491741734556,,Celsius*Celsius,Version 1.0,Temperature Variance (NEON.DOC.000646),Level-1 FIU measurement stream readout type
2014-04-03 04:30:00.0,2014-04-03 05:00:00.0,0.2153796798273653889665979477285873144865,,Celsius*Celsius,Version 1.0,Temperature Variance (NEON.DOC.000646),Level-1 FIU measurement stream readout type
2014-04-03 05:00:00.0,2014-04-03 05:30:00.0,0.1382832548836889774435121580609120428562,,Celsius*Celsius,Version 1.0,Temperature Variance (NEON.DOC.000646),Level-1 FIU measurement stream readout type
2014-04-03 05:30:00.0,2014-04-03 06:00:00.0,0.0626568888715768185226906439311278518289,,Celsius*Celsius,Version 1.0,Temperature Variance (NEON.DOC.000646),Level-1 FIU measurement stream readout type
2014-04-03 06:00:00.0,2014-04-03 06:30:00.0,0.1227137926658831701409724246332189068198,,Celsius*Celsius,Version 1.0,Temperature Variance (NEON.DOC.000646),Level-1 FIU measurement stream readout type
2014-04-03 06:30:00.0,2014-04-03 07:00:00.0,0.0305508108475074161014539697589498246088,,Celsius*Celsius,Version 1.0,Temperature Variance (NEON.DOC.000646),Level-1 FIU measurement stream readout type
2014-04-03 07:00:00.0,2014-04-03 07:30:00.0,0.147308983183754377277452363159682136029,,Celsius*Celsius,Version 1.0,Temperature Variance (NEON.DOC.000646),Level-1 FIU measurement stream readout type
2014-04-03 07:30:00.0,2014-04-03 08:00:00.0,0.0768468180387241184270408211887115612626,,Celsius*Celsius,Version 1.0,Temperature Variance (NEON.DOC.000646),Level-1 FIU measurement stream readout type
2014-04-03 08:00:00.0,2014-04-03 08:30:00.0,0.0505967640968985402083468727596482494845,,Celsius*Celsius,Version 1.0,Temperature Variance (NEON.DOC.000646),Level-1 FIU measurement stream readout type
2014-04-03 08:30:00.0,2014-04-03 09:00:00.0,0.013636251280604963151410480293179716682,,Celsius*Celsius,Version 1.0,Temperature Variance (NEON.DOC.000646),Level-1 FIU measurement stream readout type
2014-04-03 09:00:00.0,2014-04-03 09:30:00.0,0.008560369506916990986478133152104419423267,,Celsius*Celsius,Version 1.0,Temperature Variance (NEON.DOC.000646),Level-1 FIU measurement stream readout type
2014-04-03 09:30:00.0,2014-04-03 10:00:00.0,0.0264760399670498948465624522441430599428,,Celsius*Celsius,Version 1.0,Temperature Variance (NEON.DOC.000646),Level-1 FIU measurement stream readout type
2014-04-03 10:00:00.0,2014-04-03 10:30:00.0,0.0142583410599116285066845222218034905381,,Celsius*Celsius,Version 1.0,Temperature Variance (NEON.DOC.000646),Level-1 FIU measurement stream readout type
2014-04-03 10:30:00.0,2014-04-03 11:00:00.0,0.0137041394150737919077620574626052984967,,Celsius*Celsius,Version 1.0,Temperature Variance (NEON.DOC.000646),Level-1 FIU measurement stream readout type
2014-04-03 11:00:00.0,2014-04-03 11:30:00.0,0.002529170765585292933452787877968148677609,,Celsius*Celsius,Version 1.0,Temperature Variance (NEON.DOC.000646),Level-1 FIU measurement stream readout type
2014-04-03 11:30:00.0,2014-04-03 12:00:00.0,0.1197405875911240757947240354042151011526,,Celsius*Celsius,Version 1.0,Temperature Variance (NEON.DOC.000646),Level-1 FIU measurement stream readout type
2014-04-03 12:00:00.0,2014-04-03 12:30:00.0,0.3400709251462064597326673265342833474278,,Celsius*Celsius,Version 1.0,Temperature Variance (NEON.DOC.000646),Level-1 FIU measurement stream readout type
2014-04-03 12:30:00.0,2014-04-03 13:00:00.0,0.1851808339674732573065796259470516815781,,Celsius*Celsius,Version 1.0,Temperature Variance (NEON.DOC.000646),Level-1 FIU measurement stream readout type
2014-04-03 13:00:00.0,2014-04-03 13:30:00.0,0.3534546482115037413507252495037391781806,,Celsius*Celsius,Version 1.0,Temperature Variance (NEON.DOC.000646),Level-1 FIU measurement stream readout type
2014-04-03 13:30:00.0,2014-04-03 14:00:00.0,0.176049800710594228636551861200132407248,,Celsius*Celsius,Version 1.0,Temperature Variance (NEON.DOC.000646),Level-1 FIU measurement stream readout type
2014-04-03 14:00:00.0,2014-04-03 14:30:00.0,0.1239503529773370166244816914513648953288,,Celsius*Celsius,Version 1.0,Temperature Variance (NEON.DOC.000646),Level-1 FIU measurement stream readout type
2014-04-03 14:30:00.0,2014-04-03 15:00:00.0,0.1324451474221532421005065316421678289771,,Celsius*Celsius,Version 1.0,Temperature Variance (NEON.DOC.000646),Level-1 FIU measurement stream readout type
2014-04-03 15:00:00.0,2014-04-03 15:30:00.0,0.1106707710190543425543552302769967354834,,Celsius*Celsius,Version 1.0,Temperature Variance (NEON.DOC.000646),Level-1 FIU measurement stream readout type
2014-04-03 15:30:00.0,2014-04-03 16:00:00.0,0.1618206859765786431726297678324044682085,,Celsius*Celsius,Version 1.0,Temperature Variance (NEON.DOC.000646),Level-1 FIU measurement stream readout type
2014-04-03 16:00:00.0,2014-04-03 16:30:00.0,0.1437714813603387098428498802604735828936,,Celsius*Celsius,Version 1.0,Temperature Variance (NEON.DOC.000646),Level-1 FIU measurement stream readout type
2014-04-03 16:30:00.0,2014-04-03 17:00:00.0,0.1133069513104696252048242399723676498979,,Celsius*Celsius,Version 1.0,Temperature Variance (NEON.DOC.000646),Level-1 FIU measurement stream readout type
2014-04-03 17:00:00.0,2014-04-03 17:30:00.0,0.1301076330711507522686076754325767979025,,Celsius*Celsius,Version 1.0,Temperature Variance (NEON.DOC.000646),Level-1 FIU measurement stream readout type
2014-04-03 17:30:00.0,2014-04-03 18:00:00.0,0.1928820880810103999269955465933890081942,,Celsius*Celsius,Version 1.0,Temperature Variance (NEON.DOC.000646),Level-1 FIU measurement stream readout type
2014-04-03 18:00:00.0,2014-04-03 18:30:00.0,0.1299829902714661478135838024172699078917,,Celsius*Celsius,Version 1.0,Temperature Variance (NEON.DOC.000646),Level-1 FIU measurement stream readout type
2014-04-03 18:30:00.0,2014-04-03 19:00:00.0,0.1591133363367228104046091630152659490704,,Celsius*Celsius,Version 1.0,Temperature Variance (NEON.DOC.000646),Level-1 FIU measurement stream readout type
2014-04-03 19:00:00.0,2014-04-03 19:30:00.0,0.1418724520393375987392658998942351900041,,Celsius*Celsius,Version 1.0,Temperature Variance (NEON.DOC.000646),Level-1 FIU measurement stream readout type
2014-04-03 19:30:00.0,2014-04-03 20:00:00.0,0.0929661488059858320820438848386402241885,,Celsius*Celsius,Version 1.0,Temperature Variance (NEON.DOC.000646),Level-1 FIU measurement stream readout type
2014-04-03 20:00:00.0,2014-04-03 20:30:00.0,0.1280454500813223706057186745965736918151,,Celsius*Celsius,Version 1.0,Temperature Variance (NEON.DOC.000646),Level-1 FIU measurement stream readout type
2014-04-03 20:30:00.0,2014-04-03 21:00:00.0,0.0588548532313884695255090662158181658014,,Celsius*Celsius,Version 1.0,Temperature Variance (NEON.DOC.000646),Level-1 FIU measurement stream readout type
2014-04-03 21:00:00.0,2014-04-03 21:30:00.0,0.0646899236982208941659777678978571202605,,Celsius*Celsius,Version 1.0,Temperature Variance (NEON.DOC.000646),Level-1 FIU measurement stream readout type
2014-04-03 21:30:00.0,2014-04-03 22:00:00.0,0.0215538811368258843848000338994097546674,,Celsius*Celsius,Version 1.0,Temperature Variance (NEON.DOC.000646),Level-1 FIU measurement stream readout type
2014-04-03 22:00:00.0,2014-04-03 22:30:00.0,0.006857192967939761997497871703899363637901,,Celsius*Celsius,Version 1.0,Temperature Variance (NEON.DOC.000646),Level-1 FIU measurement stream readout type
2014-04-03 22:30:00.0,2014-04-03 23:00:00.0,0.0667923470925639584105937274216557852923,,Celsius*Celsius,Version 1.0,Temperature Variance (NEON.DOC.000646),Level-1 FIU measurement stream readout type
2014-04-03 23:00:00.0,2014-04-03 23:30:00.0,0.3326825972400714315213576810492668300867,,Celsius*Celsius,Version 1.0,Temperature Variance (NEON.DOC.000646),Level-1 FIU measurement stream readout type
2014-04-03 23:30:00.0,2014-04-04 00:00:00.0,0.1097194558119670843021609130119031760841,,Celsius*Celsius,Version 1.0,Temperature Variance (NEON.DOC.000646),Level-1 FIU measurement stream readout type
2014-04-04 00:00:00.0,2014-04-04 00:30:00.0,0.0919393862724927901641791549991467036306,,Celsius*Celsius,Version 1.0,Temperature Variance (NEON.DOC.000646),Level-1 FIU measurement stream readout type
