# Data from NEON Inc.
# These data are provided under the terms of the NEON data policy included in this data download.
# Data Product ID: NEON.D10.RS1.DP1.00002.001.004.001.002
# Data Product Name: 30 minutes variance temperature tower level 1
# Site: Sterling Site, RELOCATABLE (CO)
# Geographic coordinates (lat/long): 40.4619/-103.0293
# Domain: Domain 10
# Query Citation Code: 3BEB957B3F4C4167BDE831A4953658E9
# Date-Time of Query Submission: 2014-07-10 16:32 (UTC)
# Start Date-Time for Data: 2014-04-03 00:00 (UTC)
# End Date-Time for Data: 2014-04-04 00:00 (UTC)
# 
### Sensor Metadata Below
### Sensor information: Thermometrics Climate RTD 100  Omega  Probe and Met One 076B aspirated radiation shield
### Units: deg C
### Sampling Rate (Hz): 1
### Assembly repeatability (precision) in deg C: 0.0025
### Assembly refers to the sensor(s) and relevant components (e.g. DAS); here repeatability represents the maximum expected assembly noise given at 95% confidence.
### Boom Level: 1
### Height Above Ground Level (m): 0.127
### Lat/Lon: 40.46187242/-103.0293536
### Threshold For Range test (Hard): min:  -89.2 (deg C) max:  56.7 (deg C)
### Threshold for Range test (soft): min: -54.4 (deg C) max: 46.1 (deg C)
### Threshold For Step test: 0.5 (deg C)
#
Start Date,End Date,Data 1,Data 2,Units,Readout Version,Value Name,Measurement Readout Type Name
2014-04-03 00:00:00.0,2014-04-03 00:30:00.0,0.0453116950611172908391921509974054060876,,Celsius*Celsius,Version 1.0,Temperature Variance (NEON.DOC.000646),Temperature Variance measurement stream value type (NEON.DOC.000646)
2014-04-03 00:30:00.0,2014-04-03 01:00:00.0,0.0169389236120446456945742852440162096172,,Celsius*Celsius,Version 1.0,Temperature Variance (NEON.DOC.000646),Temperature Variance measurement stream value type (NEON.DOC.000646)
2014-04-03 01:00:00.0,2014-04-03 01:30:00.0,0.0391361911274255985793146805917785968631,,Celsius*Celsius,Version 1.0,Temperature Variance (NEON.DOC.000646),Temperature Variance measurement stream value type (NEON.DOC.000646)
2014-04-03 01:30:00.0,2014-04-03 02:00:00.0,0.216121305819486991817157672812754753977,,Celsius*Celsius,Version 1.0,Temperature Variance (NEON.DOC.000646),Temperature Variance measurement stream value type (NEON.DOC.000646)
2014-04-03 02:00:00.0,2014-04-03 02:30:00.0,0.0983909737056764960305699219134112354367,,Celsius*Celsius,Version 1.0,Temperature Variance (NEON.DOC.000646),Temperature Variance measurement stream value type (NEON.DOC.000646)
2014-04-03 02:30:00.0,2014-04-03 03:00:00.0,0.0305927646742237720201007533660231274552,,Celsius*Celsius,Version 1.0,Temperature Variance (NEON.DOC.000646),Temperature Variance measurement stream value type (NEON.DOC.000646)
2014-04-03 03:00:00.0,2014-04-03 03:30:00.0,0.037064173750209990221282652100853738375,,Celsius*Celsius,Version 1.0,Temperature Variance (NEON.DOC.000646),Temperature Variance measurement stream value type (NEON.DOC.000646)
2014-04-03 03:30:00.0,2014-04-03 04:00:00.0,0.0123485294218924224890487906236558046657,,Celsius*Celsius,Version 1.0,Temperature Variance (NEON.DOC.000646),Temperature Variance measurement stream value type (NEON.DOC.000646)
2014-04-03 04:00:00.0,2014-04-03 04:30:00.0,0.1014983307503218024070434921668493188917,,Celsius*Celsius,Version 1.0,Temperature Variance (NEON.DOC.000646),Temperature Variance measurement stream value type (NEON.DOC.000646)
2014-04-03 04:30:00.0,2014-04-03 05:00:00.0,0.002109513000379408236700795598039803735446,,Celsius*Celsius,Version 1.0,Temperature Variance (NEON.DOC.000646),Temperature Variance measurement stream value type (NEON.DOC.000646)
2014-04-03 05:00:00.0,2014-04-03 05:30:00.0,0.001170810749657828428449413138423551572486,,Celsius*Celsius,Version 1.0,Temperature Variance (NEON.DOC.000646),Temperature Variance measurement stream value type (NEON.DOC.000646)
2014-04-03 05:30:00.0,2014-04-03 06:00:00.0,0.006507401298381455291564012810567874112166,,Celsius*Celsius,Version 1.0,Temperature Variance (NEON.DOC.000646),Temperature Variance measurement stream value type (NEON.DOC.000646)
2014-04-03 06:00:00.0,2014-04-03 06:30:00.0,0.0151874532348252912206110210036058560945,,Celsius*Celsius,Version 1.0,Temperature Variance (NEON.DOC.000646),Temperature Variance measurement stream value type (NEON.DOC.000646)
2014-04-03 06:30:00.0,2014-04-03 07:00:00.0,0.003110083556514992540742436943901338963769,,Celsius*Celsius,Version 1.0,Temperature Variance (NEON.DOC.000646),Temperature Variance measurement stream value type (NEON.DOC.000646)
2014-04-03 07:00:00.0,2014-04-03 07:30:00.0,0.0332871490358867191949876485068671172484,,Celsius*Celsius,Version 1.0,Temperature Variance (NEON.DOC.000646),Temperature Variance measurement stream value type (NEON.DOC.000646)
2014-04-03 07:30:00.0,2014-04-03 08:00:00.0,0.003096189515478620785104979518109757918864,,Celsius*Celsius,Version 1.0,Temperature Variance (NEON.DOC.000646),Temperature Variance measurement stream value type (NEON.DOC.000646)
2014-04-03 08:00:00.0,2014-04-03 08:30:00.0,0.000584584752531436984725188299449882833869,,Celsius*Celsius,Version 1.0,Temperature Variance (NEON.DOC.000646),Temperature Variance measurement stream value type (NEON.DOC.000646)
2014-04-03 08:30:00.0,2014-04-03 09:00:00.0,0.000431351080974100374153951120703709420922,,Celsius*Celsius,Version 1.0,Temperature Variance (NEON.DOC.000646),Temperature Variance measurement stream value type (NEON.DOC.000646)
2014-04-03 09:00:00.0,2014-04-03 09:30:00.0,0.000141163117508564920927344177314921580546,,Celsius*Celsius,Version 1.0,Temperature Variance (NEON.DOC.000646),Temperature Variance measurement stream value type (NEON.DOC.000646)
2014-04-03 09:30:00.0,2014-04-03 10:00:00.0,0.000594208745100348648647547999956941566779,,Celsius*Celsius,Version 1.0,Temperature Variance (NEON.DOC.000646),Temperature Variance measurement stream value type (NEON.DOC.000646)
2014-04-03 10:00:00.0,2014-04-03 10:30:00.0,0.000853501646811707492118470597119994636159,,Celsius*Celsius,Version 1.0,Temperature Variance (NEON.DOC.000646),Temperature Variance measurement stream value type (NEON.DOC.000646)
2014-04-03 10:30:00.0,2014-04-03 11:00:00.0,0.000213361906598408615238354757437377884343,,Celsius*Celsius,Version 1.0,Temperature Variance (NEON.DOC.000646),Temperature Variance measurement stream value type (NEON.DOC.000646)
2014-04-03 11:00:00.0,2014-04-03 11:30:00.0,0.0023305183641803310298779017273318459047,,Celsius*Celsius,Version 1.0,Temperature Variance (NEON.DOC.000646),Temperature Variance measurement stream value type (NEON.DOC.000646)
2014-04-03 11:30:00.0,2014-04-03 12:00:00.0,0.000106146360614192312391695915962941398902,,Celsius*Celsius,Version 1.0,Temperature Variance (NEON.DOC.000646),Temperature Variance measurement stream value type (NEON.DOC.000646)
2014-04-03 12:00:00.0,2014-04-03 12:30:00.0,0.000771416416306666035199168796054891572566,,Celsius*Celsius,Version 1.0,Temperature Variance (NEON.DOC.000646),Temperature Variance measurement stream value type (NEON.DOC.000646)
2014-04-03 12:30:00.0,2014-04-03 13:00:00.0,0.00005376010227754969068207982485496643221267,,Celsius*Celsius,Version 1.0,Temperature Variance (NEON.DOC.000646),Temperature Variance measurement stream value type (NEON.DOC.000646)
2014-04-03 13:00:00.0,2014-04-03 13:30:00.0,0.000120099956379623217851172756187594359289,,Celsius*Celsius,Version 1.0,Temperature Variance (NEON.DOC.000646),Temperature Variance measurement stream value type (NEON.DOC.000646)
2014-04-03 13:30:00.0,2014-04-03 14:00:00.0,0.00007554586945817641778933709817422936794173,,Celsius*Celsius,Version 1.0,Temperature Variance (NEON.DOC.000646),Temperature Variance measurement stream value type (NEON.DOC.000646)
2014-04-03 14:00:00.0,2014-04-03 14:30:00.0,0.000667025707038339460766551702874949114629,,Celsius*Celsius,Version 1.0,Temperature Variance (NEON.DOC.000646),Temperature Variance measurement stream value type (NEON.DOC.000646)
2014-04-03 14:30:00.0,2014-04-03 15:00:00.0,0.004693085333184684321272683860115648712962,,Celsius*Celsius,Version 1.0,Temperature Variance (NEON.DOC.000646),Temperature Variance measurement stream value type (NEON.DOC.000646)
2014-04-03 15:00:00.0,2014-04-03 15:30:00.0,0.002345220954698505871210967299589356116484,,Celsius*Celsius,Version 1.0,Temperature Variance (NEON.DOC.000646),Temperature Variance measurement stream value type (NEON.DOC.000646)
2014-04-03 15:30:00.0,2014-04-03 16:00:00.0,0.0124612140315337339285806095290354278404,,Celsius*Celsius,Version 1.0,Temperature Variance (NEON.DOC.000646),Temperature Variance measurement stream value type (NEON.DOC.000646)
2014-04-03 16:00:00.0,2014-04-03 16:30:00.0,0.0169160211823767350769465167559246765449,,Celsius*Celsius,Version 1.0,Temperature Variance (NEON.DOC.000646),Temperature Variance measurement stream value type (NEON.DOC.000646)
2014-04-03 16:30:00.0,2014-04-03 17:00:00.0,0.0193760314757169850585771797568668262101,,Celsius*Celsius,Version 1.0,Temperature Variance (NEON.DOC.000646),Temperature Variance measurement stream value type (NEON.DOC.000646)
2014-04-03 17:00:00.0,2014-04-03 17:30:00.0,0.0464056116456164971517672768186457687988,,Celsius*Celsius,Version 1.0,Temperature Variance (NEON.DOC.000646),Temperature Variance measurement stream value type (NEON.DOC.000646)
2014-04-03 17:30:00.0,2014-04-03 18:00:00.0,0.1067507110861445757121757083041302394121,,Celsius*Celsius,Version 1.0,Temperature Variance (NEON.DOC.000646),Temperature Variance measurement stream value type (NEON.DOC.000646)
2014-04-03 18:00:00.0,2014-04-03 18:30:00.0,0.0473326156888621493723512401174957631155,,Celsius*Celsius,Version 1.0,Temperature Variance (NEON.DOC.000646),Temperature Variance measurement stream value type (NEON.DOC.000646)
2014-04-03 18:30:00.0,2014-04-03 19:00:00.0,0.0410455704876510271694733944514155155047,,Celsius*Celsius,Version 1.0,Temperature Variance (NEON.DOC.000646),Temperature Variance measurement stream value type (NEON.DOC.000646)
2014-04-03 19:00:00.0,2014-04-03 19:30:00.0,0.0656810339535798537458077817063895054161,,Celsius*Celsius,Version 1.0,Temperature Variance (NEON.DOC.000646),Temperature Variance measurement stream value type (NEON.DOC.000646)
2014-04-03 19:30:00.0,2014-04-03 20:00:00.0,0.0501156024693148946513865382712538121268,,Celsius*Celsius,Version 1.0,Temperature Variance (NEON.DOC.000646),Temperature Variance measurement stream value type (NEON.DOC.000646)
2014-04-03 20:00:00.0,2014-04-03 20:30:00.0,0.05432702211912947970473553027659363579,,Celsius*Celsius,Version 1.0,Temperature Variance (NEON.DOC.000646),Temperature Variance measurement stream value type (NEON.DOC.000646)
2014-04-03 20:30:00.0,2014-04-03 21:00:00.0,0.0675345080893505200769766361190704628825,,Celsius*Celsius,Version 1.0,Temperature Variance (NEON.DOC.000646),Temperature Variance measurement stream value type (NEON.DOC.000646)
2014-04-03 21:00:00.0,2014-04-03 21:30:00.0,0.005588167300502413538387802560691852704621,,Celsius*Celsius,Version 1.0,Temperature Variance (NEON.DOC.000646),Temperature Variance measurement stream value type (NEON.DOC.000646)
2014-04-03 21:30:00.0,2014-04-03 22:00:00.0,0.1301656250478979703899540254496969282627,,Celsius*Celsius,Version 1.0,Temperature Variance (NEON.DOC.000646),Temperature Variance measurement stream value type (NEON.DOC.000646)
2014-04-03 22:00:00.0,2014-04-03 22:30:00.0,0.1221033767119870105943846283480525016784,,Celsius*Celsius,Version 1.0,Temperature Variance (NEON.DOC.000646),Temperature Variance measurement stream value type (NEON.DOC.000646)
2014-04-03 22:30:00.0,2014-04-03 23:00:00.0,0.1369773678472354094814988911821274086833,,Celsius*Celsius,Version 1.0,Temperature Variance (NEON.DOC.000646),Temperature Variance measurement stream value type (NEON.DOC.000646)
2014-04-03 23:00:00.0,2014-04-03 23:30:00.0,0.3085255536440401624709295447246404364705,,Celsius*Celsius,Version 1.0,Temperature Variance (NEON.DOC.000646),Temperature Variance measurement stream value type (NEON.DOC.000646)
2014-04-03 23:30:00.0,2014-04-04 00:00:00.0,0.0358999016226696082698666145915922243148,,Celsius*Celsius,Version 1.0,Temperature Variance (NEON.DOC.000646),Temperature Variance measurement stream value type (NEON.DOC.000646)
2014-04-04 00:00:00.0,2014-04-04 00:30:00.0,0.1329873426878787345817301002171006985008,,Celsius*Celsius,Version 1.0,Temperature Variance (NEON.DOC.000646),Temperature Variance measurement stream value type (NEON.DOC.000646)
