# Data from NEON Inc.
# These data are provided under the terms of the NEON data policy included in this data download.
# Data Product ID: NEON.D03.CS1.DP1.00002.001.002.005.002
# Data Product Name: 30 minutes minimum temperature tower level 5
# Site: Ordway-Swisher Biological Station Site, CORE (FL)
# Geographic coordinates (lat/long): 29.68927/-81.99343
# Domain: Domain 03
# Query Citation Code: 3BEB957B3F4C4167BDE831A4953658E9
# Date-Time of Query Submission: 2014-07-10 16:32 (UTC)
# Start Date-Time for Data: 2014-04-03 00:00 (UTC)
# End Date-Time for Data: 2014-04-04 00:00 (UTC)
# 
### Sensor Metadata Below
### Sensor information: Thermometrics Climate RTD 100  Omega  Probe and Met One 076B aspirated radiation shield
### Units: deg C
### Sampling Rate (Hz): 1
### Assembly repeatability (precision) in deg C: 0.0025
### Assembly refers to the sensor(s) and relevant components (e.g. DAS); here repeatability represents the maximum expected assembly noise given at 95% confidence.
### Boom Level: 5
### Height Above Ground Level (m): 24.56
### Lat/Lon: 29.68923605/-81.99340646
### Threshold For Range test (Hard): min:  -89.2 (deg C) max:  56.7 (deg C)
### Threshold for Range test (soft): min: -27.2 (deg C) max: 44.4 (deg C)
### Threshold For Step test: 0.5 (deg C)
#
Start Date,End Date,Data 1,Data 2,Units,Readout Version,Value Name,Measurement Readout Type Name
2014-04-03 00:00:00.0,2014-04-03 00:30:00.0,23.32401090357947737174981739372014999389,,degree Celsius,Version 1.0,Temperature Min (NEON.DOC.000646),Level-1 FIU measurement stream readout type
2014-04-03 00:30:00.0,2014-04-03 01:00:00.0,22.40255173886517070513946237042546272277,,degree Celsius,Version 1.0,Temperature Min (NEON.DOC.000646),Level-1 FIU measurement stream readout type
2014-04-03 01:00:00.0,2014-04-03 01:30:00.0,21.22992617629873990381383919157087802886,,degree Celsius,Version 1.0,Temperature Min (NEON.DOC.000646),Level-1 FIU measurement stream readout type
2014-04-03 01:30:00.0,2014-04-03 02:00:00.0,20.59539753343404555607776273973286151885,,degree Celsius,Version 1.0,Temperature Min (NEON.DOC.000646),Level-1 FIU measurement stream readout type
2014-04-03 02:00:00.0,2014-04-03 02:30:00.0,19.66579750492031308795048971660435199737,,degree Celsius,Version 1.0,Temperature Min (NEON.DOC.000646),Level-1 FIU measurement stream readout type
2014-04-03 02:30:00.0,2014-04-03 03:00:00.0,19.42709549573704919112060451880097389221,,degree Celsius,Version 1.0,Temperature Min (NEON.DOC.000646),Level-1 FIU measurement stream readout type
2014-04-03 03:00:00.0,2014-04-03 03:30:00.0,19.05421366311387743053273879922926425933,,degree Celsius,Version 1.0,Temperature Min (NEON.DOC.000646),Level-1 FIU measurement stream readout type
2014-04-03 03:30:00.0,2014-04-03 04:00:00.0,18.57531550557808230905720847658812999725,,degree Celsius,Version 1.0,Temperature Min (NEON.DOC.000646),Level-1 FIU measurement stream readout type
2014-04-03 04:00:00.0,2014-04-03 04:30:00.0,18.12862988335260183703212533146142959594,,degree Celsius,Version 1.0,Temperature Min (NEON.DOC.000646),Level-1 FIU measurement stream readout type
2014-04-03 04:30:00.0,2014-04-03 05:00:00.0,17.82419006224353097422863356769084930419,,degree Celsius,Version 1.0,Temperature Min (NEON.DOC.000646),Level-1 FIU measurement stream readout type
2014-04-03 05:00:00.0,2014-04-03 05:30:00.0,17.58288617320782520891953026875853538513,,degree Celsius,Version 1.0,Temperature Min (NEON.DOC.000646),Level-1 FIU measurement stream readout type
2014-04-03 05:30:00.0,2014-04-03 06:00:00.0,17.45250823107614479567928356118500232696,,degree Celsius,Version 1.0,Temperature Min (NEON.DOC.000646),Level-1 FIU measurement stream readout type
2014-04-03 06:00:00.0,2014-04-03 06:30:00.0,17.07724868527502692927555472124367952346,,degree Celsius,Version 1.0,Temperature Min (NEON.DOC.000646),Level-1 FIU measurement stream readout type
2014-04-03 06:30:00.0,2014-04-03 07:00:00.0,16.98321107223994630430752295069396495819,,degree Celsius,Version 1.0,Temperature Min (NEON.DOC.000646),Level-1 FIU measurement stream readout type
2014-04-03 07:00:00.0,2014-04-03 07:30:00.0,16.74851847439734342515293974429368972778,,degree Celsius,Version 1.0,Temperature Min (NEON.DOC.000646),Level-1 FIU measurement stream readout type
2014-04-03 07:30:00.0,2014-04-03 08:00:00.0,16.46430948166426588841204647906124591827,,degree Celsius,Version 1.0,Temperature Min (NEON.DOC.000646),Level-1 FIU measurement stream readout type
2014-04-03 08:00:00.0,2014-04-03 08:30:00.0,16.35796878051581160207206266932189464569,,degree Celsius,Version 1.0,Temperature Min (NEON.DOC.000646),Level-1 FIU measurement stream readout type
2014-04-03 08:30:00.0,2014-04-03 09:00:00.0,16.60497290923462188061421329621225595474,,degree Celsius,Version 1.0,Temperature Min (NEON.DOC.000646),Level-1 FIU measurement stream readout type
2014-04-03 09:00:00.0,2014-04-03 09:30:00.0,16.62394363309716993626352632418274879455,,degree Celsius,Version 1.0,Temperature Min (NEON.DOC.000646),Level-1 FIU measurement stream readout type
2014-04-03 09:30:00.0,2014-04-03 10:00:00.0,16.36407144234614463584875920787453651428,,degree Celsius,Version 1.0,Temperature Min (NEON.DOC.000646),Level-1 FIU measurement stream readout type
2014-04-03 10:00:00.0,2014-04-03 10:30:00.0,15.8134961364036676911837275838479399681,,degree Celsius,Version 1.0,Temperature Min (NEON.DOC.000646),Level-1 FIU measurement stream readout type
2014-04-03 10:30:00.0,2014-04-03 11:00:00.0,15.53732455328323425192138529382646083831,,degree Celsius,Version 1.0,Temperature Min (NEON.DOC.000646),Level-1 FIU measurement stream readout type
2014-04-03 11:00:00.0,2014-04-03 11:30:00.0,15.17381900075912248837539664236828684806,,degree Celsius,Version 1.0,Temperature Min (NEON.DOC.000646),Level-1 FIU measurement stream readout type
2014-04-03 11:30:00.0,2014-04-03 12:00:00.0,14.70629296678484365656913723796606063842,,degree Celsius,Version 1.0,Temperature Min (NEON.DOC.000646),Level-1 FIU measurement stream readout type
2014-04-03 12:00:00.0,2014-04-03 12:30:00.0,15.03825909186829079544622800312936305999,,degree Celsius,Version 1.0,Temperature Min (NEON.DOC.000646),Level-1 FIU measurement stream readout type
2014-04-03 12:30:00.0,2014-04-03 13:00:00.0,15.84415312285756805010805692290887236595,,degree Celsius,Version 1.0,Temperature Min (NEON.DOC.000646),Level-1 FIU measurement stream readout type
2014-04-03 13:00:00.0,2014-04-03 13:30:00.0,17.10692023728630317691568052396178245544,,degree Celsius,Version 1.0,Temperature Min (NEON.DOC.000646),Level-1 FIU measurement stream readout type
2014-04-03 13:30:00.0,2014-04-03 14:00:00.0,18.79318952214432414393741055391728878021,,degree Celsius,Version 1.0,Temperature Min (NEON.DOC.000646),Level-1 FIU measurement stream readout type
2014-04-03 14:00:00.0,2014-04-03 14:30:00.0,19.99448661169526886283165367785841226577,,degree Celsius,Version 1.0,Temperature Min (NEON.DOC.000646),Level-1 FIU measurement stream readout type
2014-04-03 14:30:00.0,2014-04-03 15:00:00.0,21.42994039823527074872799857985228300094,,degree Celsius,Version 1.0,Temperature Min (NEON.DOC.000646),Level-1 FIU measurement stream readout type
2014-04-03 15:00:00.0,2014-04-03 15:30:00.0,22.17787281104612162607736536301672458648,,degree Celsius,Version 1.0,Temperature Min (NEON.DOC.000646),Level-1 FIU measurement stream readout type
2014-04-03 15:30:00.0,2014-04-03 16:00:00.0,22.65955115853336110376403667032718658447,,degree Celsius,Version 1.0,Temperature Min (NEON.DOC.000646),Level-1 FIU measurement stream readout type
2014-04-03 16:00:00.0,2014-04-03 16:30:00.0,23.28544498850626354169435217045247554779,,degree Celsius,Version 1.0,Temperature Min (NEON.DOC.000646),Level-1 FIU measurement stream readout type
2014-04-03 16:30:00.0,2014-04-03 17:00:00.0,23.97842895219374526050160056911408901214,,degree Celsius,Version 1.0,Temperature Min (NEON.DOC.000646),Level-1 FIU measurement stream readout type
2014-04-03 17:00:00.0,2014-04-03 17:30:00.0,24.50067472834740200937631016131490468978,,degree Celsius,Version 1.0,Temperature Min (NEON.DOC.000646),Level-1 FIU measurement stream readout type
2014-04-03 17:30:00.0,2014-04-03 18:00:00.0,24.82963419647656166944216238334774971008,,degree Celsius,Version 1.0,Temperature Min (NEON.DOC.000646),Level-1 FIU measurement stream readout type
2014-04-03 18:00:00.0,2014-04-03 18:30:00.0,25.93335124754285203607651055790483951568,,degree Celsius,Version 1.0,Temperature Min (NEON.DOC.000646),Level-1 FIU measurement stream readout type
2014-04-03 18:30:00.0,2014-04-03 19:00:00.0,26.46952026414957970246177865192294120788,,degree Celsius,Version 1.0,Temperature Min (NEON.DOC.000646),Level-1 FIU measurement stream readout type
2014-04-03 19:00:00.0,2014-04-03 19:30:00.0,26.61714561778182286388982902280986309051,,degree Celsius,Version 1.0,Temperature Min (NEON.DOC.000646),Level-1 FIU measurement stream readout type
2014-04-03 19:30:00.0,2014-04-03 20:00:00.0,26.94558875404780451390251982957124710083,,degree Celsius,Version 1.0,Temperature Min (NEON.DOC.000646),Level-1 FIU measurement stream readout type
2014-04-03 20:00:00.0,2014-04-03 20:30:00.0,27.54718123489279335558421735186129808425,,degree Celsius,Version 1.0,Temperature Min (NEON.DOC.000646),Level-1 FIU measurement stream readout type
2014-04-03 20:30:00.0,2014-04-03 21:00:00.0,27.67662513708666693901250255294144153594,,degree Celsius,Version 1.0,Temperature Min (NEON.DOC.000646),Level-1 FIU measurement stream readout type
2014-04-03 21:00:00.0,2014-04-03 21:30:00.0,27.78131095898483238215703750029206275939,,degree Celsius,Version 1.0,Temperature Min (NEON.DOC.000646),Level-1 FIU measurement stream readout type
2014-04-03 21:30:00.0,2014-04-03 22:00:00.0,28.31630651336907433801570732612162828445,,degree Celsius,Version 1.0,Temperature Min (NEON.DOC.000646),Level-1 FIU measurement stream readout type
2014-04-03 22:00:00.0,2014-04-03 22:30:00.0,28.4289410323818110271076875505968928337,,degree Celsius,Version 1.0,Temperature Min (NEON.DOC.000646),Level-1 FIU measurement stream readout type
2014-04-03 22:30:00.0,2014-04-03 23:00:00.0,27.57123538600767886919129523448646068572,,degree Celsius,Version 1.0,Temperature Min (NEON.DOC.000646),Level-1 FIU measurement stream readout type
2014-04-03 23:00:00.0,2014-04-03 23:30:00.0,25.47490099422709164400657755322754383087,,degree Celsius,Version 1.0,Temperature Min (NEON.DOC.000646),Level-1 FIU measurement stream readout type
2014-04-03 23:30:00.0,2014-04-04 00:00:00.0,24.36190810011993690409326518420130014419,,degree Celsius,Version 1.0,Temperature Min (NEON.DOC.000646),Level-1 FIU measurement stream readout type
2014-04-04 00:00:00.0,2014-04-04 00:30:00.0,23.32710595664980957053558086045086383819,,degree Celsius,Version 1.0,Temperature Min (NEON.DOC.000646),Level-1 FIU measurement stream readout type
