# Data from NEON Inc.
# These data are provided under the terms of the NEON data policy included in this data download.
# Data Product ID: NEON.D03.CS1.DP1.00002.001.001.005.002
# Data Product Name: 30 minutes mean temperature tower level 5
# Site: Ordway-Swisher Biological Station Site, CORE (FL)
# Geographic coordinates (lat/long): 29.68927/-81.99343
# Domain: Domain 03
# Query Citation Code: 3BEB957B3F4C4167BDE831A4953658E9
# Date-Time of Query Submission: 2014-07-10 16:32 (UTC)
# Start Date-Time for Data: 2014-04-03 00:00 (UTC)
# End Date-Time for Data: 2014-04-04 00:00 (UTC)
# 
### Sensor Metadata Below
### Sensor information: Thermometrics Climate RTD 100  Omega  Probe and Met One 076B aspirated radiation shield
### Units: deg C
### Sampling Rate (Hz): 1
### Assembly repeatability (precision) in deg C: 0.0025
### Assembly refers to the sensor(s) and relevant components (e.g. DAS); here repeatability represents the maximum expected assembly noise given at 95% confidence.
### Boom Level: 5
### Height Above Ground Level (m): 24.56
### Lat/Lon: 29.68923605/-81.99340646
### Threshold For Range test (Hard): min:  -89.2 (deg C) max:  56.7 (deg C)
### Threshold for Range test (soft): min: -27.2 (deg C) max: 44.4 (deg C)
### Threshold For Step test: 0.5 (deg C)
#
Start Date,End Date,Data 1,Data 2,Units,Readout Version,Value Name,Measurement Readout Type Name
2014-04-03 00:00:00.0,2014-04-03 00:30:00.0,0.014466387446603830996272321840478980448,,degree Celsius,Version 1.0,Temperature Expanded Uncertainty (NEON.DOC.000646),Level-1 FIU measurement stream readout type
2014-04-03 00:00:00.0,2014-04-03 00:30:00.0,23.73270925720289525884254544507712125778,,degree Celsius,Version 1.0,Temperature Mean (NEON.DOC.000646),Level-1 FIU measurement stream readout type
2014-04-03 00:00:00.0,2014-04-03 00:30:00.0,0.005451777579993021156934407400740383309312,,degree Celsius,Version 1.0,Temperature Standard Error  (NEON.DOC.000652),Level-1 FIU measurement stream readout type
2014-04-03 00:00:00.0,2014-04-03 00:30:00.0,1800,,none,Version 1.0,Number of points used in data product mean value,Level-1 FIU measurement stream readout type
2014-04-03 00:30:00.0,2014-04-03 01:00:00.0,1800,,none,Version 1.0,Number of points used in data product mean value,Level-1 FIU measurement stream readout type
2014-04-03 00:30:00.0,2014-04-03 01:00:00.0,0.0172869617171431261271052903794043231755,,degree Celsius,Version 1.0,Temperature Expanded Uncertainty (NEON.DOC.000646),Level-1 FIU measurement stream readout type
2014-04-03 00:30:00.0,2014-04-03 01:00:00.0,0.007250615401761659715995644859276580973528,,degree Celsius,Version 1.0,Temperature Standard Error  (NEON.DOC.000652),Level-1 FIU measurement stream readout type
2014-04-03 00:30:00.0,2014-04-03 01:00:00.0,23.00481922568057768785365624353289604187,,degree Celsius,Version 1.0,Temperature Mean (NEON.DOC.000646),Level-1 FIU measurement stream readout type
2014-04-03 01:00:00.0,2014-04-03 01:30:00.0,0.007276040863833765047485879762234617373906,,degree Celsius,Version 1.0,Temperature Standard Error  (NEON.DOC.000652),Level-1 FIU measurement stream readout type
2014-04-03 01:00:00.0,2014-04-03 01:30:00.0,1800,,none,Version 1.0,Number of points used in data product mean value,Level-1 FIU measurement stream readout type
2014-04-03 01:00:00.0,2014-04-03 01:30:00.0,0.0173165419167244094555968558779568411409,,degree Celsius,Version 1.0,Temperature Expanded Uncertainty (NEON.DOC.000646),Level-1 FIU measurement stream readout type
2014-04-03 01:00:00.0,2014-04-03 01:30:00.0,21.91247462080583474630657292436808347702,,degree Celsius,Version 1.0,Temperature Mean (NEON.DOC.000646),Level-1 FIU measurement stream readout type
2014-04-03 01:30:00.0,2014-04-03 02:00:00.0,0.005250685565548267666469151038199925096705,,degree Celsius,Version 1.0,Temperature Standard Error  (NEON.DOC.000652),Level-1 FIU measurement stream readout type
2014-04-03 01:30:00.0,2014-04-03 02:00:00.0,0.0141272874514253472810754175270631094463,,degree Celsius,Version 1.0,Temperature Expanded Uncertainty (NEON.DOC.000646),Level-1 FIU measurement stream readout type
2014-04-03 01:30:00.0,2014-04-03 02:00:00.0,1800,,none,Version 1.0,Number of points used in data product mean value,Level-1 FIU measurement stream readout type
2014-04-03 01:30:00.0,2014-04-03 02:00:00.0,21.02669610268750943760096561163663864135,,degree Celsius,Version 1.0,Temperature Mean (NEON.DOC.000646),Level-1 FIU measurement stream readout type
2014-04-03 02:00:00.0,2014-04-03 02:30:00.0,1800,,none,Version 1.0,Number of points used in data product mean value,Level-1 FIU measurement stream readout type
2014-04-03 02:00:00.0,2014-04-03 02:30:00.0,20.16113759447006259506451897323131561279,,degree Celsius,Version 1.0,Temperature Mean (NEON.DOC.000646),Level-1 FIU measurement stream readout type
2014-04-03 02:00:00.0,2014-04-03 02:30:00.0,0.0156408369973489273785371977965041878633,,degree Celsius,Version 1.0,Temperature Expanded Uncertainty (NEON.DOC.000646),Level-1 FIU measurement stream readout type
2014-04-03 02:00:00.0,2014-04-03 02:30:00.0,0.006252695510055351207912011091138992924243,,degree Celsius,Version 1.0,Temperature Standard Error  (NEON.DOC.000652),Level-1 FIU measurement stream readout type
2014-04-03 02:30:00.0,2014-04-03 03:00:00.0,0.0103845008849365334074876798808872990775,,degree Celsius,Version 1.0,Temperature Expanded Uncertainty (NEON.DOC.000646),Level-1 FIU measurement stream readout type
2014-04-03 02:30:00.0,2014-04-03 03:00:00.0,0.002107673984603122569608801839535772160161,,degree Celsius,Version 1.0,Temperature Standard Error  (NEON.DOC.000652),Level-1 FIU measurement stream readout type
2014-04-03 02:30:00.0,2014-04-03 03:00:00.0,1800,,none,Version 1.0,Number of points used in data product mean value,Level-1 FIU measurement stream readout type
2014-04-03 02:30:00.0,2014-04-03 03:00:00.0,19.67369310259449477484849921893328428268,,degree Celsius,Version 1.0,Temperature Mean (NEON.DOC.000646),Level-1 FIU measurement stream readout type
2014-04-03 03:00:00.0,2014-04-03 03:30:00.0,19.40479203266036378749959112610667943954,,degree Celsius,Version 1.0,Temperature Mean (NEON.DOC.000646),Level-1 FIU measurement stream readout type
2014-04-03 03:00:00.0,2014-04-03 03:30:00.0,0.003410575878833750889523868110586590773891,,degree Celsius,Version 1.0,Temperature Standard Error  (NEON.DOC.000652),Level-1 FIU measurement stream readout type
2014-04-03 03:00:00.0,2014-04-03 03:30:00.0,1800,,none,Version 1.0,Number of points used in data product mean value,Level-1 FIU measurement stream readout type
2014-04-03 03:00:00.0,2014-04-03 03:30:00.0,0.0116656085130014911671603172749200894031,,degree Celsius,Version 1.0,Temperature Expanded Uncertainty (NEON.DOC.000646),Level-1 FIU measurement stream readout type
2014-04-03 03:30:00.0,2014-04-03 04:00:00.0,1800,,none,Version 1.0,Number of points used in data product mean value,Level-1 FIU measurement stream readout type
2014-04-03 03:30:00.0,2014-04-03 04:00:00.0,0.0135928761565193706450926924844679888337,,degree Celsius,Version 1.0,Temperature Expanded Uncertainty (NEON.DOC.000646),Level-1 FIU measurement stream readout type
2014-04-03 03:30:00.0,2014-04-03 04:00:00.0,0.004903288010306866041843054659921108395792,,degree Celsius,Version 1.0,Temperature Standard Error  (NEON.DOC.000652),Level-1 FIU measurement stream readout type
2014-04-03 03:30:00.0,2014-04-03 04:00:00.0,18.98815897348358561202985583804547786712,,degree Celsius,Version 1.0,Temperature Mean (NEON.DOC.000646),Level-1 FIU measurement stream readout type
2014-04-03 04:00:00.0,2014-04-03 04:30:00.0,1800,,none,Version 1.0,Number of points used in data product mean value,Level-1 FIU measurement stream readout type
2014-04-03 04:00:00.0,2014-04-03 04:30:00.0,18.49241950553837554593883396591991186141,,degree Celsius,Version 1.0,Temperature Mean (NEON.DOC.000646),Level-1 FIU measurement stream readout type
2014-04-03 04:00:00.0,2014-04-03 04:30:00.0,0.003383986520837439001402335847501490206923,,degree Celsius,Version 1.0,Temperature Standard Error  (NEON.DOC.000652),Level-1 FIU measurement stream readout type
2014-04-03 04:00:00.0,2014-04-03 04:30:00.0,0.0116179085011175204505962099688076705206,,degree Celsius,Version 1.0,Temperature Expanded Uncertainty (NEON.DOC.000646),Level-1 FIU measurement stream readout type
2014-04-03 04:30:00.0,2014-04-03 05:00:00.0,1800,,none,Version 1.0,Number of points used in data product mean value,Level-1 FIU measurement stream readout type
2014-04-03 04:30:00.0,2014-04-03 05:00:00.0,18.04655348628593358739635732490569353103,,degree Celsius,Version 1.0,Temperature Mean (NEON.DOC.000646),Level-1 FIU measurement stream readout type
2014-04-03 04:30:00.0,2014-04-03 05:00:00.0,0.002106614467675672636853834163161991455126,,degree Celsius,Version 1.0,Temperature Standard Error  (NEON.DOC.000652),Level-1 FIU measurement stream readout type
2014-04-03 04:30:00.0,2014-04-03 05:00:00.0,0.0103506622772714645258629317936538427602,,degree Celsius,Version 1.0,Temperature Expanded Uncertainty (NEON.DOC.000646),Level-1 FIU measurement stream readout type
2014-04-03 05:00:00.0,2014-04-03 05:30:00.0,0.003428989919088016972981147745258567738346,,degree Celsius,Version 1.0,Temperature Standard Error  (NEON.DOC.000652),Level-1 FIU measurement stream readout type
2014-04-03 05:00:00.0,2014-04-03 05:30:00.0,1800,,none,Version 1.0,Number of points used in data product mean value,Level-1 FIU measurement stream readout type
2014-04-03 05:00:00.0,2014-04-03 05:30:00.0,0.0116586998076531247331422136426226643379,,degree Celsius,Version 1.0,Temperature Expanded Uncertainty (NEON.DOC.000646),Level-1 FIU measurement stream readout type
2014-04-03 05:00:00.0,2014-04-03 05:30:00.0,17.88328547596012896292450022883713245391,,degree Celsius,Version 1.0,Temperature Mean (NEON.DOC.000646),Level-1 FIU measurement stream readout type
2014-04-03 05:30:00.0,2014-04-03 06:00:00.0,17.69452478668770822878286708146333694458,,degree Celsius,Version 1.0,Temperature Mean (NEON.DOC.000646),Level-1 FIU measurement stream readout type
2014-04-03 05:30:00.0,2014-04-03 06:00:00.0,1800,,none,Version 1.0,Number of points used in data product mean value,Level-1 FIU measurement stream readout type
2014-04-03 05:30:00.0,2014-04-03 06:00:00.0,0.0106649585658802181081794557826469826977,,degree Celsius,Version 1.0,Temperature Expanded Uncertainty (NEON.DOC.000646),Level-1 FIU measurement stream readout type
2014-04-03 05:30:00.0,2014-04-03 06:00:00.0,0.00248047238463942627123559603319336019922,,degree Celsius,Version 1.0,Temperature Standard Error  (NEON.DOC.000652),Level-1 FIU measurement stream readout type
2014-04-03 06:00:00.0,2014-04-03 06:30:00.0,1800,,none,Version 1.0,Number of points used in data product mean value,Level-1 FIU measurement stream readout type
2014-04-03 06:00:00.0,2014-04-03 06:30:00.0,17.39126029085175062505186360795050859451,,degree Celsius,Version 1.0,Temperature Mean (NEON.DOC.000646),Level-1 FIU measurement stream readout type
2014-04-03 06:00:00.0,2014-04-03 06:30:00.0,0.0108262044920797648184240813407086534425,,degree Celsius,Version 1.0,Temperature Expanded Uncertainty (NEON.DOC.000646),Level-1 FIU measurement stream readout type
2014-04-03 06:00:00.0,2014-04-03 06:30:00.0,0.002657980723971172399427986832165515806991,,degree Celsius,Version 1.0,Temperature Standard Error  (NEON.DOC.000652),Level-1 FIU measurement stream readout type
2014-04-03 06:30:00.0,2014-04-03 07:00:00.0,17.21274021685492172650810971390455961227,,degree Celsius,Version 1.0,Temperature Mean (NEON.DOC.000646),Level-1 FIU measurement stream readout type
2014-04-03 06:30:00.0,2014-04-03 07:00:00.0,1800,,none,Version 1.0,Number of points used in data product mean value,Level-1 FIU measurement stream readout type
2014-04-03 06:30:00.0,2014-04-03 07:00:00.0,0.002444592999786513766447004769588602357544,,degree Celsius,Version 1.0,Temperature Standard Error  (NEON.DOC.000652),Level-1 FIU measurement stream readout type
2014-04-03 06:30:00.0,2014-04-03 07:00:00.0,0.0106230262062300111897128473970042250584,,degree Celsius,Version 1.0,Temperature Expanded Uncertainty (NEON.DOC.000646),Level-1 FIU measurement stream readout type
2014-04-03 07:00:00.0,2014-04-03 07:30:00.0,1800,,none,Version 1.0,Number of points used in data product mean value,Level-1 FIU measurement stream readout type
2014-04-03 07:00:00.0,2014-04-03 07:30:00.0,0.0107017883262169356817228305089884088374,,degree Celsius,Version 1.0,Temperature Expanded Uncertainty (NEON.DOC.000646),Level-1 FIU measurement stream readout type
2014-04-03 07:00:00.0,2014-04-03 07:30:00.0,0.002535362594014402108644201661036277073435,,degree Celsius,Version 1.0,Temperature Standard Error  (NEON.DOC.000652),Level-1 FIU measurement stream readout type
2014-04-03 07:00:00.0,2014-04-03 07:30:00.0,16.95485325966734180269668286200612783432,,degree Celsius,Version 1.0,Temperature Mean (NEON.DOC.000646),Level-1 FIU measurement stream readout type
2014-04-03 07:30:00.0,2014-04-03 08:00:00.0,0.0124194928922533240345238425561547046527,,degree Celsius,Version 1.0,Temperature Expanded Uncertainty (NEON.DOC.000646),Level-1 FIU measurement stream readout type
2014-04-03 07:30:00.0,2014-04-03 08:00:00.0,1800,,none,Version 1.0,Number of points used in data product mean value,Level-1 FIU measurement stream readout type
2014-04-03 07:30:00.0,2014-04-03 08:00:00.0,0.004066163193362559713506243497249670326709,,degree Celsius,Version 1.0,Temperature Standard Error  (NEON.DOC.000652),Level-1 FIU measurement stream readout type
2014-04-03 07:30:00.0,2014-04-03 08:00:00.0,16.7796136366783485982523416168987751007,,degree Celsius,Version 1.0,Temperature Mean (NEON.DOC.000646),Level-1 FIU measurement stream readout type
2014-04-03 08:00:00.0,2014-04-03 08:30:00.0,0.0143837194929139107479887371709992294199,,degree Celsius,Version 1.0,Temperature Expanded Uncertainty (NEON.DOC.000646),Level-1 FIU measurement stream readout type
2014-04-03 08:00:00.0,2014-04-03 08:30:00.0,0.005467546602780696228529588864830657257698,,degree Celsius,Version 1.0,Temperature Standard Error  (NEON.DOC.000652),Level-1 FIU measurement stream readout type
2014-04-03 08:00:00.0,2014-04-03 08:30:00.0,1800,,none,Version 1.0,Number of points used in data product mean value,Level-1 FIU measurement stream readout type
2014-04-03 08:00:00.0,2014-04-03 08:30:00.0,16.72822495547488941269875795114785432815,,degree Celsius,Version 1.0,Temperature Mean (NEON.DOC.000646),Level-1 FIU measurement stream readout type
2014-04-03 08:30:00.0,2014-04-03 09:00:00.0,16.7805959207039911973424750613048672676,,degree Celsius,Version 1.0,Temperature Mean (NEON.DOC.000646),Level-1 FIU measurement stream readout type
2014-04-03 08:30:00.0,2014-04-03 09:00:00.0,0.003009280119293648338152369348108550184406,,degree Celsius,Version 1.0,Temperature Standard Error  (NEON.DOC.000652),Level-1 FIU measurement stream readout type
2014-04-03 08:30:00.0,2014-04-03 09:00:00.0,0.0111712169549497974951890455486136488616,,degree Celsius,Version 1.0,Temperature Expanded Uncertainty (NEON.DOC.000646),Level-1 FIU measurement stream readout type
2014-04-03 08:30:00.0,2014-04-03 09:00:00.0,1800,,none,Version 1.0,Number of points used in data product mean value,Level-1 FIU measurement stream readout type
2014-04-03 09:00:00.0,2014-04-03 09:30:00.0,0.0102138388749067471339415646980341989547,,degree Celsius,Version 1.0,Temperature Expanded Uncertainty (NEON.DOC.000646),Level-1 FIU measurement stream readout type
2014-04-03 09:00:00.0,2014-04-03 09:30:00.0,0.001964800086895864689173762940299639012664,,degree Celsius,Version 1.0,Temperature Standard Error  (NEON.DOC.000652),Level-1 FIU measurement stream readout type
2014-04-03 09:00:00.0,2014-04-03 09:30:00.0,1800,,none,Version 1.0,Number of points used in data product mean value,Level-1 FIU measurement stream readout type
2014-04-03 09:00:00.0,2014-04-03 09:30:00.0,16.80262671158784115732487407512962818145,,degree Celsius,Version 1.0,Temperature Mean (NEON.DOC.000646),Level-1 FIU measurement stream readout type
2014-04-03 09:30:00.0,2014-04-03 10:00:00.0,1800,,none,Version 1.0,Number of points used in data product mean value,Level-1 FIU measurement stream readout type
2014-04-03 09:30:00.0,2014-04-03 10:00:00.0,16.71446891184335115099202084820717573165,,degree Celsius,Version 1.0,Temperature Mean (NEON.DOC.000646),Level-1 FIU measurement stream readout type
2014-04-03 09:30:00.0,2014-04-03 10:00:00.0,0.004132922691535042582222647666867487714625,,degree Celsius,Version 1.0,Temperature Standard Error  (NEON.DOC.000652),Level-1 FIU measurement stream readout type
2014-04-03 09:30:00.0,2014-04-03 10:00:00.0,0.0125044464449168349351459994522883789613,,degree Celsius,Version 1.0,Temperature Expanded Uncertainty (NEON.DOC.000646),Level-1 FIU measurement stream readout type
2014-04-03 10:00:00.0,2014-04-03 10:30:00.0,16.47375503160361631671548821032047271728,,degree Celsius,Version 1.0,Temperature Mean (NEON.DOC.000646),Level-1 FIU measurement stream readout type
2014-04-03 10:00:00.0,2014-04-03 10:30:00.0,0.005473852820420867064388215084136390942148,,degree Celsius,Version 1.0,Temperature Standard Error  (NEON.DOC.000652),Level-1 FIU measurement stream readout type
2014-04-03 10:00:00.0,2014-04-03 10:30:00.0,1800,,none,Version 1.0,Number of points used in data product mean value,Level-1 FIU measurement stream readout type
2014-04-03 10:00:00.0,2014-04-03 10:30:00.0,0.0143868317685177191794787532330701651517,,degree Celsius,Version 1.0,Temperature Expanded Uncertainty (NEON.DOC.000646),Level-1 FIU measurement stream readout type
2014-04-03 10:30:00.0,2014-04-03 11:00:00.0,0.003150358816282604682013079866464977385476,,degree Celsius,Version 1.0,Temperature Standard Error  (NEON.DOC.000652),Level-1 FIU measurement stream readout type
2014-04-03 10:30:00.0,2014-04-03 11:00:00.0,0.0113057494406781262885619554481309023685,,degree Celsius,Version 1.0,Temperature Expanded Uncertainty (NEON.DOC.000646),Level-1 FIU measurement stream readout type
2014-04-03 10:30:00.0,2014-04-03 11:00:00.0,1800,,none,Version 1.0,Number of points used in data product mean value,Level-1 FIU measurement stream readout type
2014-04-03 10:30:00.0,2014-04-03 11:00:00.0,15.93680335838738315601403883192688226699,,degree Celsius,Version 1.0,Temperature Mean (NEON.DOC.000646),Level-1 FIU measurement stream readout type
2014-04-03 11:00:00.0,2014-04-03 11:30:00.0,0.001890457459769020282999707482929352408973,,degree Celsius,Version 1.0,Temperature Standard Error  (NEON.DOC.000652),Level-1 FIU measurement stream readout type
2014-04-03 11:00:00.0,2014-04-03 11:30:00.0,15.41266091901031565214452712098136544227,,degree Celsius,Version 1.0,Temperature Mean (NEON.DOC.000646),Level-1 FIU measurement stream readout type
2014-04-03 11:00:00.0,2014-04-03 11:30:00.0,1800,,none,Version 1.0,Number of points used in data product mean value,Level-1 FIU measurement stream readout type
2014-04-03 11:00:00.0,2014-04-03 11:30:00.0,0.0101289783517875178059375329553404299076,,degree Celsius,Version 1.0,Temperature Expanded Uncertainty (NEON.DOC.000646),Level-1 FIU measurement stream readout type
2014-04-03 11:30:00.0,2014-04-03 12:00:00.0,1800,,none,Version 1.0,Number of points used in data product mean value,Level-1 FIU measurement stream readout type
2014-04-03 11:30:00.0,2014-04-03 12:00:00.0,0.0131978505359696927923263132242936990223,,degree Celsius,Version 1.0,Temperature Expanded Uncertainty (NEON.DOC.000646),Level-1 FIU measurement stream readout type
2014-04-03 11:30:00.0,2014-04-03 12:00:00.0,15.06532799138878253586426581023260951042,,degree Celsius,Version 1.0,Temperature Mean (NEON.DOC.000646),Level-1 FIU measurement stream readout type
2014-04-03 11:30:00.0,2014-04-03 12:00:00.0,0.004666649209701299871877466785008437000215,,degree Celsius,Version 1.0,Temperature Standard Error  (NEON.DOC.000652),Level-1 FIU measurement stream readout type
2014-04-03 12:00:00.0,2014-04-03 12:30:00.0,1800,,none,Version 1.0,Number of points used in data product mean value,Level-1 FIU measurement stream readout type
2014-04-03 12:00:00.0,2014-04-03 12:30:00.0,15.3319120880098846981809401768259704113,,degree Celsius,Version 1.0,Temperature Mean (NEON.DOC.000646),Level-1 FIU measurement stream readout type
2014-04-03 12:00:00.0,2014-04-03 12:30:00.0,0.0145460179405707025479532745748656452633,,degree Celsius,Version 1.0,Temperature Expanded Uncertainty (NEON.DOC.000646),Level-1 FIU measurement stream readout type
2014-04-03 12:00:00.0,2014-04-03 12:30:00.0,0.005588785662253184342851408672459001536481,,degree Celsius,Version 1.0,Temperature Standard Error  (NEON.DOC.000652),Level-1 FIU measurement stream readout type
2014-04-03 12:30:00.0,2014-04-03 13:00:00.0,16.31353663735766090780998638365417718887,,degree Celsius,Version 1.0,Temperature Mean (NEON.DOC.000646),Level-1 FIU measurement stream readout type
2014-04-03 12:30:00.0,2014-04-03 13:00:00.0,1800,,none,Version 1.0,Number of points used in data product mean value,Level-1 FIU measurement stream readout type
2014-04-03 12:30:00.0,2014-04-03 13:00:00.0,0.0190206798240125582455384289914945838972,,degree Celsius,Version 1.0,Temperature Expanded Uncertainty (NEON.DOC.000646),Level-1 FIU measurement stream readout type
2014-04-03 12:30:00.0,2014-04-03 13:00:00.0,0.008321450951374971191643048484820610610768,,degree Celsius,Version 1.0,Temperature Standard Error  (NEON.DOC.000652),Level-1 FIU measurement stream readout type
2014-04-03 13:00:00.0,2014-04-03 13:30:00.0,0.0296904883546329143029218755600595613941,,degree Celsius,Version 1.0,Temperature Expanded Uncertainty (NEON.DOC.000646),Level-1 FIU measurement stream readout type
2014-04-03 13:00:00.0,2014-04-03 13:30:00.0,17.96206229722319847041944740340113639831,,degree Celsius,Version 1.0,Temperature Mean (NEON.DOC.000646),Level-1 FIU measurement stream readout type
2014-04-03 13:00:00.0,2014-04-03 13:30:00.0,1800,,none,Version 1.0,Number of points used in data product mean value,Level-1 FIU measurement stream readout type
2014-04-03 13:00:00.0,2014-04-03 13:30:00.0,0.0141802706718191524198902087050555564928,,degree Celsius,Version 1.0,Temperature Standard Error  (NEON.DOC.000652),Level-1 FIU measurement stream readout type
2014-04-03 13:30:00.0,2014-04-03 14:00:00.0,0.0211542146042734621746994605473446426913,,degree Celsius,Version 1.0,Temperature Expanded Uncertainty (NEON.DOC.000646),Level-1 FIU measurement stream readout type
2014-04-03 13:30:00.0,2014-04-03 14:00:00.0,0.009523467522672081700396695680410630302503,,degree Celsius,Version 1.0,Temperature Standard Error  (NEON.DOC.000652),Level-1 FIU measurement stream readout type
2014-04-03 13:30:00.0,2014-04-03 14:00:00.0,19.54281316962262948777606652583926916122,,degree Celsius,Version 1.0,Temperature Mean (NEON.DOC.000646),Level-1 FIU measurement stream readout type
2014-04-03 13:30:00.0,2014-04-03 14:00:00.0,1800,,none,Version 1.0,Number of points used in data product mean value,Level-1 FIU measurement stream readout type
2014-04-03 14:00:00.0,2014-04-03 14:30:00.0,20.84066789560600696518122276756912469863,,degree Celsius,Version 1.0,Temperature Mean (NEON.DOC.000646),Level-1 FIU measurement stream readout type
2014-04-03 14:00:00.0,2014-04-03 14:30:00.0,0.0176457196562406944118084339834240381605,,degree Celsius,Version 1.0,Temperature Expanded Uncertainty (NEON.DOC.000646),Level-1 FIU measurement stream readout type
2014-04-03 14:00:00.0,2014-04-03 14:30:00.0,0.007480148095254347644089687463520021992735,,degree Celsius,Version 1.0,Temperature Standard Error  (NEON.DOC.000652),Level-1 FIU measurement stream readout type
2014-04-03 14:00:00.0,2014-04-03 14:30:00.0,1800,,none,Version 1.0,Number of points used in data product mean value,Level-1 FIU measurement stream readout type
2014-04-03 14:30:00.0,2014-04-03 15:00:00.0,1800,,none,Version 1.0,Number of points used in data product mean value,Level-1 FIU measurement stream readout type
2014-04-03 14:30:00.0,2014-04-03 15:00:00.0,21.98083850357475910186622058972716331481,,degree Celsius,Version 1.0,Temperature Mean (NEON.DOC.000646),Level-1 FIU measurement stream readout type
2014-04-03 14:30:00.0,2014-04-03 15:00:00.0,0.0169903219260099588860946084878378314897,,degree Celsius,Version 1.0,Temperature Expanded Uncertainty (NEON.DOC.000646),Level-1 FIU measurement stream readout type
2014-04-03 14:30:00.0,2014-04-03 15:00:00.0,0.007074977633331040911823794914425889146514,,degree Celsius,Version 1.0,Temperature Standard Error  (NEON.DOC.000652),Level-1 FIU measurement stream readout type
2014-04-03 15:00:00.0,2014-04-03 15:30:00.0,1800,,none,Version 1.0,Number of points used in data product mean value,Level-1 FIU measurement stream readout type
2014-04-03 15:00:00.0,2014-04-03 15:30:00.0,0.007418231261279053904977853761693040723912,,degree Celsius,Version 1.0,Temperature Standard Error  (NEON.DOC.000652),Level-1 FIU measurement stream readout type
2014-04-03 15:00:00.0,2014-04-03 15:30:00.0,0.0175700002057765300444991396489058388397,,degree Celsius,Version 1.0,Temperature Expanded Uncertainty (NEON.DOC.000646),Level-1 FIU measurement stream readout type
2014-04-03 15:00:00.0,2014-04-03 15:30:00.0,22.68316117335661274978519941214472055435,,degree Celsius,Version 1.0,Temperature Mean (NEON.DOC.000646),Level-1 FIU measurement stream readout type
2014-04-03 15:30:00.0,2014-04-03 16:00:00.0,0.007910169129553265565668596082105068489909,,degree Celsius,Version 1.0,Temperature Standard Error  (NEON.DOC.000652),Level-1 FIU measurement stream readout type
2014-04-03 15:30:00.0,2014-04-03 16:00:00.0,0.0183994901467538322925587834788530017249,,degree Celsius,Version 1.0,Temperature Expanded Uncertainty (NEON.DOC.000646),Level-1 FIU measurement stream readout type
2014-04-03 15:30:00.0,2014-04-03 16:00:00.0,23.39370193509380868590596946887671947479,,degree Celsius,Version 1.0,Temperature Mean (NEON.DOC.000646),Level-1 FIU measurement stream readout type
2014-04-03 15:30:00.0,2014-04-03 16:00:00.0,1800,,none,Version 1.0,Number of points used in data product mean value,Level-1 FIU measurement stream readout type
2014-04-03 16:00:00.0,2014-04-03 16:30:00.0,23.98106778314919651506897935178130865097,,degree Celsius,Version 1.0,Temperature Mean (NEON.DOC.000646),Level-1 FIU measurement stream readout type
2014-04-03 16:00:00.0,2014-04-03 16:30:00.0,1800,,none,Version 1.0,Number of points used in data product mean value,Level-1 FIU measurement stream readout type
2014-04-03 16:00:00.0,2014-04-03 16:30:00.0,0.007652630710337350247729482077829743502661,,degree Celsius,Version 1.0,Temperature Standard Error  (NEON.DOC.000652),Level-1 FIU measurement stream readout type
2014-04-03 16:00:00.0,2014-04-03 16:30:00.0,0.0179727202337491946682046517480557668022,,degree Celsius,Version 1.0,Temperature Expanded Uncertainty (NEON.DOC.000646),Level-1 FIU measurement stream readout type
2014-04-03 16:30:00.0,2014-04-03 17:00:00.0,0.00848858814188944814371762248583763721399,,degree Celsius,Version 1.0,Temperature Standard Error  (NEON.DOC.000652),Level-1 FIU measurement stream readout type
2014-04-03 16:30:00.0,2014-04-03 17:00:00.0,1800,,none,Version 1.0,Number of points used in data product mean value,Level-1 FIU measurement stream readout type
2014-04-03 16:30:00.0,2014-04-03 17:00:00.0,24.66769368325608624559208692517131567001,,degree Celsius,Version 1.0,Temperature Mean (NEON.DOC.000646),Level-1 FIU measurement stream readout type
2014-04-03 16:30:00.0,2014-04-03 17:00:00.0,0.0194009552498296995726168034934744355268,,degree Celsius,Version 1.0,Temperature Expanded Uncertainty (NEON.DOC.000646),Level-1 FIU measurement stream readout type
2014-04-03 17:00:00.0,2014-04-03 17:30:00.0,0.0180096337686578428227690551466366741806,,degree Celsius,Version 1.0,Temperature Expanded Uncertainty (NEON.DOC.000646),Level-1 FIU measurement stream readout type
2014-04-03 17:00:00.0,2014-04-03 17:30:00.0,25.17396536133890805331247975118458271026,,degree Celsius,Version 1.0,Temperature Mean (NEON.DOC.000646),Level-1 FIU measurement stream readout type
2014-04-03 17:00:00.0,2014-04-03 17:30:00.0,0.00766531557394472921884709393225421081297,,degree Celsius,Version 1.0,Temperature Standard Error  (NEON.DOC.000652),Level-1 FIU measurement stream readout type
2014-04-03 17:00:00.0,2014-04-03 17:30:00.0,1800,,none,Version 1.0,Number of points used in data product mean value,Level-1 FIU measurement stream readout type
2014-04-03 17:30:00.0,2014-04-03 18:00:00.0,25.77183570278810265108404564671218395233,,degree Celsius,Version 1.0,Temperature Mean (NEON.DOC.000646),Level-1 FIU measurement stream readout type
2014-04-03 17:30:00.0,2014-04-03 18:00:00.0,0.009382835014495525399746966854763741139322,,degree Celsius,Version 1.0,Temperature Standard Error  (NEON.DOC.000652),Level-1 FIU measurement stream readout type
2014-04-03 17:30:00.0,2014-04-03 18:00:00.0,1800,,none,Version 1.0,Number of points used in data product mean value,Level-1 FIU measurement stream readout type
2014-04-03 17:30:00.0,2014-04-03 18:00:00.0,0.020974035207121936169594178522856964264,,degree Celsius,Version 1.0,Temperature Expanded Uncertainty (NEON.DOC.000646),Level-1 FIU measurement stream readout type
2014-04-03 18:00:00.0,2014-04-03 18:30:00.0,1800,,none,Version 1.0,Number of points used in data product mean value,Level-1 FIU measurement stream readout type
2014-04-03 18:00:00.0,2014-04-03 18:30:00.0,0.0193905083039440651049289954244159162044,,degree Celsius,Version 1.0,Temperature Expanded Uncertainty (NEON.DOC.000646),Level-1 FIU measurement stream readout type
2014-04-03 18:00:00.0,2014-04-03 18:30:00.0,0.008465908773299970352388399419396591838449,,degree Celsius,Version 1.0,Temperature Standard Error  (NEON.DOC.000652),Level-1 FIU measurement stream readout type
2014-04-03 18:00:00.0,2014-04-03 18:30:00.0,26.8443440667298993673739460064098238945,,degree Celsius,Version 1.0,Temperature Mean (NEON.DOC.000646),Level-1 FIU measurement stream readout type
2014-04-03 18:30:00.0,2014-04-03 19:00:00.0,0.008332207170949549115968046919533662730827,,degree Celsius,Version 1.0,Temperature Standard Error  (NEON.DOC.000652),Level-1 FIU measurement stream readout type
2014-04-03 18:30:00.0,2014-04-03 19:00:00.0,0.0191623050784515275291042257777007762342,,degree Celsius,Version 1.0,Temperature Expanded Uncertainty (NEON.DOC.000646),Level-1 FIU measurement stream readout type
2014-04-03 18:30:00.0,2014-04-03 19:00:00.0,1800,,none,Version 1.0,Number of points used in data product mean value,Level-1 FIU measurement stream readout type
2014-04-03 18:30:00.0,2014-04-03 19:00:00.0,27.12088090949341534496852545998990535736,,degree Celsius,Version 1.0,Temperature Mean (NEON.DOC.000646),Level-1 FIU measurement stream readout type
2014-04-03 19:00:00.0,2014-04-03 19:30:00.0,1800,,none,Version 1.0,Number of points used in data product mean value,Level-1 FIU measurement stream readout type
2014-04-03 19:00:00.0,2014-04-03 19:30:00.0,0.0225290772983922742145335149643869954161,,degree Celsius,Version 1.0,Temperature Expanded Uncertainty (NEON.DOC.000646),Level-1 FIU measurement stream readout type
2014-04-03 19:00:00.0,2014-04-03 19:30:00.0,0.0102475899689486345256472787923485157079,,degree Celsius,Version 1.0,Temperature Standard Error  (NEON.DOC.000652),Level-1 FIU measurement stream readout type
2014-04-03 19:00:00.0,2014-04-03 19:30:00.0,27.29380251793867984133612480945885181427,,degree Celsius,Version 1.0,Temperature Mean (NEON.DOC.000646),Level-1 FIU measurement stream readout type
2014-04-03 19:30:00.0,2014-04-03 20:00:00.0,0.00776974444136047711489956313357652106788,,degree Celsius,Version 1.0,Temperature Standard Error  (NEON.DOC.000652),Level-1 FIU measurement stream readout type
2014-04-03 19:30:00.0,2014-04-03 20:00:00.0,1800,,none,Version 1.0,Number of points used in data product mean value,Level-1 FIU measurement stream readout type
2014-04-03 19:30:00.0,2014-04-03 20:00:00.0,0.0182174161174243343097600700275506824254,,degree Celsius,Version 1.0,Temperature Expanded Uncertainty (NEON.DOC.000646),Level-1 FIU measurement stream readout type
2014-04-03 19:30:00.0,2014-04-03 20:00:00.0,27.5449047913876654547493671998381614685,,degree Celsius,Version 1.0,Temperature Mean (NEON.DOC.000646),Level-1 FIU measurement stream readout type
2014-04-03 20:00:00.0,2014-04-03 20:30:00.0,0.008077979945828032970478460583763080649077,,degree Celsius,Version 1.0,Temperature Standard Error  (NEON.DOC.000652),Level-1 FIU measurement stream readout type
2014-04-03 20:00:00.0,2014-04-03 20:30:00.0,28.1309897084428399693933897651731967926,,degree Celsius,Version 1.0,Temperature Mean (NEON.DOC.000646),Level-1 FIU measurement stream readout type
2014-04-03 20:00:00.0,2014-04-03 20:30:00.0,1800,,none,Version 1.0,Number of points used in data product mean value,Level-1 FIU measurement stream readout type
2014-04-03 20:00:00.0,2014-04-03 20:30:00.0,0.0187439145293956596627360511320148361846,,degree Celsius,Version 1.0,Temperature Expanded Uncertainty (NEON.DOC.000646),Level-1 FIU measurement stream readout type
2014-04-03 20:30:00.0,2014-04-03 21:00:00.0,1800,,none,Version 1.0,Number of points used in data product mean value,Level-1 FIU measurement stream readout type
2014-04-03 20:30:00.0,2014-04-03 21:00:00.0,0.007044941241752963878575144462956814095377,,degree Celsius,Version 1.0,Temperature Standard Error  (NEON.DOC.000652),Level-1 FIU measurement stream readout type
2014-04-03 20:30:00.0,2014-04-03 21:00:00.0,0.0170237223961833272767307789763435721397,,degree Celsius,Version 1.0,Temperature Expanded Uncertainty (NEON.DOC.000646),Level-1 FIU measurement stream readout type
2014-04-03 20:30:00.0,2014-04-03 21:00:00.0,28.29105052643729933947724930476397275924,,degree Celsius,Version 1.0,Temperature Mean (NEON.DOC.000646),Level-1 FIU measurement stream readout type
2014-04-03 21:00:00.0,2014-04-03 21:30:00.0,0.005552078898499590055293229085009443224407,,degree Celsius,Version 1.0,Temperature Standard Error  (NEON.DOC.000652),Level-1 FIU measurement stream readout type
2014-04-03 21:00:00.0,2014-04-03 21:30:00.0,0.0146855960209088011458877787163146422244,,degree Celsius,Version 1.0,Temperature Expanded Uncertainty (NEON.DOC.000646),Level-1 FIU measurement stream readout type
2014-04-03 21:00:00.0,2014-04-03 21:30:00.0,1800,,none,Version 1.0,Number of points used in data product mean value,Level-1 FIU measurement stream readout type
2014-04-03 21:00:00.0,2014-04-03 21:30:00.0,28.38541533747682876764883985742926597595,,degree Celsius,Version 1.0,Temperature Mean (NEON.DOC.000646),Level-1 FIU measurement stream readout type
2014-04-03 21:30:00.0,2014-04-03 22:00:00.0,0.003068754230642593925498795570661059173289,,degree Celsius,Version 1.0,Temperature Standard Error  (NEON.DOC.000652),Level-1 FIU measurement stream readout type
2014-04-03 21:30:00.0,2014-04-03 22:00:00.0,1800,,none,Version 1.0,Number of points used in data product mean value,Level-1 FIU measurement stream readout type
2014-04-03 21:30:00.0,2014-04-03 22:00:00.0,0.0114620559735342138207858653231596690602,,degree Celsius,Version 1.0,Temperature Expanded Uncertainty (NEON.DOC.000646),Level-1 FIU measurement stream readout type
2014-04-03 21:30:00.0,2014-04-03 22:00:00.0,28.59701888863529717355049797333776950836,,degree Celsius,Version 1.0,Temperature Mean (NEON.DOC.000646),Level-1 FIU measurement stream readout type
2014-04-03 22:00:00.0,2014-04-03 22:30:00.0,0.0105338133480835701577538188189464563038,,degree Celsius,Version 1.0,Temperature Expanded Uncertainty (NEON.DOC.000646),Level-1 FIU measurement stream readout type
2014-04-03 22:00:00.0,2014-04-03 22:30:00.0,28.57333441767836745839304057881236076354,,degree Celsius,Version 1.0,Temperature Mean (NEON.DOC.000646),Level-1 FIU measurement stream readout type
2014-04-03 22:00:00.0,2014-04-03 22:30:00.0,1800,,none,Version 1.0,Number of points used in data product mean value,Level-1 FIU measurement stream readout type
2014-04-03 22:00:00.0,2014-04-03 22:30:00.0,0.002057136638531424557146953802089228702243,,degree Celsius,Version 1.0,Temperature Standard Error  (NEON.DOC.000652),Level-1 FIU measurement stream readout type
2014-04-03 22:30:00.0,2014-04-03 23:00:00.0,1800,,none,Version 1.0,Number of points used in data product mean value,Level-1 FIU measurement stream readout type
2014-04-03 22:30:00.0,2014-04-03 23:00:00.0,0.0142559031546105746679486969696881715208,,degree Celsius,Version 1.0,Temperature Expanded Uncertainty (NEON.DOC.000646),Level-1 FIU measurement stream readout type
2014-04-03 22:30:00.0,2014-04-03 23:00:00.0,28.1483710421687263192325190175324678421,,degree Celsius,Version 1.0,Temperature Mean (NEON.DOC.000646),Level-1 FIU measurement stream readout type
2014-04-03 22:30:00.0,2014-04-03 23:00:00.0,0.005264500933160838613833476529180188663303,,degree Celsius,Version 1.0,Temperature Standard Error  (NEON.DOC.000652),Level-1 FIU measurement stream readout type
2014-04-03 23:00:00.0,2014-04-03 23:30:00.0,0.0128508804628581132373232875920621154364,,degree Celsius,Version 1.0,Temperature Standard Error  (NEON.DOC.000652),Level-1 FIU measurement stream readout type
2014-04-03 23:00:00.0,2014-04-03 23:30:00.0,1798,,none,Version 1.0,Number of points used in data product mean value,Level-1 FIU measurement stream readout type
2014-04-03 23:00:00.0,2014-04-03 23:30:00.0,0.0272722651800528757826125314522869302891,,degree Celsius,Version 1.0,Temperature Expanded Uncertainty (NEON.DOC.000646),Level-1 FIU measurement stream readout type
2014-04-03 23:00:00.0,2014-04-03 23:30:00.0,26.17682877317313838716472673695534467697,,degree Celsius,Version 1.0,Temperature Mean (NEON.DOC.000646),Level-1 FIU measurement stream readout type
2014-04-03 23:30:00.0,2014-04-04 00:00:00.0,0.0175466751041145375966667785405661561526,,degree Celsius,Version 1.0,Temperature Expanded Uncertainty (NEON.DOC.000646),Level-1 FIU measurement stream readout type
2014-04-03 23:30:00.0,2014-04-04 00:00:00.0,24.88816163303469153333935537375509738922,,degree Celsius,Version 1.0,Temperature Mean (NEON.DOC.000646),Level-1 FIU measurement stream readout type
2014-04-03 23:30:00.0,2014-04-04 00:00:00.0,1800,,none,Version 1.0,Number of points used in data product mean value,Level-1 FIU measurement stream readout type
2014-04-03 23:30:00.0,2014-04-04 00:00:00.0,0.00739206197637416219381467641369454213418,,degree Celsius,Version 1.0,Temperature Standard Error  (NEON.DOC.000652),Level-1 FIU measurement stream readout type
2014-04-04 00:00:00.0,2014-04-04 00:30:00.0,0.006874474908620164560757448413141901255585,,degree Celsius,Version 1.0,Temperature Standard Error  (NEON.DOC.000652),Level-1 FIU measurement stream readout type
2014-04-04 00:00:00.0,2014-04-04 00:30:00.0,0.0166834350441579862267538203468575375154,,degree Celsius,Version 1.0,Temperature Expanded Uncertainty (NEON.DOC.000646),Level-1 FIU measurement stream readout type
2014-04-04 00:00:00.0,2014-04-04 00:30:00.0,1800,,none,Version 1.0,Number of points used in data product mean value,Level-1 FIU measurement stream readout type
2014-04-04 00:00:00.0,2014-04-04 00:30:00.0,23.85127700762322433547524269670248031616,,degree Celsius,Version 1.0,Temperature Mean (NEON.DOC.000646),Level-1 FIU measurement stream readout type
