# Data from NEON Inc.
# These data are provided under the terms of the NEON data policy included in this data download.
# Data Product ID: NEON.D10.RS1.DP1.00002.001.001.002.002
# Data Product Name: 30 minutes mean temperature tower level 2
# Site: Sterling Site, RELOCATABLE (CO)
# Geographic coordinates (lat/long): 40.4619/-103.0293
# Domain: Domain 10
# Query Citation Code: 3BEB957B3F4C4167BDE831A4953658E9
# Date-Time of Query Submission: 2014-07-10 16:32 (UTC)
# Start Date-Time for Data: 2014-04-03 00:00 (UTC)
# End Date-Time for Data: 2014-04-04 00:00 (UTC)
# 
### Sensor Metadata Below
### Sensor information: Thermometrics Climate RTD 100  Omega  Probe and Met One 076B aspirated radiation shield
### Units: deg C
### Sampling Rate (Hz): 1
### Assembly repeatability (precision) in deg C: 0.0025
### Assembly refers to the sensor(s) and relevant components (e.g. DAS); here repeatability represents the maximum expected assembly noise given at 95% confidence.
### Boom Level: 2
### Height Above Ground Level (m): 1.497
### Lat/Lon: 40.46187291/-103.0293535
### Threshold For Range test (Hard): min:  -89.2 (deg C) max:  56.7 (deg C)
### Threshold for Range test (soft): min: -54.4 (deg C) max: 46.1 (deg C)
### Threshold For Step test: 0.5 (deg C)
#
Start Date,End Date,Data 1,Data 2,Units,Readout Version,Value Name,Measurement Readout Type Name
2014-04-03 00:00:00.0,2014-04-03 00:30:00.0,1800,,none,Version 1.0,Number of points used in data product mean value,Temperature Mean measurement stream value type (NEON.DOC.000646)
2014-04-03 00:00:00.0,2014-04-03 00:30:00.0,0.004299450166408111048688134303574770456179,,degree Celsius,Version 1.0,Temperature Standard Error  (NEON.DOC.000652),Temperature Mean measurement stream value type (NEON.DOC.000646)
2014-04-03 00:00:00.0,2014-04-03 00:30:00.0,0.0125729314232393887124095144258717482443,,degree Celsius,Version 1.0,Temperature Expanded Uncertainty (NEON.DOC.000646),Temperature Mean measurement stream value type (NEON.DOC.000646)
2014-04-03 00:00:00.0,2014-04-03 00:30:00.0,7.20514630473554174017181139788590371608,,degree Celsius,Version 1.0,Temperature Mean (NEON.DOC.000646),Temperature Mean measurement stream value type (NEON.DOC.000646)
2014-04-03 00:30:00.0,2014-04-03 01:00:00.0,0.002843849646142998770920184981036982208024,,degree Celsius,Version 1.0,Temperature Standard Error  (NEON.DOC.000652),Temperature Mean measurement stream value type (NEON.DOC.000646)
2014-04-03 00:30:00.0,2014-04-03 01:00:00.0,0.0108080589296828313145004685225103457923,,degree Celsius,Version 1.0,Temperature Expanded Uncertainty (NEON.DOC.000646),Temperature Mean measurement stream value type (NEON.DOC.000646)
2014-04-03 00:30:00.0,2014-04-03 01:00:00.0,6.60038688816343910303885422763414680957,,degree Celsius,Version 1.0,Temperature Mean (NEON.DOC.000646),Temperature Mean measurement stream value type (NEON.DOC.000646)
2014-04-03 00:30:00.0,2014-04-03 01:00:00.0,1800,,none,Version 1.0,Number of points used in data product mean value,Temperature Mean measurement stream value type (NEON.DOC.000646)
2014-04-03 01:00:00.0,2014-04-03 01:30:00.0,1800,,none,Version 1.0,Number of points used in data product mean value,Temperature Mean measurement stream value type (NEON.DOC.000646)
2014-04-03 01:00:00.0,2014-04-03 01:30:00.0,6.14367837458857479759899433702230453491,,degree Celsius,Version 1.0,Temperature Mean (NEON.DOC.000646),Temperature Mean measurement stream value type (NEON.DOC.000646)
2014-04-03 01:00:00.0,2014-04-03 01:30:00.0,0.004314435729602526976844689698964430135674,,degree Celsius,Version 1.0,Temperature Standard Error  (NEON.DOC.000652),Temperature Mean measurement stream value type (NEON.DOC.000646)
2014-04-03 01:00:00.0,2014-04-03 01:30:00.0,0.0125728696924045750538123655815070378594,,degree Celsius,Version 1.0,Temperature Expanded Uncertainty (NEON.DOC.000646),Temperature Mean measurement stream value type (NEON.DOC.000646)
2014-04-03 01:30:00.0,2014-04-03 02:00:00.0,1800,,none,Version 1.0,Number of points used in data product mean value,Temperature Mean measurement stream value type (NEON.DOC.000646)
2014-04-03 01:30:00.0,2014-04-03 02:00:00.0,0.0228325623586475463799860818880915758199,,degree Celsius,Version 1.0,Temperature Expanded Uncertainty (NEON.DOC.000646),Temperature Mean measurement stream value type (NEON.DOC.000646)
2014-04-03 01:30:00.0,2014-04-03 02:00:00.0,0.0105340211185999104576138662991979799699,,degree Celsius,Version 1.0,Temperature Standard Error  (NEON.DOC.000652),Temperature Mean measurement stream value type (NEON.DOC.000646)
2014-04-03 01:30:00.0,2014-04-03 02:00:00.0,5.03884099689471032235132952337153255939,,degree Celsius,Version 1.0,Temperature Mean (NEON.DOC.000646),Temperature Mean measurement stream value type (NEON.DOC.000646)
2014-04-03 02:00:00.0,2014-04-03 02:30:00.0,0.007032309969154773403310354495943101937882,,degree Celsius,Version 1.0,Temperature Standard Error  (NEON.DOC.000652),Temperature Mean measurement stream value type (NEON.DOC.000646)
2014-04-03 02:00:00.0,2014-04-03 02:30:00.0,3.8937553544937051341889855393674224615,,degree Celsius,Version 1.0,Temperature Mean (NEON.DOC.000646),Temperature Mean measurement stream value type (NEON.DOC.000646)
2014-04-03 02:00:00.0,2014-04-03 02:30:00.0,1800,,none,Version 1.0,Number of points used in data product mean value,Temperature Mean measurement stream value type (NEON.DOC.000646)
2014-04-03 02:00:00.0,2014-04-03 02:30:00.0,0.0166913425386317412768555357160948915407,,degree Celsius,Version 1.0,Temperature Expanded Uncertainty (NEON.DOC.000646),Temperature Mean measurement stream value type (NEON.DOC.000646)
2014-04-03 02:30:00.0,2014-04-03 03:00:00.0,0.004136165825606944596026792737575306091457,,degree Celsius,Version 1.0,Temperature Standard Error  (NEON.DOC.000652),Temperature Mean measurement stream value type (NEON.DOC.000646)
2014-04-03 02:30:00.0,2014-04-03 03:00:00.0,1800,,none,Version 1.0,Number of points used in data product mean value,Temperature Mean measurement stream value type (NEON.DOC.000646)
2014-04-03 02:30:00.0,2014-04-03 03:00:00.0,2.87172684868591421292194354464299976825,,degree Celsius,Version 1.0,Temperature Mean (NEON.DOC.000646),Temperature Mean measurement stream value type (NEON.DOC.000646)
2014-04-03 02:30:00.0,2014-04-03 03:00:00.0,0.0122830253982745708080104307668989349622,,degree Celsius,Version 1.0,Temperature Expanded Uncertainty (NEON.DOC.000646),Temperature Mean measurement stream value type (NEON.DOC.000646)
2014-04-03 03:00:00.0,2014-04-03 03:30:00.0,1800,,none,Version 1.0,Number of points used in data product mean value,Temperature Mean measurement stream value type (NEON.DOC.000646)
2014-04-03 03:00:00.0,2014-04-03 03:30:00.0,0.00553280928095249962400670185047601989936,,degree Celsius,Version 1.0,Temperature Standard Error  (NEON.DOC.000652),Temperature Mean measurement stream value type (NEON.DOC.000646)
2014-04-03 03:00:00.0,2014-04-03 03:30:00.0,0.0142738886265510820511304146407383086625,,degree Celsius,Version 1.0,Temperature Expanded Uncertainty (NEON.DOC.000646),Temperature Mean measurement stream value type (NEON.DOC.000646)
2014-04-03 03:00:00.0,2014-04-03 03:30:00.0,1.99564364219060674798811305663548409938,,degree Celsius,Version 1.0,Temperature Mean (NEON.DOC.000646),Temperature Mean measurement stream value type (NEON.DOC.000646)
2014-04-03 03:30:00.0,2014-04-03 04:00:00.0,1.90489846800425355333175048144767060875,,degree Celsius,Version 1.0,Temperature Mean (NEON.DOC.000646),Temperature Mean measurement stream value type (NEON.DOC.000646)
2014-04-03 03:30:00.0,2014-04-03 04:00:00.0,1800,,none,Version 1.0,Number of points used in data product mean value,Temperature Mean measurement stream value type (NEON.DOC.000646)
2014-04-03 03:30:00.0,2014-04-03 04:00:00.0,0.0101461298728680923003642178059635625686,,degree Celsius,Version 1.0,Temperature Expanded Uncertainty (NEON.DOC.000646),Temperature Mean measurement stream value type (NEON.DOC.000646)
2014-04-03 03:30:00.0,2014-04-03 04:00:00.0,0.002247928360902181569441760089489434903953,,degree Celsius,Version 1.0,Temperature Standard Error  (NEON.DOC.000652),Temperature Mean measurement stream value type (NEON.DOC.000646)
2014-04-03 04:00:00.0,2014-04-03 04:30:00.0,1800,,none,Version 1.0,Number of points used in data product mean value,Temperature Mean measurement stream value type (NEON.DOC.000646)
2014-04-03 04:00:00.0,2014-04-03 04:30:00.0,0.0172455755189966433715831328754575224593,,degree Celsius,Version 1.0,Temperature Expanded Uncertainty (NEON.DOC.000646),Temperature Mean measurement stream value type (NEON.DOC.000646)
2014-04-03 04:00:00.0,2014-04-03 04:30:00.0,0.007379993661961146110550568977259899838827,,degree Celsius,Version 1.0,Temperature Standard Error  (NEON.DOC.000652),Temperature Mean measurement stream value type (NEON.DOC.000646)
2014-04-03 04:00:00.0,2014-04-03 04:30:00.0,1.37724838191600063019848221301799640059,,degree Celsius,Version 1.0,Temperature Mean (NEON.DOC.000646),Temperature Mean measurement stream value type (NEON.DOC.000646)
2014-04-03 04:30:00.0,2014-04-03 05:00:00.0,1800,,none,Version 1.0,Number of points used in data product mean value,Temperature Mean measurement stream value type (NEON.DOC.000646)
2014-04-03 04:30:00.0,2014-04-03 05:00:00.0,0.009394755457099487894190303904906613752245,,degree Celsius,Version 1.0,Temperature Expanded Uncertainty (NEON.DOC.000646),Temperature Mean measurement stream value type (NEON.DOC.000646)
2014-04-03 04:30:00.0,2014-04-03 05:00:00.0,0.001189657479112706753993089492382750904653,,degree Celsius,Version 1.0,Temperature Standard Error  (NEON.DOC.000652),Temperature Mean measurement stream value type (NEON.DOC.000646)
2014-04-03 04:30:00.0,2014-04-03 05:00:00.0,1.03238677918669341515567339229164645075,,degree Celsius,Version 1.0,Temperature Mean (NEON.DOC.000646),Temperature Mean measurement stream value type (NEON.DOC.000646)
2014-04-03 05:00:00.0,2014-04-03 05:30:00.0,0.009326996102200462226972099699651153059676,,degree Celsius,Version 1.0,Temperature Expanded Uncertainty (NEON.DOC.000646),Temperature Mean measurement stream value type (NEON.DOC.000646)
2014-04-03 05:00:00.0,2014-04-03 05:30:00.0,1.00746866570128701390274272853275761008,,degree Celsius,Version 1.0,Temperature Mean (NEON.DOC.000646),Temperature Mean measurement stream value type (NEON.DOC.000646)
2014-04-03 05:00:00.0,2014-04-03 05:30:00.0,1800,,none,Version 1.0,Number of points used in data product mean value,Temperature Mean measurement stream value type (NEON.DOC.000646)
2014-04-03 05:00:00.0,2014-04-03 05:30:00.0,0.001045378815833676675733920902189311163965,,degree Celsius,Version 1.0,Temperature Standard Error  (NEON.DOC.000652),Temperature Mean measurement stream value type (NEON.DOC.000646)
2014-04-03 05:30:00.0,2014-04-03 06:00:00.0,0.009916196869228110014060639798572083236649,,degree Celsius,Version 1.0,Temperature Expanded Uncertainty (NEON.DOC.000646),Temperature Mean measurement stream value type (NEON.DOC.000646)
2014-04-03 05:30:00.0,2014-04-03 06:00:00.0,1.06208685915429845714186285476898774504,,degree Celsius,Version 1.0,Temperature Mean (NEON.DOC.000646),Temperature Mean measurement stream value type (NEON.DOC.000646)
2014-04-03 05:30:00.0,2014-04-03 06:00:00.0,1800,,none,Version 1.0,Number of points used in data product mean value,Temperature Mean measurement stream value type (NEON.DOC.000646)
2014-04-03 05:30:00.0,2014-04-03 06:00:00.0,0.001991057930807865750111318448034580796957,,degree Celsius,Version 1.0,Temperature Standard Error  (NEON.DOC.000652),Temperature Mean measurement stream value type (NEON.DOC.000646)
2014-04-03 06:00:00.0,2014-04-03 06:30:00.0,0.9775587657816717790382199382293038070201,,degree Celsius,Version 1.0,Temperature Mean (NEON.DOC.000646),Temperature Mean measurement stream value type (NEON.DOC.000646)
2014-04-03 06:00:00.0,2014-04-03 06:30:00.0,0.0105174862711616377841661318370825028978,,degree Celsius,Version 1.0,Temperature Expanded Uncertainty (NEON.DOC.000646),Temperature Mean measurement stream value type (NEON.DOC.000646)
2014-04-03 06:00:00.0,2014-04-03 06:30:00.0,1800,,none,Version 1.0,Number of points used in data product mean value,Temperature Mean measurement stream value type (NEON.DOC.000646)
2014-04-03 06:00:00.0,2014-04-03 06:30:00.0,0.002663822597369079701185023978382560017053,,degree Celsius,Version 1.0,Temperature Standard Error  (NEON.DOC.000652),Temperature Mean measurement stream value type (NEON.DOC.000646)
2014-04-03 06:30:00.0,2014-04-03 07:00:00.0,1800,,none,Version 1.0,Number of points used in data product mean value,Temperature Mean measurement stream value type (NEON.DOC.000646)
2014-04-03 06:30:00.0,2014-04-03 07:00:00.0,0.5951820001804307702641949617827776819467,,degree Celsius,Version 1.0,Temperature Mean (NEON.DOC.000646),Temperature Mean measurement stream value type (NEON.DOC.000646)
2014-04-03 06:30:00.0,2014-04-03 07:00:00.0,0.009631167917270991307709948614501627162098,,degree Celsius,Version 1.0,Temperature Expanded Uncertainty (NEON.DOC.000646),Temperature Mean measurement stream value type (NEON.DOC.000646)
2014-04-03 06:30:00.0,2014-04-03 07:00:00.0,0.001611286316270846069240163522806597029557,,degree Celsius,Version 1.0,Temperature Standard Error  (NEON.DOC.000652),Temperature Mean measurement stream value type (NEON.DOC.000646)
2014-04-03 07:00:00.0,2014-04-03 07:30:00.0,0.0110597050505100245182399376631110499147,,degree Celsius,Version 1.0,Temperature Expanded Uncertainty (NEON.DOC.000646),Temperature Mean measurement stream value type (NEON.DOC.000646)
2014-04-03 07:00:00.0,2014-04-03 07:30:00.0,1800,,none,Version 1.0,Number of points used in data product mean value,Temperature Mean measurement stream value type (NEON.DOC.000646)
2014-04-03 07:00:00.0,2014-04-03 07:30:00.0,0.003180966540772366471512277996680495562031,,degree Celsius,Version 1.0,Temperature Standard Error  (NEON.DOC.000652),Temperature Mean measurement stream value type (NEON.DOC.000646)
2014-04-03 07:00:00.0,2014-04-03 07:30:00.0,0.3817595380169501728673253637680318206548,,degree Celsius,Version 1.0,Temperature Mean (NEON.DOC.000646),Temperature Mean measurement stream value type (NEON.DOC.000646)
2014-04-03 07:30:00.0,2014-04-03 08:00:00.0,0.1966416457407580975491612207406433299183,,degree Celsius,Version 1.0,Temperature Mean (NEON.DOC.000646),Temperature Mean measurement stream value type (NEON.DOC.000646)
2014-04-03 07:30:00.0,2014-04-03 08:00:00.0,0.000919596221506667563933001829923341574613,,degree Celsius,Version 1.0,Temperature Standard Error  (NEON.DOC.000652),Temperature Mean measurement stream value type (NEON.DOC.000646)
2014-04-03 07:30:00.0,2014-04-03 08:00:00.0,1800,,none,Version 1.0,Number of points used in data product mean value,Temperature Mean measurement stream value type (NEON.DOC.000646)
2014-04-03 07:30:00.0,2014-04-03 08:00:00.0,0.009256621550031370743161218683781044092029,,degree Celsius,Version 1.0,Temperature Expanded Uncertainty (NEON.DOC.000646),Temperature Mean measurement stream value type (NEON.DOC.000646)
2014-04-03 08:00:00.0,2014-04-03 08:30:00.0,0.009174020581781731908943555708901840262115,,degree Celsius,Version 1.0,Temperature Expanded Uncertainty (NEON.DOC.000646),Temperature Mean measurement stream value type (NEON.DOC.000646)
2014-04-03 08:00:00.0,2014-04-03 08:30:00.0,0.000689862952587185960205695689495541955693,,degree Celsius,Version 1.0,Temperature Standard Error  (NEON.DOC.000652),Temperature Mean measurement stream value type (NEON.DOC.000646)
2014-04-03 08:00:00.0,2014-04-03 08:30:00.0,1800,,none,Version 1.0,Number of points used in data product mean value,Temperature Mean measurement stream value type (NEON.DOC.000646)
2014-04-03 08:00:00.0,2014-04-03 08:30:00.0,0.0736854084080570265191667544968368019908,,degree Celsius,Version 1.0,Temperature Mean (NEON.DOC.000646),Temperature Mean measurement stream value type (NEON.DOC.000646)
2014-04-03 08:30:00.0,2014-04-03 09:00:00.0,0.0452969534755647898482955326926457928493,,degree Celsius,Version 1.0,Temperature Mean (NEON.DOC.000646),Temperature Mean measurement stream value type (NEON.DOC.000646)
2014-04-03 08:30:00.0,2014-04-03 09:00:00.0,0.000475750114294533625776406626783909814548,,degree Celsius,Version 1.0,Temperature Standard Error  (NEON.DOC.000652),Temperature Mean measurement stream value type (NEON.DOC.000646)
2014-04-03 08:30:00.0,2014-04-03 09:00:00.0,1800,,none,Version 1.0,Number of points used in data product mean value,Temperature Mean measurement stream value type (NEON.DOC.000646)
2014-04-03 08:30:00.0,2014-04-03 09:00:00.0,0.009119452029915587482067351743353356141597,,degree Celsius,Version 1.0,Temperature Expanded Uncertainty (NEON.DOC.000646),Temperature Mean measurement stream value type (NEON.DOC.000646)
2014-04-03 09:00:00.0,2014-04-03 09:30:00.0,1800,,none,Version 1.0,Number of points used in data product mean value,Temperature Mean measurement stream value type (NEON.DOC.000646)
2014-04-03 09:00:00.0,2014-04-03 09:30:00.0,0.000190855714578644277551466856834849750157,,degree Celsius,Version 1.0,Temperature Standard Error  (NEON.DOC.000652),Temperature Mean measurement stream value type (NEON.DOC.000646)
2014-04-03 09:00:00.0,2014-04-03 09:30:00.0,0.009077424902038498319423176496911764843389,,degree Celsius,Version 1.0,Temperature Expanded Uncertainty (NEON.DOC.000646),Temperature Mean measurement stream value type (NEON.DOC.000646)
2014-04-03 09:00:00.0,2014-04-03 09:30:00.0,0.0276699350018929923766819456432131119072,,degree Celsius,Version 1.0,Temperature Mean (NEON.DOC.000646),Temperature Mean measurement stream value type (NEON.DOC.000646)
2014-04-03 09:30:00.0,2014-04-03 10:00:00.0,1800,,none,Version 1.0,Number of points used in data product mean value,Temperature Mean measurement stream value type (NEON.DOC.000646)
2014-04-03 09:30:00.0,2014-04-03 10:00:00.0,0.000355845990812542233624332643771026596368,,degree Celsius,Version 1.0,Temperature Standard Error  (NEON.DOC.000652),Temperature Mean measurement stream value type (NEON.DOC.000646)
2014-04-03 09:30:00.0,2014-04-03 10:00:00.0,0.002936723388022847817946381354659024509601,,degree Celsius,Version 1.0,Temperature Mean (NEON.DOC.000646),Temperature Mean measurement stream value type (NEON.DOC.000646)
2014-04-03 09:30:00.0,2014-04-03 10:00:00.0,0.00909667539653248244380101539263705490157,,degree Celsius,Version 1.0,Temperature Expanded Uncertainty (NEON.DOC.000646),Temperature Mean measurement stream value type (NEON.DOC.000646)
2014-04-03 10:00:00.0,2014-04-03 10:30:00.0,0.009200857766036235965700917915910395095124,,degree Celsius,Version 1.0,Temperature Expanded Uncertainty (NEON.DOC.000646),Temperature Mean measurement stream value type (NEON.DOC.000646)
2014-04-03 10:00:00.0,2014-04-03 10:30:00.0,0.000776521114044215437881291119737170447479,,degree Celsius,Version 1.0,Temperature Standard Error  (NEON.DOC.000652),Temperature Mean measurement stream value type (NEON.DOC.000646)
2014-04-03 10:00:00.0,2014-04-03 10:30:00.0,0.0546485445028331157102385873258754145354,,degree Celsius,Version 1.0,Temperature Mean (NEON.DOC.000646),Temperature Mean measurement stream value type (NEON.DOC.000646)
2014-04-03 10:00:00.0,2014-04-03 10:30:00.0,1800,,none,Version 1.0,Number of points used in data product mean value,Temperature Mean measurement stream value type (NEON.DOC.000646)
2014-04-03 10:30:00.0,2014-04-03 11:00:00.0,0.009106479761553988930278258351336262421682,,degree Celsius,Version 1.0,Temperature Expanded Uncertainty (NEON.DOC.000646),Temperature Mean measurement stream value type (NEON.DOC.000646)
2014-04-03 10:30:00.0,2014-04-03 11:00:00.0,0.1274455969319824300001187111774925142526,,degree Celsius,Version 1.0,Temperature Mean (NEON.DOC.000646),Temperature Mean measurement stream value type (NEON.DOC.000646)
2014-04-03 10:30:00.0,2014-04-03 11:00:00.0,0.00039957708779400012396101904421641393128,,degree Celsius,Version 1.0,Temperature Standard Error  (NEON.DOC.000652),Temperature Mean measurement stream value type (NEON.DOC.000646)
2014-04-03 10:30:00.0,2014-04-03 11:00:00.0,1800,,none,Version 1.0,Number of points used in data product mean value,Temperature Mean measurement stream value type (NEON.DOC.000646)
2014-04-03 11:00:00.0,2014-04-03 11:30:00.0,1800,,none,Version 1.0,Number of points used in data product mean value,Temperature Mean measurement stream value type (NEON.DOC.000646)
2014-04-03 11:00:00.0,2014-04-03 11:30:00.0,0.1001350017463348701651781880173075478523,,degree Celsius,Version 1.0,Temperature Mean (NEON.DOC.000646),Temperature Mean measurement stream value type (NEON.DOC.000646)
2014-04-03 11:00:00.0,2014-04-03 11:30:00.0,0.001566588961438739437473377513754257961409,,degree Celsius,Version 1.0,Temperature Standard Error  (NEON.DOC.000652),Temperature Mean measurement stream value type (NEON.DOC.000646)
2014-04-03 11:00:00.0,2014-04-03 11:30:00.0,0.009590316263275642377772456370621512178331,,degree Celsius,Version 1.0,Temperature Expanded Uncertainty (NEON.DOC.000646),Temperature Mean measurement stream value type (NEON.DOC.000646)
2014-04-03 11:30:00.0,2014-04-03 12:00:00.0,-0.002331662156465303357977258968958267359994,,degree Celsius,Version 1.0,Temperature Mean (NEON.DOC.000646),Temperature Mean measurement stream value type (NEON.DOC.000646)
2014-04-03 11:30:00.0,2014-04-03 12:00:00.0,1800,,none,Version 1.0,Number of points used in data product mean value,Temperature Mean measurement stream value type (NEON.DOC.000646)
2014-04-03 11:30:00.0,2014-04-03 12:00:00.0,0.000368153487087372792777029140154354536207,,degree Celsius,Version 1.0,Temperature Standard Error  (NEON.DOC.000652),Temperature Mean measurement stream value type (NEON.DOC.000646)
2014-04-03 11:30:00.0,2014-04-03 12:00:00.0,0.00909849598464753696325235665653963224031,,degree Celsius,Version 1.0,Temperature Expanded Uncertainty (NEON.DOC.000646),Temperature Mean measurement stream value type (NEON.DOC.000646)
2014-04-03 12:00:00.0,2014-04-03 12:30:00.0,0.00920597413981222821577343751187072484754,,degree Celsius,Version 1.0,Temperature Expanded Uncertainty (NEON.DOC.000646),Temperature Mean measurement stream value type (NEON.DOC.000646)
2014-04-03 12:00:00.0,2014-04-03 12:30:00.0,0.000794571640233143619905242793777233600849,,degree Celsius,Version 1.0,Temperature Standard Error  (NEON.DOC.000652),Temperature Mean measurement stream value type (NEON.DOC.000646)
2014-04-03 12:00:00.0,2014-04-03 12:30:00.0,0.0187938299614538312232170369497907813638,,degree Celsius,Version 1.0,Temperature Mean (NEON.DOC.000646),Temperature Mean measurement stream value type (NEON.DOC.000646)
2014-04-03 12:00:00.0,2014-04-03 12:30:00.0,1800,,none,Version 1.0,Number of points used in data product mean value,Temperature Mean measurement stream value type (NEON.DOC.000646)
2014-04-03 12:30:00.0,2014-04-03 13:00:00.0,1800,,none,Version 1.0,Number of points used in data product mean value,Temperature Mean measurement stream value type (NEON.DOC.000646)
2014-04-03 12:30:00.0,2014-04-03 13:00:00.0,0.009083077948222054859295226947324408683925,,degree Celsius,Version 1.0,Temperature Expanded Uncertainty (NEON.DOC.000646),Temperature Mean measurement stream value type (NEON.DOC.000646)
2014-04-03 12:30:00.0,2014-04-03 13:00:00.0,0.0848946848841805046248509825090877711772,,degree Celsius,Version 1.0,Temperature Mean (NEON.DOC.000646),Temperature Mean measurement stream value type (NEON.DOC.000646)
2014-04-03 12:30:00.0,2014-04-03 13:00:00.0,0.000239158633632477924009507308511501832981,,degree Celsius,Version 1.0,Temperature Standard Error  (NEON.DOC.000652),Temperature Mean measurement stream value type (NEON.DOC.000646)
2014-04-03 13:00:00.0,2014-04-03 13:30:00.0,0.1442857968605554541685620506541454233229,,degree Celsius,Version 1.0,Temperature Mean (NEON.DOC.000646),Temperature Mean measurement stream value type (NEON.DOC.000646)
2014-04-03 13:00:00.0,2014-04-03 13:30:00.0,0.009103812854534404364059696490585338324308,,degree Celsius,Version 1.0,Temperature Expanded Uncertainty (NEON.DOC.000646),Temperature Mean measurement stream value type (NEON.DOC.000646)
2014-04-03 13:00:00.0,2014-04-03 13:30:00.0,0.000382555437345050825502512648057518163113,,degree Celsius,Version 1.0,Temperature Standard Error  (NEON.DOC.000652),Temperature Mean measurement stream value type (NEON.DOC.000646)
2014-04-03 13:00:00.0,2014-04-03 13:30:00.0,1800,,none,Version 1.0,Number of points used in data product mean value,Temperature Mean measurement stream value type (NEON.DOC.000646)
2014-04-03 13:30:00.0,2014-04-03 14:00:00.0,0.009084941454964204354816104114433983340859,,degree Celsius,Version 1.0,Temperature Expanded Uncertainty (NEON.DOC.000646),Temperature Mean measurement stream value type (NEON.DOC.000646)
2014-04-03 13:30:00.0,2014-04-03 14:00:00.0,1800,,none,Version 1.0,Number of points used in data product mean value,Temperature Mean measurement stream value type (NEON.DOC.000646)
2014-04-03 13:30:00.0,2014-04-03 14:00:00.0,0.000236225362921025570624514178241781792166,,degree Celsius,Version 1.0,Temperature Standard Error  (NEON.DOC.000652),Temperature Mean measurement stream value type (NEON.DOC.000646)
2014-04-03 13:30:00.0,2014-04-03 14:00:00.0,0.1666207646626775285003674298422993160784,,degree Celsius,Version 1.0,Temperature Mean (NEON.DOC.000646),Temperature Mean measurement stream value type (NEON.DOC.000646)
2014-04-03 14:00:00.0,2014-04-03 14:30:00.0,0.1339989954441285768815816936694318428635,,degree Celsius,Version 1.0,Temperature Mean (NEON.DOC.000646),Temperature Mean measurement stream value type (NEON.DOC.000646)
2014-04-03 14:00:00.0,2014-04-03 14:30:00.0,1800,,none,Version 1.0,Number of points used in data product mean value,Temperature Mean measurement stream value type (NEON.DOC.000646)
2014-04-03 14:00:00.0,2014-04-03 14:30:00.0,0.009126628234905766190454556863187463022768,,degree Celsius,Version 1.0,Temperature Expanded Uncertainty (NEON.DOC.000646),Temperature Mean measurement stream value type (NEON.DOC.000646)
2014-04-03 14:00:00.0,2014-04-03 14:30:00.0,0.000500602106257282001081088118610296078259,,degree Celsius,Version 1.0,Temperature Standard Error  (NEON.DOC.000652),Temperature Mean measurement stream value type (NEON.DOC.000646)
2014-04-03 14:30:00.0,2014-04-03 15:00:00.0,0.009426806586654457031926312993164174258708,,degree Celsius,Version 1.0,Temperature Expanded Uncertainty (NEON.DOC.000646),Temperature Mean measurement stream value type (NEON.DOC.000646)
2014-04-03 14:30:00.0,2014-04-03 15:00:00.0,1800,,none,Version 1.0,Number of points used in data product mean value,Temperature Mean measurement stream value type (NEON.DOC.000646)
2014-04-03 14:30:00.0,2014-04-03 15:00:00.0,0.001282293097999444384665901353059780376497,,degree Celsius,Version 1.0,Temperature Standard Error  (NEON.DOC.000652),Temperature Mean measurement stream value type (NEON.DOC.000646)
2014-04-03 14:30:00.0,2014-04-03 15:00:00.0,0.2941562017734168366089875235047657042741,,degree Celsius,Version 1.0,Temperature Mean (NEON.DOC.000646),Temperature Mean measurement stream value type (NEON.DOC.000646)
2014-04-03 15:00:00.0,2014-04-03 15:30:00.0,1800,,none,Version 1.0,Number of points used in data product mean value,Temperature Mean measurement stream value type (NEON.DOC.000646)
2014-04-03 15:00:00.0,2014-04-03 15:30:00.0,0.3011768925127065177349550140206702053546,,degree Celsius,Version 1.0,Temperature Mean (NEON.DOC.000646),Temperature Mean measurement stream value type (NEON.DOC.000646)
2014-04-03 15:00:00.0,2014-04-03 15:30:00.0,0.00945059402785014546211073138692881911993,,degree Celsius,Version 1.0,Temperature Expanded Uncertainty (NEON.DOC.000646),Temperature Mean measurement stream value type (NEON.DOC.000646)
2014-04-03 15:00:00.0,2014-04-03 15:30:00.0,0.001326275094752270289344409093246213160455,,degree Celsius,Version 1.0,Temperature Standard Error  (NEON.DOC.000652),Temperature Mean measurement stream value type (NEON.DOC.000646)
2014-04-03 15:30:00.0,2014-04-03 16:00:00.0,1800,,none,Version 1.0,Number of points used in data product mean value,Temperature Mean measurement stream value type (NEON.DOC.000646)
2014-04-03 15:30:00.0,2014-04-03 16:00:00.0,0.002836736211695308276792282242695364402607,,degree Celsius,Version 1.0,Temperature Standard Error  (NEON.DOC.000652),Temperature Mean measurement stream value type (NEON.DOC.000646)
2014-04-03 15:30:00.0,2014-04-03 16:00:00.0,0.0106858124735957852463608119819582498166,,degree Celsius,Version 1.0,Temperature Expanded Uncertainty (NEON.DOC.000646),Temperature Mean measurement stream value type (NEON.DOC.000646)
2014-04-03 15:30:00.0,2014-04-03 16:00:00.0,0.5590180158102636687189601616410072892904,,degree Celsius,Version 1.0,Temperature Mean (NEON.DOC.000646),Temperature Mean measurement stream value type (NEON.DOC.000646)
2014-04-03 16:00:00.0,2014-04-03 16:30:00.0,1800,,none,Version 1.0,Number of points used in data product mean value,Temperature Mean measurement stream value type (NEON.DOC.000646)
2014-04-03 16:00:00.0,2014-04-03 16:30:00.0,0.8104477885680818616265241871587932109832,,degree Celsius,Version 1.0,Temperature Mean (NEON.DOC.000646),Temperature Mean measurement stream value type (NEON.DOC.000646)
2014-04-03 16:00:00.0,2014-04-03 16:30:00.0,0.002504215621814395286576226951069656934123,,degree Celsius,Version 1.0,Temperature Standard Error  (NEON.DOC.000652),Temperature Mean measurement stream value type (NEON.DOC.000646)
2014-04-03 16:00:00.0,2014-04-03 16:30:00.0,0.0103602031990325717941692218460048025008,,degree Celsius,Version 1.0,Temperature Expanded Uncertainty (NEON.DOC.000646),Temperature Mean measurement stream value type (NEON.DOC.000646)
2014-04-03 16:30:00.0,2014-04-03 17:00:00.0,0.011088264501116894961141312592189933639,,degree Celsius,Version 1.0,Temperature Expanded Uncertainty (NEON.DOC.000646),Temperature Mean measurement stream value type (NEON.DOC.000646)
2014-04-03 16:30:00.0,2014-04-03 17:00:00.0,0.003193023687182887544733222995319010806269,,degree Celsius,Version 1.0,Temperature Standard Error  (NEON.DOC.000652),Temperature Mean measurement stream value type (NEON.DOC.000646)
2014-04-03 16:30:00.0,2014-04-03 17:00:00.0,1800,,none,Version 1.0,Number of points used in data product mean value,Temperature Mean measurement stream value type (NEON.DOC.000646)
2014-04-03 16:30:00.0,2014-04-03 17:00:00.0,1.17677465485865040406565640296321362257,,degree Celsius,Version 1.0,Temperature Mean (NEON.DOC.000646),Temperature Mean measurement stream value type (NEON.DOC.000646)
2014-04-03 17:00:00.0,2014-04-03 17:30:00.0,0.0126310069743314108692278097123562474735,,degree Celsius,Version 1.0,Temperature Expanded Uncertainty (NEON.DOC.000646),Temperature Mean measurement stream value type (NEON.DOC.000646)
2014-04-03 17:00:00.0,2014-04-03 17:30:00.0,1800,,none,Version 1.0,Number of points used in data product mean value,Temperature Mean measurement stream value type (NEON.DOC.000646)
2014-04-03 17:00:00.0,2014-04-03 17:30:00.0,0.004407980660624544362591326063238739152438,,degree Celsius,Version 1.0,Temperature Standard Error  (NEON.DOC.000652),Temperature Mean measurement stream value type (NEON.DOC.000646)
2014-04-03 17:00:00.0,2014-04-03 17:30:00.0,1.69063120888625917359604500234127044677,,degree Celsius,Version 1.0,Temperature Mean (NEON.DOC.000646),Temperature Mean measurement stream value type (NEON.DOC.000646)
2014-04-03 17:30:00.0,2014-04-03 18:00:00.0,1800,,none,Version 1.0,Number of points used in data product mean value,Temperature Mean measurement stream value type (NEON.DOC.000646)
2014-04-03 17:30:00.0,2014-04-03 18:00:00.0,0.005895123941680666113107633918843930587172,,degree Celsius,Version 1.0,Temperature Standard Error  (NEON.DOC.000652),Temperature Mean measurement stream value type (NEON.DOC.000646)
2014-04-03 17:30:00.0,2014-04-03 18:00:00.0,2.56579534857346081011542082706000655889,,degree Celsius,Version 1.0,Temperature Mean (NEON.DOC.000646),Temperature Mean measurement stream value type (NEON.DOC.000646)
2014-04-03 17:30:00.0,2014-04-03 18:00:00.0,0.014845416564910325282755643172549753217,,degree Celsius,Version 1.0,Temperature Expanded Uncertainty (NEON.DOC.000646),Temperature Mean measurement stream value type (NEON.DOC.000646)
2014-04-03 18:00:00.0,2014-04-03 18:30:00.0,1800,,none,Version 1.0,Number of points used in data product mean value,Temperature Mean measurement stream value type (NEON.DOC.000646)
2014-04-03 18:00:00.0,2014-04-03 18:30:00.0,0.003575334382490133206672355825617160007823,,degree Celsius,Version 1.0,Temperature Standard Error  (NEON.DOC.000652),Temperature Mean measurement stream value type (NEON.DOC.000646)
2014-04-03 18:00:00.0,2014-04-03 18:30:00.0,0.0115721773890191583639142081096906622406,,degree Celsius,Version 1.0,Temperature Expanded Uncertainty (NEON.DOC.000646),Temperature Mean measurement stream value type (NEON.DOC.000646)
2014-04-03 18:00:00.0,2014-04-03 18:30:00.0,3.02550342143723760557350033195689320564,,degree Celsius,Version 1.0,Temperature Mean (NEON.DOC.000646),Temperature Mean measurement stream value type (NEON.DOC.000646)
2014-04-03 18:30:00.0,2014-04-03 19:00:00.0,3.57745177584489537636613931681495159864,,degree Celsius,Version 1.0,Temperature Mean (NEON.DOC.000646),Temperature Mean measurement stream value type (NEON.DOC.000646)
2014-04-03 18:30:00.0,2014-04-03 19:00:00.0,0.004179894200987440203154399398499663220718,,degree Celsius,Version 1.0,Temperature Standard Error  (NEON.DOC.000652),Temperature Mean measurement stream value type (NEON.DOC.000646)
2014-04-03 18:30:00.0,2014-04-03 19:00:00.0,1800,,none,Version 1.0,Number of points used in data product mean value,Temperature Mean measurement stream value type (NEON.DOC.000646)
2014-04-03 18:30:00.0,2014-04-03 19:00:00.0,0.0123519622159300544034232771650749782565,,degree Celsius,Version 1.0,Temperature Expanded Uncertainty (NEON.DOC.000646),Temperature Mean measurement stream value type (NEON.DOC.000646)
2014-04-03 19:00:00.0,2014-04-03 19:30:00.0,0.0123639420412875820215470312746219860855,,degree Celsius,Version 1.0,Temperature Expanded Uncertainty (NEON.DOC.000646),Temperature Mean measurement stream value type (NEON.DOC.000646)
2014-04-03 19:00:00.0,2014-04-03 19:30:00.0,0.004181315464762627373551673315432708477601,,degree Celsius,Version 1.0,Temperature Standard Error  (NEON.DOC.000652),Temperature Mean measurement stream value type (NEON.DOC.000646)
2014-04-03 19:00:00.0,2014-04-03 19:30:00.0,4.19271619162631559163401107070967555046,,degree Celsius,Version 1.0,Temperature Mean (NEON.DOC.000646),Temperature Mean measurement stream value type (NEON.DOC.000646)
2014-04-03 19:00:00.0,2014-04-03 19:30:00.0,1800,,none,Version 1.0,Number of points used in data product mean value,Temperature Mean measurement stream value type (NEON.DOC.000646)
2014-04-03 19:30:00.0,2014-04-03 20:00:00.0,1800,,none,Version 1.0,Number of points used in data product mean value,Temperature Mean measurement stream value type (NEON.DOC.000646)
2014-04-03 19:30:00.0,2014-04-03 20:00:00.0,0.003905053067830655498526848390383747755549,,degree Celsius,Version 1.0,Temperature Standard Error  (NEON.DOC.000652),Temperature Mean measurement stream value type (NEON.DOC.000646)
2014-04-03 19:30:00.0,2014-04-03 20:00:00.0,4.01081482126432131707360895234160125255,,degree Celsius,Version 1.0,Temperature Mean (NEON.DOC.000646),Temperature Mean measurement stream value type (NEON.DOC.000646)
2014-04-03 19:30:00.0,2014-04-03 20:00:00.0,0.0120002224496901198358411733124739839695,,degree Celsius,Version 1.0,Temperature Expanded Uncertainty (NEON.DOC.000646),Temperature Mean measurement stream value type (NEON.DOC.000646)
2014-04-03 20:00:00.0,2014-04-03 20:30:00.0,0.005110296248049695649884327508516435045748,,degree Celsius,Version 1.0,Temperature Standard Error  (NEON.DOC.000652),Temperature Mean measurement stream value type (NEON.DOC.000646)
2014-04-03 20:00:00.0,2014-04-03 20:30:00.0,1800,,none,Version 1.0,Number of points used in data product mean value,Temperature Mean measurement stream value type (NEON.DOC.000646)
2014-04-03 20:00:00.0,2014-04-03 20:30:00.0,0.0136731215129771745131481708313003764487,,degree Celsius,Version 1.0,Temperature Expanded Uncertainty (NEON.DOC.000646),Temperature Mean measurement stream value type (NEON.DOC.000646)
2014-04-03 20:00:00.0,2014-04-03 20:30:00.0,4.42662093933419065194811992114409804344,,degree Celsius,Version 1.0,Temperature Mean (NEON.DOC.000646),Temperature Mean measurement stream value type (NEON.DOC.000646)
2014-04-03 20:30:00.0,2014-04-03 21:00:00.0,1800,,none,Version 1.0,Number of points used in data product mean value,Temperature Mean measurement stream value type (NEON.DOC.000646)
2014-04-03 20:30:00.0,2014-04-03 21:00:00.0,0.0170270167419979343015334904976043617352,,degree Celsius,Version 1.0,Temperature Expanded Uncertainty (NEON.DOC.000646),Temperature Mean measurement stream value type (NEON.DOC.000646)
2014-04-03 20:30:00.0,2014-04-03 21:00:00.0,0.007224730095377010496981995402165921404957,,degree Celsius,Version 1.0,Temperature Standard Error  (NEON.DOC.000652),Temperature Mean measurement stream value type (NEON.DOC.000646)
2014-04-03 20:30:00.0,2014-04-03 21:00:00.0,4.9321592219891980946044895972590893507,,degree Celsius,Version 1.0,Temperature Mean (NEON.DOC.000646),Temperature Mean measurement stream value type (NEON.DOC.000646)
2014-04-03 21:00:00.0,2014-04-03 21:30:00.0,1800,,none,Version 1.0,Number of points used in data product mean value,Temperature Mean measurement stream value type (NEON.DOC.000646)
2014-04-03 21:00:00.0,2014-04-03 21:30:00.0,0.002825502396261165075075361130529927322641,,degree Celsius,Version 1.0,Temperature Standard Error  (NEON.DOC.000652),Temperature Mean measurement stream value type (NEON.DOC.000646)
2014-04-03 21:00:00.0,2014-04-03 21:30:00.0,0.0107698457344497806192906708133705251384,,degree Celsius,Version 1.0,Temperature Expanded Uncertainty (NEON.DOC.000646),Temperature Mean measurement stream value type (NEON.DOC.000646)
2014-04-03 21:00:00.0,2014-04-03 21:30:00.0,5.6169600687121103987919923383742570877,,degree Celsius,Version 1.0,Temperature Mean (NEON.DOC.000646),Temperature Mean measurement stream value type (NEON.DOC.000646)
2014-04-03 21:30:00.0,2014-04-03 22:00:00.0,6.28831595547176025462476900429464876651,,degree Celsius,Version 1.0,Temperature Mean (NEON.DOC.000646),Temperature Mean measurement stream value type (NEON.DOC.000646)
2014-04-03 21:30:00.0,2014-04-03 22:00:00.0,0.006700950241049073718979656177907600067555,,degree Celsius,Version 1.0,Temperature Standard Error  (NEON.DOC.000652),Temperature Mean measurement stream value type (NEON.DOC.000646)
2014-04-03 21:30:00.0,2014-04-03 22:00:00.0,1800,,none,Version 1.0,Number of points used in data product mean value,Temperature Mean measurement stream value type (NEON.DOC.000646)
2014-04-03 21:30:00.0,2014-04-03 22:00:00.0,0.0161784142465718830394827421059744665399,,degree Celsius,Version 1.0,Temperature Expanded Uncertainty (NEON.DOC.000646),Temperature Mean measurement stream value type (NEON.DOC.000646)
2014-04-03 22:00:00.0,2014-04-03 22:30:00.0,0.0141952850575988512304981270517600933089,,degree Celsius,Version 1.0,Temperature Expanded Uncertainty (NEON.DOC.000646),Temperature Mean measurement stream value type (NEON.DOC.000646)
2014-04-03 22:00:00.0,2014-04-03 22:30:00.0,0.00543680011473965905943739329586605890654,,degree Celsius,Version 1.0,Temperature Standard Error  (NEON.DOC.000652),Temperature Mean measurement stream value type (NEON.DOC.000646)
2014-04-03 22:00:00.0,2014-04-03 22:30:00.0,6.71900019194133601985186032834462821483,,degree Celsius,Version 1.0,Temperature Mean (NEON.DOC.000646),Temperature Mean measurement stream value type (NEON.DOC.000646)
2014-04-03 22:00:00.0,2014-04-03 22:30:00.0,1800,,none,Version 1.0,Number of points used in data product mean value,Temperature Mean measurement stream value type (NEON.DOC.000646)
2014-04-03 22:30:00.0,2014-04-03 23:00:00.0,1797,,none,Version 1.0,Number of points used in data product mean value,Temperature Mean measurement stream value type (NEON.DOC.000646)
2014-04-03 22:30:00.0,2014-04-03 23:00:00.0,0.006237867341874685916947029795665002893656,,degree Celsius,Version 1.0,Temperature Standard Error  (NEON.DOC.000652),Temperature Mean measurement stream value type (NEON.DOC.000646)
2014-04-03 22:30:00.0,2014-04-03 23:00:00.0,7.12233156775693565521123673534020781517,,degree Celsius,Version 1.0,Temperature Mean (NEON.DOC.000646),Temperature Mean measurement stream value type (NEON.DOC.000646)
2014-04-03 22:30:00.0,2014-04-03 23:00:00.0,0.0154412720235218639541763252509554149582,,degree Celsius,Version 1.0,Temperature Expanded Uncertainty (NEON.DOC.000646),Temperature Mean measurement stream value type (NEON.DOC.000646)
2014-04-03 23:00:00.0,2014-04-03 23:30:00.0,0.0199470360072639164850105686355163925327,,degree Celsius,Version 1.0,Temperature Expanded Uncertainty (NEON.DOC.000646),Temperature Mean measurement stream value type (NEON.DOC.000646)
2014-04-03 23:00:00.0,2014-04-03 23:30:00.0,7.01074504466347647735346981789916753768,,degree Celsius,Version 1.0,Temperature Mean (NEON.DOC.000646),Temperature Mean measurement stream value type (NEON.DOC.000646)
2014-04-03 23:00:00.0,2014-04-03 23:30:00.0,1800,,none,Version 1.0,Number of points used in data product mean value,Temperature Mean measurement stream value type (NEON.DOC.000646)
2014-04-03 23:00:00.0,2014-04-03 23:30:00.0,0.008910320810668335630988501350202568573877,,degree Celsius,Version 1.0,Temperature Standard Error  (NEON.DOC.000652),Temperature Mean measurement stream value type (NEON.DOC.000646)
2014-04-03 23:30:00.0,2014-04-04 00:00:00.0,0.0112285043548526492634964668582142621744,,degree Celsius,Version 1.0,Temperature Expanded Uncertainty (NEON.DOC.000646),Temperature Mean measurement stream value type (NEON.DOC.000646)
2014-04-03 23:30:00.0,2014-04-04 00:00:00.0,1800,,none,Version 1.0,Number of points used in data product mean value,Temperature Mean measurement stream value type (NEON.DOC.000646)
2014-04-03 23:30:00.0,2014-04-04 00:00:00.0,6.67056523757172570299189828801900148391,,degree Celsius,Version 1.0,Temperature Mean (NEON.DOC.000646),Temperature Mean measurement stream value type (NEON.DOC.000646)
2014-04-03 23:30:00.0,2014-04-04 00:00:00.0,0.003229322626476861454736244638752395985648,,degree Celsius,Version 1.0,Temperature Standard Error  (NEON.DOC.000652),Temperature Mean measurement stream value type (NEON.DOC.000646)
2014-04-04 00:00:00.0,2014-04-04 00:30:00.0,6.09540444540723047595065509085543453693,,degree Celsius,Version 1.0,Temperature Mean (NEON.DOC.000646),Temperature Mean measurement stream value type (NEON.DOC.000646)
2014-04-04 00:00:00.0,2014-04-04 00:30:00.0,1800,,none,Version 1.0,Number of points used in data product mean value,Temperature Mean measurement stream value type (NEON.DOC.000646)
2014-04-04 00:00:00.0,2014-04-04 00:30:00.0,0.0157564212019756857974250863207998918369,,degree Celsius,Version 1.0,Temperature Expanded Uncertainty (NEON.DOC.000646),Temperature Mean measurement stream value type (NEON.DOC.000646)
2014-04-04 00:00:00.0,2014-04-04 00:30:00.0,0.006442998549098474282692539105710238800384,,degree Celsius,Version 1.0,Temperature Standard Error  (NEON.DOC.000652),Temperature Mean measurement stream value type (NEON.DOC.000646)
