# Data from NEON Inc.
# These data are provided under the terms of the NEON data policy included in this data download.
# Data Product ID: NEON.D03.CS1.DP1.00003.001.004.006.002
# Data Product Name: 30 minutes variance temperature tower level 6
# Site: Ordway-Swisher Biological Station Site, CORE (FL)
# Geographic coordinates (lat/long): 29.68927/-81.99343
# Domain: Domain 03
# Query Citation Code: 44AFD15813B64FDE80CE422935E746A5
# Date-Time of Query Submission: 2014-07-10 16:33 (UTC)
# Start Date-Time for Data: 2014-04-03 00:00 (UTC)
# End Date-Time for Data: 2014-04-04 00:00 (UTC)
# 
### Sensor Metadata Below
### Sensor information: Thermometrics Climate RTD 100  Omega  Probe and Met One 076B aspirated radiation shield
### Units: deg C
### Sampling Rate (Hz): 1
### Assembly repeatability (precision) in deg C: 0.0025
### Assembly refers to the sensor(s) and relevant components (e.g. DAS); here repeatability represents the maximum expected assembly noise given at 95% confidence.
### Boom Level: 6 (tower-top)
### Height Above Ground Level (m): 34.96
### Lat/Lon: 29.6892369/-81.9934109
### Threshold For Range test (Hard): min:  -89.2 (deg C) max:  56.7 (deg C)
### Threshold for Range test (soft): min: -27.2 (deg C) max: 44.4 (deg C)
### Threshold For Step test: 0.5 (deg C)
#
Start Date,End Date,Data 1,Data 2,Units,Readout Version,Value Name,Measurement Readout Type Name
2014-04-03 00:00:00.0,2014-04-03 00:30:00.0,0.0628196577399321165469103789291693828999,,Celsius*Celsius,Version 1.0,Temperature Variance (NEON.DOC.000646),Level-1 FIU measurement stream readout type
2014-04-03 00:30:00.0,2014-04-03 01:00:00.0,0.0987646510948003431007435892752255313098,,Celsius*Celsius,Version 1.0,Temperature Variance (NEON.DOC.000646),Level-1 FIU measurement stream readout type
2014-04-03 01:00:00.0,2014-04-03 01:30:00.0,0.091024729312873323139321257713163504377,,Celsius*Celsius,Version 1.0,Temperature Variance (NEON.DOC.000646),Level-1 FIU measurement stream readout type
2014-04-03 01:30:00.0,2014-04-03 02:00:00.0,0.0458804187086417764041001987607160117477,,Celsius*Celsius,Version 1.0,Temperature Variance (NEON.DOC.000646),Level-1 FIU measurement stream readout type
2014-04-03 02:00:00.0,2014-04-03 02:30:00.0,0.0406074545753837348738279899862391175702,,Celsius*Celsius,Version 1.0,Temperature Variance (NEON.DOC.000646),Level-1 FIU measurement stream readout type
2014-04-03 02:30:00.0,2014-04-03 03:00:00.0,0.012967807199457823119637112085911212489,,Celsius*Celsius,Version 1.0,Temperature Variance (NEON.DOC.000646),Level-1 FIU measurement stream readout type
2014-04-03 03:00:00.0,2014-04-03 03:30:00.0,0.0257081009469050242310927956168598029762,,Celsius*Celsius,Version 1.0,Temperature Variance (NEON.DOC.000646),Level-1 FIU measurement stream readout type
2014-04-03 03:30:00.0,2014-04-03 04:00:00.0,0.0617677582476643394215898297261446714401,,Celsius*Celsius,Version 1.0,Temperature Variance (NEON.DOC.000646),Level-1 FIU measurement stream readout type
2014-04-03 04:00:00.0,2014-04-03 04:30:00.0,0.0418945789023129552819391108187119243666,,Celsius*Celsius,Version 1.0,Temperature Variance (NEON.DOC.000646),Level-1 FIU measurement stream readout type
2014-04-03 04:30:00.0,2014-04-03 05:00:00.0,0.008030406714154607328293167256560991518199,,Celsius*Celsius,Version 1.0,Temperature Variance (NEON.DOC.000646),Level-1 FIU measurement stream readout type
2014-04-03 05:00:00.0,2014-04-03 05:30:00.0,0.0146109571006303104456769403896032599732,,Celsius*Celsius,Version 1.0,Temperature Variance (NEON.DOC.000646),Level-1 FIU measurement stream readout type
2014-04-03 05:30:00.0,2014-04-03 06:00:00.0,0.0104755947519778076781893361157926847226,,Celsius*Celsius,Version 1.0,Temperature Variance (NEON.DOC.000646),Level-1 FIU measurement stream readout type
2014-04-03 06:00:00.0,2014-04-03 06:30:00.0,0.007751304735807298430805278854904827312566,,Celsius*Celsius,Version 1.0,Temperature Variance (NEON.DOC.000646),Level-1 FIU measurement stream readout type
2014-04-03 06:30:00.0,2014-04-03 07:00:00.0,0.0290985925116942663326558005110200610943,,Celsius*Celsius,Version 1.0,Temperature Variance (NEON.DOC.000646),Level-1 FIU measurement stream readout type
2014-04-03 07:00:00.0,2014-04-03 07:30:00.0,0.0240796692658393936270488921991272945888,,Celsius*Celsius,Version 1.0,Temperature Variance (NEON.DOC.000646),Level-1 FIU measurement stream readout type
2014-04-03 07:30:00.0,2014-04-03 08:00:00.0,0.0162363650488103195002054235374089330434,,Celsius*Celsius,Version 1.0,Temperature Variance (NEON.DOC.000646),Level-1 FIU measurement stream readout type
2014-04-03 08:00:00.0,2014-04-03 08:30:00.0,0.005831548380218507486583146004477384849451,,Celsius*Celsius,Version 1.0,Temperature Variance (NEON.DOC.000646),Level-1 FIU measurement stream readout type
2014-04-03 08:30:00.0,2014-04-03 09:00:00.0,0.009471491988235068715251685489420196972787,,Celsius*Celsius,Version 1.0,Temperature Variance (NEON.DOC.000646),Level-1 FIU measurement stream readout type
2014-04-03 09:00:00.0,2014-04-03 09:30:00.0,0.003932248103012938623967986728757750825025,,Celsius*Celsius,Version 1.0,Temperature Variance (NEON.DOC.000646),Level-1 FIU measurement stream readout type
2014-04-03 09:30:00.0,2014-04-03 10:00:00.0,0.0118518745514688515763079834641757770441,,Celsius*Celsius,Version 1.0,Temperature Variance (NEON.DOC.000646),Level-1 FIU measurement stream readout type
2014-04-03 10:00:00.0,2014-04-03 10:30:00.0,0.008370973593705461832104042230184859363362,,Celsius*Celsius,Version 1.0,Temperature Variance (NEON.DOC.000646),Level-1 FIU measurement stream readout type
2014-04-03 10:30:00.0,2014-04-03 11:00:00.0,0.007147882283382499257751163668217486701905,,Celsius*Celsius,Version 1.0,Temperature Variance (NEON.DOC.000646),Level-1 FIU measurement stream readout type
2014-04-03 11:00:00.0,2014-04-03 11:30:00.0,0.0282336179592022513962223939643081394024,,Celsius*Celsius,Version 1.0,Temperature Variance (NEON.DOC.000646),Level-1 FIU measurement stream readout type
2014-04-03 11:30:00.0,2014-04-03 12:00:00.0,0.1568624986635875351304036939836805686354,,Celsius*Celsius,Version 1.0,Temperature Variance (NEON.DOC.000646),Level-1 FIU measurement stream readout type
2014-04-03 12:00:00.0,2014-04-03 12:30:00.0,0.0328501669133203361150563637238519731909,,Celsius*Celsius,Version 1.0,Temperature Variance (NEON.DOC.000646),Level-1 FIU measurement stream readout type
2014-04-03 12:30:00.0,2014-04-03 13:00:00.0,0.092006098791951915205622469784429995343,,Celsius*Celsius,Version 1.0,Temperature Variance (NEON.DOC.000646),Level-1 FIU measurement stream readout type
2014-04-03 13:00:00.0,2014-04-03 13:30:00.0,0.2866183348442841172243333858205005526542,,Celsius*Celsius,Version 1.0,Temperature Variance (NEON.DOC.000646),Level-1 FIU measurement stream readout type
2014-04-03 13:30:00.0,2014-04-03 14:00:00.0,0.1528191315554063012260854748092242516577,,Celsius*Celsius,Version 1.0,Temperature Variance (NEON.DOC.000646),Level-1 FIU measurement stream readout type
2014-04-03 14:00:00.0,2014-04-03 14:30:00.0,0.0943548117518685780513720828821533359587,,Celsius*Celsius,Version 1.0,Temperature Variance (NEON.DOC.000646),Level-1 FIU measurement stream readout type
2014-04-03 14:30:00.0,2014-04-03 15:00:00.0,0.0860780975700776440628914087938028387725,,Celsius*Celsius,Version 1.0,Temperature Variance (NEON.DOC.000646),Level-1 FIU measurement stream readout type
2014-04-03 15:00:00.0,2014-04-03 15:30:00.0,0.0977963732626340315201574071579670999199,,Celsius*Celsius,Version 1.0,Temperature Variance (NEON.DOC.000646),Level-1 FIU measurement stream readout type
2014-04-03 15:30:00.0,2014-04-03 16:00:00.0,0.1248627368784292340775365914851136039942,,Celsius*Celsius,Version 1.0,Temperature Variance (NEON.DOC.000646),Level-1 FIU measurement stream readout type
2014-04-03 16:00:00.0,2014-04-03 16:30:00.0,0.0891077916631401178992888389984727837145,,Celsius*Celsius,Version 1.0,Temperature Variance (NEON.DOC.000646),Level-1 FIU measurement stream readout type
2014-04-03 16:30:00.0,2014-04-03 17:00:00.0,0.1114607481340421507587379323922505136579,,Celsius*Celsius,Version 1.0,Temperature Variance (NEON.DOC.000646),Level-1 FIU measurement stream readout type
2014-04-03 17:00:00.0,2014-04-03 17:30:00.0,0.1070887195699755656264073877537157386541,,Celsius*Celsius,Version 1.0,Temperature Variance (NEON.DOC.000646),Level-1 FIU measurement stream readout type
2014-04-03 17:30:00.0,2014-04-03 18:00:00.0,0.1381353021327317576183446590221137739717,,Celsius*Celsius,Version 1.0,Temperature Variance (NEON.DOC.000646),Level-1 FIU measurement stream readout type
2014-04-03 18:00:00.0,2014-04-03 18:30:00.0,0.1120047753513281202364382238556572701781,,Celsius*Celsius,Version 1.0,Temperature Variance (NEON.DOC.000646),Level-1 FIU measurement stream readout type
2014-04-03 18:30:00.0,2014-04-03 19:00:00.0,0.0978912360345042670273230100974615197628,,Celsius*Celsius,Version 1.0,Temperature Variance (NEON.DOC.000646),Level-1 FIU measurement stream readout type
2014-04-03 19:00:00.0,2014-04-03 19:30:00.0,0.1430439281634909576279568454992840997874,,Celsius*Celsius,Version 1.0,Temperature Variance (NEON.DOC.000646),Level-1 FIU measurement stream readout type
2014-04-03 19:30:00.0,2014-04-03 20:00:00.0,0.0793135968692597337348360042597050778567,,Celsius*Celsius,Version 1.0,Temperature Variance (NEON.DOC.000646),Level-1 FIU measurement stream readout type
2014-04-03 20:00:00.0,2014-04-03 20:30:00.0,0.1153686152770057038452478082035668194293,,Celsius*Celsius,Version 1.0,Temperature Variance (NEON.DOC.000646),Level-1 FIU measurement stream readout type
2014-04-03 20:30:00.0,2014-04-03 21:00:00.0,0.0885021990254629686845078140322584658861,,Celsius*Celsius,Version 1.0,Temperature Variance (NEON.DOC.000646),Level-1 FIU measurement stream readout type
2014-04-03 21:00:00.0,2014-04-03 21:30:00.0,0.0533695829630096083007195773006969830021,,Celsius*Celsius,Version 1.0,Temperature Variance (NEON.DOC.000646),Level-1 FIU measurement stream readout type
2014-04-03 21:30:00.0,2014-04-03 22:00:00.0,0.0188890134422691757798418166203191503882,,Celsius*Celsius,Version 1.0,Temperature Variance (NEON.DOC.000646),Level-1 FIU measurement stream readout type
2014-04-03 22:00:00.0,2014-04-03 22:30:00.0,0.008962942022719517023987556569863954791799,,Celsius*Celsius,Version 1.0,Temperature Variance (NEON.DOC.000646),Level-1 FIU measurement stream readout type
2014-04-03 22:30:00.0,2014-04-03 23:00:00.0,0.041614724112690584800766657735948683694,,Celsius*Celsius,Version 1.0,Temperature Variance (NEON.DOC.000646),Level-1 FIU measurement stream readout type
2014-04-03 23:00:00.0,2014-04-03 23:30:00.0,0.2922764124399340190940677075559506192803,,Celsius*Celsius,Version 1.0,Temperature Variance (NEON.DOC.000646),Level-1 FIU measurement stream readout type
2014-04-03 23:30:00.0,2014-04-04 00:00:00.0,0.0940546430079510636934614353776851203292,,Celsius*Celsius,Version 1.0,Temperature Variance (NEON.DOC.000646),Level-1 FIU measurement stream readout type
2014-04-04 00:00:00.0,2014-04-04 00:30:00.0,0.0826053410008878163939272099014488048851,,Celsius*Celsius,Version 1.0,Temperature Variance (NEON.DOC.000646),Level-1 FIU measurement stream readout type
