# Data from NEON Inc.
# These data are provided under the terms of the NEON data policy included in this data download.
# Data Product ID: NEON.D10.RS1.DP1.00002.001.001.003.002
# Data Product Name: 30 minutes mean temperature tower level 3
# Site: Sterling Site, RELOCATABLE (CO)
# Geographic coordinates (lat/long): 40.4619/-103.0293
# Domain: Domain 10
# Query Citation Code: 44AFD15813B64FDE80CE422935E746A5
# Date-Time of Query Submission: 2014-07-10 16:33 (UTC)
# Start Date-Time for Data: 2014-04-03 00:00 (UTC)
# End Date-Time for Data: 2014-04-04 00:00 (UTC)
# 
### Sensor Metadata Below
### Sensor information: Thermometrics Climate RTD 100  Omega  Probe and Met One 076B aspirated radiation shield
### Units: deg C
### Sampling Rate (Hz): 1
### Assembly repeatability (precision) in deg C: 0.0025
### Assembly refers to the sensor(s) and relevant components (e.g. DAS); here repeatability represents the maximum expected assembly noise given at 95% confidence.
### Boom Level: 3
### Height Above Ground Level (m): 4.606
### Lat/Lon: 40.46187293/-103.0293535
### Threshold For Range test (Hard): min:  -89.2 (deg C) max:  56.7 (deg C)
### Threshold for Range test (soft): min: -54.4 (deg C) max: 46.1 (deg C)
### Threshold For Step test: 0.5 (deg C)
#
Start Date,End Date,Data 1,Data 2,Units,Readout Version,Value Name,Measurement Readout Type Name
2014-04-03 00:00:00.0,2014-04-03 00:30:00.0,1800,,none,Version 1.0,Number of points used in data product mean value,Temperature Mean measurement stream value type (NEON.DOC.000646)
2014-04-03 00:00:00.0,2014-04-03 00:30:00.0,0.003753510947754901735246013672053777554538,,degree Celsius,Version 1.0,Temperature Standard Error  (NEON.DOC.000652),Temperature Mean measurement stream value type (NEON.DOC.000646)
2014-04-03 00:00:00.0,2014-04-03 00:30:00.0,0.0118604637697383007849394331856274220626,,degree Celsius,Version 1.0,Temperature Expanded Uncertainty (NEON.DOC.000646),Temperature Mean measurement stream value type (NEON.DOC.000646)
2014-04-03 00:00:00.0,2014-04-03 00:30:00.0,7.15252193614682418854044954059645533561,,degree Celsius,Version 1.0,Temperature Mean (NEON.DOC.000646),Temperature Mean measurement stream value type (NEON.DOC.000646)
2014-04-03 00:30:00.0,2014-04-03 01:00:00.0,1800,,none,Version 1.0,Number of points used in data product mean value,Temperature Mean measurement stream value type (NEON.DOC.000646)
2014-04-03 00:30:00.0,2014-04-03 01:00:00.0,0.003226273912388842417253709271562911453656,,degree Celsius,Version 1.0,Temperature Standard Error  (NEON.DOC.000652),Temperature Mean measurement stream value type (NEON.DOC.000646)
2014-04-03 00:30:00.0,2014-04-03 01:00:00.0,6.5604988654451874552364643022883683443,,degree Celsius,Version 1.0,Temperature Mean (NEON.DOC.000646),Temperature Mean measurement stream value type (NEON.DOC.000646)
2014-04-03 00:30:00.0,2014-04-03 01:00:00.0,0.0112196433142987359726783225255530851427,,degree Celsius,Version 1.0,Temperature Expanded Uncertainty (NEON.DOC.000646),Temperature Mean measurement stream value type (NEON.DOC.000646)
2014-04-03 01:00:00.0,2014-04-03 01:30:00.0,1800,,none,Version 1.0,Number of points used in data product mean value,Temperature Mean measurement stream value type (NEON.DOC.000646)
2014-04-03 01:00:00.0,2014-04-03 01:30:00.0,0.004017009003358915780745874712920340243726,,degree Celsius,Version 1.0,Temperature Standard Error  (NEON.DOC.000652),Temperature Mean measurement stream value type (NEON.DOC.000646)
2014-04-03 01:00:00.0,2014-04-03 01:30:00.0,0.0121751398462461753180452461720051360316,,degree Celsius,Version 1.0,Temperature Expanded Uncertainty (NEON.DOC.000646),Temperature Mean measurement stream value type (NEON.DOC.000646)
2014-04-03 01:00:00.0,2014-04-03 01:30:00.0,6.07438063116027660015561195905320346355,,degree Celsius,Version 1.0,Temperature Mean (NEON.DOC.000646),Temperature Mean measurement stream value type (NEON.DOC.000646)
2014-04-03 01:30:00.0,2014-04-03 02:00:00.0,0.0217994873523697264838805409681299352087,,degree Celsius,Version 1.0,Temperature Expanded Uncertainty (NEON.DOC.000646),Temperature Mean measurement stream value type (NEON.DOC.000646)
2014-04-03 01:30:00.0,2014-04-03 02:00:00.0,5.05006751748861493211961715132929384708,,degree Celsius,Version 1.0,Temperature Mean (NEON.DOC.000646),Temperature Mean measurement stream value type (NEON.DOC.000646)
2014-04-03 01:30:00.0,2014-04-03 02:00:00.0,1800,,none,Version 1.0,Number of points used in data product mean value,Temperature Mean measurement stream value type (NEON.DOC.000646)
2014-04-03 01:30:00.0,2014-04-03 02:00:00.0,0.009963436210343561139080037492021801881492,,degree Celsius,Version 1.0,Temperature Standard Error  (NEON.DOC.000652),Temperature Mean measurement stream value type (NEON.DOC.000646)
2014-04-03 02:00:00.0,2014-04-03 02:30:00.0,3.93027562252745976678625083877705037593,,degree Celsius,Version 1.0,Temperature Mean (NEON.DOC.000646),Temperature Mean measurement stream value type (NEON.DOC.000646)
2014-04-03 02:00:00.0,2014-04-03 02:30:00.0,0.00616585042491468292985556942653602163773,,degree Celsius,Version 1.0,Temperature Standard Error  (NEON.DOC.000652),Temperature Mean measurement stream value type (NEON.DOC.000646)
2014-04-03 02:00:00.0,2014-04-03 02:30:00.0,1800,,none,Version 1.0,Number of points used in data product mean value,Temperature Mean measurement stream value type (NEON.DOC.000646)
2014-04-03 02:00:00.0,2014-04-03 02:30:00.0,0.0152820450745406316572783111951139289885,,degree Celsius,Version 1.0,Temperature Expanded Uncertainty (NEON.DOC.000646),Temperature Mean measurement stream value type (NEON.DOC.000646)
2014-04-03 02:30:00.0,2014-04-03 03:00:00.0,2.92084180808276272500734194181859493255,,degree Celsius,Version 1.0,Temperature Mean (NEON.DOC.000646),Temperature Mean measurement stream value type (NEON.DOC.000646)
2014-04-03 02:30:00.0,2014-04-03 03:00:00.0,1800,,none,Version 1.0,Number of points used in data product mean value,Temperature Mean measurement stream value type (NEON.DOC.000646)
2014-04-03 02:30:00.0,2014-04-03 03:00:00.0,0.004424627990198687355061224479868542402982,,degree Celsius,Version 1.0,Temperature Standard Error  (NEON.DOC.000652),Temperature Mean measurement stream value type (NEON.DOC.000646)
2014-04-03 02:30:00.0,2014-04-03 03:00:00.0,0.0126715466999984018026115251132068806327,,degree Celsius,Version 1.0,Temperature Expanded Uncertainty (NEON.DOC.000646),Temperature Mean measurement stream value type (NEON.DOC.000646)
2014-04-03 03:00:00.0,2014-04-03 03:30:00.0,1800,,none,Version 1.0,Number of points used in data product mean value,Temperature Mean measurement stream value type (NEON.DOC.000646)
2014-04-03 03:00:00.0,2014-04-03 03:30:00.0,2.05379623871359262565761127916630357503,,degree Celsius,Version 1.0,Temperature Mean (NEON.DOC.000646),Temperature Mean measurement stream value type (NEON.DOC.000646)
2014-04-03 03:00:00.0,2014-04-03 03:30:00.0,0.006037715822539728958984195372750036767683,,degree Celsius,Version 1.0,Temperature Standard Error  (NEON.DOC.000652),Temperature Mean measurement stream value type (NEON.DOC.000646)
2014-04-03 03:00:00.0,2014-04-03 03:30:00.0,0.015056792670339349399233341841863875743,,degree Celsius,Version 1.0,Temperature Expanded Uncertainty (NEON.DOC.000646),Temperature Mean measurement stream value type (NEON.DOC.000646)
2014-04-03 03:30:00.0,2014-04-03 04:00:00.0,0.001745170094809142188885253688113152747973,,degree Celsius,Version 1.0,Temperature Standard Error  (NEON.DOC.000652),Temperature Mean measurement stream value type (NEON.DOC.000646)
2014-04-03 03:30:00.0,2014-04-03 04:00:00.0,1800,,none,Version 1.0,Number of points used in data product mean value,Temperature Mean measurement stream value type (NEON.DOC.000646)
2014-04-03 03:30:00.0,2014-04-03 04:00:00.0,1.80822543117219769470693790935911238193,,degree Celsius,Version 1.0,Temperature Mean (NEON.DOC.000646),Temperature Mean measurement stream value type (NEON.DOC.000646)
2014-04-03 03:30:00.0,2014-04-03 04:00:00.0,0.009743363897273708135182701539633853826671,,degree Celsius,Version 1.0,Temperature Expanded Uncertainty (NEON.DOC.000646),Temperature Mean measurement stream value type (NEON.DOC.000646)
2014-04-03 04:00:00.0,2014-04-03 04:30:00.0,0.0160934073472699321061263333376700757071,,degree Celsius,Version 1.0,Temperature Expanded Uncertainty (NEON.DOC.000646),Temperature Mean measurement stream value type (NEON.DOC.000646)
2014-04-03 04:00:00.0,2014-04-03 04:30:00.0,0.0066883669098408773945330096921679796651,,degree Celsius,Version 1.0,Temperature Standard Error  (NEON.DOC.000652),Temperature Mean measurement stream value type (NEON.DOC.000646)
2014-04-03 04:00:00.0,2014-04-03 04:30:00.0,1800,,none,Version 1.0,Number of points used in data product mean value,Temperature Mean measurement stream value type (NEON.DOC.000646)
2014-04-03 04:00:00.0,2014-04-03 04:30:00.0,1.24101871330447166563715200027218088507,,degree Celsius,Version 1.0,Temperature Mean (NEON.DOC.000646),Temperature Mean measurement stream value type (NEON.DOC.000646)
2014-04-03 04:30:00.0,2014-04-03 05:00:00.0,0.8925685217690897399478444640408270061016,,degree Celsius,Version 1.0,Temperature Mean (NEON.DOC.000646),Temperature Mean measurement stream value type (NEON.DOC.000646)
2014-04-03 04:30:00.0,2014-04-03 05:00:00.0,0.000974597287220479394781458282182029506657,,degree Celsius,Version 1.0,Temperature Standard Error  (NEON.DOC.000652),Temperature Mean measurement stream value type (NEON.DOC.000646)
2014-04-03 04:30:00.0,2014-04-03 05:00:00.0,1800,,none,Version 1.0,Number of points used in data product mean value,Temperature Mean measurement stream value type (NEON.DOC.000646)
2014-04-03 04:30:00.0,2014-04-03 05:00:00.0,0.009290329249879854603411111213517870055511,,degree Celsius,Version 1.0,Temperature Expanded Uncertainty (NEON.DOC.000646),Temperature Mean measurement stream value type (NEON.DOC.000646)
2014-04-03 05:00:00.0,2014-04-03 05:30:00.0,0.8509578872835358298587493663944769650697,,degree Celsius,Version 1.0,Temperature Mean (NEON.DOC.000646),Temperature Mean measurement stream value type (NEON.DOC.000646)
2014-04-03 05:00:00.0,2014-04-03 05:30:00.0,0.009242663299846144361882060991320031462237,,degree Celsius,Version 1.0,Temperature Expanded Uncertainty (NEON.DOC.000646),Temperature Mean measurement stream value type (NEON.DOC.000646)
2014-04-03 05:00:00.0,2014-04-03 05:30:00.0,0.000853407833703238101648314017921848062542,,degree Celsius,Version 1.0,Temperature Standard Error  (NEON.DOC.000652),Temperature Mean measurement stream value type (NEON.DOC.000646)
2014-04-03 05:00:00.0,2014-04-03 05:30:00.0,1800,,none,Version 1.0,Number of points used in data product mean value,Temperature Mean measurement stream value type (NEON.DOC.000646)
2014-04-03 05:30:00.0,2014-04-03 06:00:00.0,0.002077035793518013095937391199186095036566,,degree Celsius,Version 1.0,Temperature Standard Error  (NEON.DOC.000652),Temperature Mean measurement stream value type (NEON.DOC.000646)
2014-04-03 05:30:00.0,2014-04-03 06:00:00.0,0.9439057849977779968142499456007499247789,,degree Celsius,Version 1.0,Temperature Mean (NEON.DOC.000646),Temperature Mean measurement stream value type (NEON.DOC.000646)
2014-04-03 05:30:00.0,2014-04-03 06:00:00.0,1800,,none,Version 1.0,Number of points used in data product mean value,Temperature Mean measurement stream value type (NEON.DOC.000646)
2014-04-03 05:30:00.0,2014-04-03 06:00:00.0,0.009980287862194809483940005634394765365868,,degree Celsius,Version 1.0,Temperature Expanded Uncertainty (NEON.DOC.000646),Temperature Mean measurement stream value type (NEON.DOC.000646)
2014-04-03 06:00:00.0,2014-04-03 06:30:00.0,1800,,none,Version 1.0,Number of points used in data product mean value,Temperature Mean measurement stream value type (NEON.DOC.000646)
2014-04-03 06:00:00.0,2014-04-03 06:30:00.0,0.8835082599468530029085400201438460499048,,degree Celsius,Version 1.0,Temperature Mean (NEON.DOC.000646),Temperature Mean measurement stream value type (NEON.DOC.000646)
2014-04-03 06:00:00.0,2014-04-03 06:30:00.0,0.002514453634234111237266695582093234406784,,degree Celsius,Version 1.0,Temperature Standard Error  (NEON.DOC.000652),Temperature Mean measurement stream value type (NEON.DOC.000646)
2014-04-03 06:00:00.0,2014-04-03 06:30:00.0,0.0103666997728254339089515312366529542487,,degree Celsius,Version 1.0,Temperature Expanded Uncertainty (NEON.DOC.000646),Temperature Mean measurement stream value type (NEON.DOC.000646)
2014-04-03 06:30:00.0,2014-04-03 07:00:00.0,0.001761920869325015988685056989027089002775,,degree Celsius,Version 1.0,Temperature Standard Error  (NEON.DOC.000652),Temperature Mean measurement stream value type (NEON.DOC.000646)
2014-04-03 06:30:00.0,2014-04-03 07:00:00.0,0.009729650393329045826584788869695330504328,,degree Celsius,Version 1.0,Temperature Expanded Uncertainty (NEON.DOC.000646),Temperature Mean measurement stream value type (NEON.DOC.000646)
2014-04-03 06:30:00.0,2014-04-03 07:00:00.0,1800,,none,Version 1.0,Number of points used in data product mean value,Temperature Mean measurement stream value type (NEON.DOC.000646)
2014-04-03 06:30:00.0,2014-04-03 07:00:00.0,0.4935425524881509873331708604382583871483,,degree Celsius,Version 1.0,Temperature Mean (NEON.DOC.000646),Temperature Mean measurement stream value type (NEON.DOC.000646)
2014-04-03 07:00:00.0,2014-04-03 07:30:00.0,1800,,none,Version 1.0,Number of points used in data product mean value,Temperature Mean measurement stream value type (NEON.DOC.000646)
2014-04-03 07:00:00.0,2014-04-03 07:30:00.0,0.00259856485790822865425409027295700070681,,degree Celsius,Version 1.0,Temperature Standard Error  (NEON.DOC.000652),Temperature Mean measurement stream value type (NEON.DOC.000646)
2014-04-03 07:00:00.0,2014-04-03 07:30:00.0,0.3132560992395684862366067591210594400763,,degree Celsius,Version 1.0,Temperature Mean (NEON.DOC.000646),Temperature Mean measurement stream value type (NEON.DOC.000646)
2014-04-03 07:00:00.0,2014-04-03 07:30:00.0,0.010438571546511418372538138044092193013,,degree Celsius,Version 1.0,Temperature Expanded Uncertainty (NEON.DOC.000646),Temperature Mean measurement stream value type (NEON.DOC.000646)
2014-04-03 07:30:00.0,2014-04-03 08:00:00.0,0.142657987444714473568296853045467287302,,degree Celsius,Version 1.0,Temperature Mean (NEON.DOC.000646),Temperature Mean measurement stream value type (NEON.DOC.000646)
2014-04-03 07:30:00.0,2014-04-03 08:00:00.0,0.000533541722870367520620282775212217529769,,degree Celsius,Version 1.0,Temperature Standard Error  (NEON.DOC.000652),Temperature Mean measurement stream value type (NEON.DOC.000646)
2014-04-03 07:30:00.0,2014-04-03 08:00:00.0,1800,,none,Version 1.0,Number of points used in data product mean value,Temperature Mean measurement stream value type (NEON.DOC.000646)
2014-04-03 07:30:00.0,2014-04-03 08:00:00.0,0.009131440673127953766563535964451148174703,,degree Celsius,Version 1.0,Temperature Expanded Uncertainty (NEON.DOC.000646),Temperature Mean measurement stream value type (NEON.DOC.000646)
2014-04-03 08:00:00.0,2014-04-03 08:30:00.0,0.000723762338085521357219920268732948898104,,degree Celsius,Version 1.0,Temperature Standard Error  (NEON.DOC.000652),Temperature Mean measurement stream value type (NEON.DOC.000646)
2014-04-03 08:00:00.0,2014-04-03 08:30:00.0,0.0477386056348806514515459298308996949344,,degree Celsius,Version 1.0,Temperature Mean (NEON.DOC.000646),Temperature Mean measurement stream value type (NEON.DOC.000646)
2014-04-03 08:00:00.0,2014-04-03 08:30:00.0,1800,,none,Version 1.0,Number of points used in data product mean value,Temperature Mean measurement stream value type (NEON.DOC.000646)
2014-04-03 08:00:00.0,2014-04-03 08:30:00.0,0.009180638120229820536843945433247426990419,,degree Celsius,Version 1.0,Temperature Expanded Uncertainty (NEON.DOC.000646),Temperature Mean measurement stream value type (NEON.DOC.000646)
2014-04-03 08:30:00.0,2014-04-03 09:00:00.0,0.0211331817058988194468760468680557096377,,degree Celsius,Version 1.0,Temperature Mean (NEON.DOC.000646),Temperature Mean measurement stream value type (NEON.DOC.000646)
2014-04-03 08:30:00.0,2014-04-03 09:00:00.0,1800,,none,Version 1.0,Number of points used in data product mean value,Temperature Mean measurement stream value type (NEON.DOC.000646)
2014-04-03 08:30:00.0,2014-04-03 09:00:00.0,0.000377024964240937801151359876072888255293,,degree Celsius,Version 1.0,Temperature Standard Error  (NEON.DOC.000652),Temperature Mean measurement stream value type (NEON.DOC.000646)
2014-04-03 08:30:00.0,2014-04-03 09:00:00.0,0.009097311713071392150209426574747340055182,,degree Celsius,Version 1.0,Temperature Expanded Uncertainty (NEON.DOC.000646),Temperature Mean measurement stream value type (NEON.DOC.000646)
2014-04-03 09:00:00.0,2014-04-03 09:30:00.0,0.000169000324276181198950019801685584752704,,degree Celsius,Version 1.0,Temperature Standard Error  (NEON.DOC.000652),Temperature Mean measurement stream value type (NEON.DOC.000646)
2014-04-03 09:00:00.0,2014-04-03 09:30:00.0,0.009072291627698372135091275936247257050126,,degree Celsius,Version 1.0,Temperature Expanded Uncertainty (NEON.DOC.000646),Temperature Mean measurement stream value type (NEON.DOC.000646)
2014-04-03 09:00:00.0,2014-04-03 09:30:00.0,0.0160512618119911382175146741246862802654,,degree Celsius,Version 1.0,Temperature Mean (NEON.DOC.000646),Temperature Mean measurement stream value type (NEON.DOC.000646)
2014-04-03 09:00:00.0,2014-04-03 09:30:00.0,1800,,none,Version 1.0,Number of points used in data product mean value,Temperature Mean measurement stream value type (NEON.DOC.000646)
2014-04-03 09:30:00.0,2014-04-03 10:00:00.0,1800,,none,Version 1.0,Number of points used in data product mean value,Temperature Mean measurement stream value type (NEON.DOC.000646)
2014-04-03 09:30:00.0,2014-04-03 10:00:00.0,0.000423371195686414849082557232406998082296,,degree Celsius,Version 1.0,Temperature Standard Error  (NEON.DOC.000652),Temperature Mean measurement stream value type (NEON.DOC.000646)
2014-04-03 09:30:00.0,2014-04-03 10:00:00.0,0.009104777405772767479019691450048412661999,,degree Celsius,Version 1.0,Temperature Expanded Uncertainty (NEON.DOC.000646),Temperature Mean measurement stream value type (NEON.DOC.000646)
2014-04-03 09:30:00.0,2014-04-03 10:00:00.0,-0.00564664878907938927454779332038015127182,,degree Celsius,Version 1.0,Temperature Mean (NEON.DOC.000646),Temperature Mean measurement stream value type (NEON.DOC.000646)
2014-04-03 10:00:00.0,2014-04-03 10:30:00.0,1800,,none,Version 1.0,Number of points used in data product mean value,Temperature Mean measurement stream value type (NEON.DOC.000646)
2014-04-03 10:00:00.0,2014-04-03 10:30:00.0,0.000817211308662733806190692220638993603643,,degree Celsius,Version 1.0,Temperature Standard Error  (NEON.DOC.000652),Temperature Mean measurement stream value type (NEON.DOC.000646)
2014-04-03 10:00:00.0,2014-04-03 10:30:00.0,0.0454080918873353139852966364742314908653,,degree Celsius,Version 1.0,Temperature Mean (NEON.DOC.000646),Temperature Mean measurement stream value type (NEON.DOC.000646)
2014-04-03 10:00:00.0,2014-04-03 10:30:00.0,0.009211521596132860381644924530064599821344,,degree Celsius,Version 1.0,Temperature Expanded Uncertainty (NEON.DOC.000646),Temperature Mean measurement stream value type (NEON.DOC.000646)
2014-04-03 10:30:00.0,2014-04-03 11:00:00.0,0.1257087915127853838814786513466970063745,,degree Celsius,Version 1.0,Temperature Mean (NEON.DOC.000646),Temperature Mean measurement stream value type (NEON.DOC.000646)
2014-04-03 10:30:00.0,2014-04-03 11:00:00.0,1800,,none,Version 1.0,Number of points used in data product mean value,Temperature Mean measurement stream value type (NEON.DOC.000646)
2014-04-03 10:30:00.0,2014-04-03 11:00:00.0,0.00046987517894134418761087346183558111079,,degree Celsius,Version 1.0,Temperature Standard Error  (NEON.DOC.000652),Temperature Mean measurement stream value type (NEON.DOC.000646)
2014-04-03 10:30:00.0,2014-04-03 11:00:00.0,0.00911658314561632383832279202806603279896,,degree Celsius,Version 1.0,Temperature Expanded Uncertainty (NEON.DOC.000646),Temperature Mean measurement stream value type (NEON.DOC.000646)
2014-04-03 11:00:00.0,2014-04-03 11:30:00.0,0.0895164063599467457743585896423610392957,,degree Celsius,Version 1.0,Temperature Mean (NEON.DOC.000646),Temperature Mean measurement stream value type (NEON.DOC.000646)
2014-04-03 11:00:00.0,2014-04-03 11:30:00.0,0.001928292051392437034262883344126748852431,,degree Celsius,Version 1.0,Temperature Standard Error  (NEON.DOC.000652),Temperature Mean measurement stream value type (NEON.DOC.000646)
2014-04-03 11:00:00.0,2014-04-03 11:30:00.0,0.009843423247114992113981912780218408443033,,degree Celsius,Version 1.0,Temperature Expanded Uncertainty (NEON.DOC.000646),Temperature Mean measurement stream value type (NEON.DOC.000646)
2014-04-03 11:00:00.0,2014-04-03 11:30:00.0,1800,,none,Version 1.0,Number of points used in data product mean value,Temperature Mean measurement stream value type (NEON.DOC.000646)
2014-04-03 11:30:00.0,2014-04-03 12:00:00.0,-0.0373240080384438094318610978916694875806,,degree Celsius,Version 1.0,Temperature Mean (NEON.DOC.000646),Temperature Mean measurement stream value type (NEON.DOC.000646)
2014-04-03 11:30:00.0,2014-04-03 12:00:00.0,0.000447871029895563856938756064351991881267,,degree Celsius,Version 1.0,Temperature Standard Error  (NEON.DOC.000652),Temperature Mean measurement stream value type (NEON.DOC.000646)
2014-04-03 11:30:00.0,2014-04-03 12:00:00.0,1800,,none,Version 1.0,Number of points used in data product mean value,Temperature Mean measurement stream value type (NEON.DOC.000646)
2014-04-03 11:30:00.0,2014-04-03 12:00:00.0,0.009108785308952737844179203818839596351608,,degree Celsius,Version 1.0,Temperature Expanded Uncertainty (NEON.DOC.000646),Temperature Mean measurement stream value type (NEON.DOC.000646)
2014-04-03 12:00:00.0,2014-04-03 12:30:00.0,0.000877872035186529823917733761362569566699,,degree Celsius,Version 1.0,Temperature Standard Error  (NEON.DOC.000652),Temperature Mean measurement stream value type (NEON.DOC.000646)
2014-04-03 12:00:00.0,2014-04-03 12:30:00.0,-0.0147664502482533384342122673160702106542,,degree Celsius,Version 1.0,Temperature Mean (NEON.DOC.000646),Temperature Mean measurement stream value type (NEON.DOC.000646)
2014-04-03 12:00:00.0,2014-04-03 12:30:00.0,0.009232096872969266718178538155825663125142,,degree Celsius,Version 1.0,Temperature Expanded Uncertainty (NEON.DOC.000646),Temperature Mean measurement stream value type (NEON.DOC.000646)
2014-04-03 12:00:00.0,2014-04-03 12:30:00.0,1800,,none,Version 1.0,Number of points used in data product mean value,Temperature Mean measurement stream value type (NEON.DOC.000646)
2014-04-03 12:30:00.0,2014-04-03 13:00:00.0,0.009086867791546819617121144574412028305232,,degree Celsius,Version 1.0,Temperature Expanded Uncertainty (NEON.DOC.000646),Temperature Mean measurement stream value type (NEON.DOC.000646)
2014-04-03 12:30:00.0,2014-04-03 13:00:00.0,0.064653857333289335707071643355448031798,,degree Celsius,Version 1.0,Temperature Mean (NEON.DOC.000646),Temperature Mean measurement stream value type (NEON.DOC.000646)
2014-04-03 12:30:00.0,2014-04-03 13:00:00.0,1800,,none,Version 1.0,Number of points used in data product mean value,Temperature Mean measurement stream value type (NEON.DOC.000646)
2014-04-03 12:30:00.0,2014-04-03 13:00:00.0,0.00030182395668636131588757898214225861011,,degree Celsius,Version 1.0,Temperature Standard Error  (NEON.DOC.000652),Temperature Mean measurement stream value type (NEON.DOC.000646)
2014-04-03 13:00:00.0,2014-04-03 13:30:00.0,1800,,none,Version 1.0,Number of points used in data product mean value,Temperature Mean measurement stream value type (NEON.DOC.000646)
2014-04-03 13:00:00.0,2014-04-03 13:30:00.0,0.000460776117075472452754014707210217238753,,degree Celsius,Version 1.0,Temperature Standard Error  (NEON.DOC.000652),Temperature Mean measurement stream value type (NEON.DOC.000646)
2014-04-03 13:00:00.0,2014-04-03 13:30:00.0,0.138990621845105383203033966310613323003,,degree Celsius,Version 1.0,Temperature Mean (NEON.DOC.000646),Temperature Mean measurement stream value type (NEON.DOC.000646)
2014-04-03 13:00:00.0,2014-04-03 13:30:00.0,0.009114886377660695246372135613910359097644,,degree Celsius,Version 1.0,Temperature Expanded Uncertainty (NEON.DOC.000646),Temperature Mean measurement stream value type (NEON.DOC.000646)
2014-04-03 13:30:00.0,2014-04-03 14:00:00.0,0.1626661042351835451125197096189367584884,,degree Celsius,Version 1.0,Temperature Mean (NEON.DOC.000646),Temperature Mean measurement stream value type (NEON.DOC.000646)
2014-04-03 13:30:00.0,2014-04-03 14:00:00.0,0.00029899258937685806777201369399676877947,,degree Celsius,Version 1.0,Temperature Standard Error  (NEON.DOC.000652),Temperature Mean measurement stream value type (NEON.DOC.000646)
2014-04-03 13:30:00.0,2014-04-03 14:00:00.0,1800,,none,Version 1.0,Number of points used in data product mean value,Temperature Mean measurement stream value type (NEON.DOC.000646)
2014-04-03 13:30:00.0,2014-04-03 14:00:00.0,0.009089025150586745038783220707045984454452,,degree Celsius,Version 1.0,Temperature Expanded Uncertainty (NEON.DOC.000646),Temperature Mean measurement stream value type (NEON.DOC.000646)
2014-04-03 14:00:00.0,2014-04-03 14:30:00.0,1800,,none,Version 1.0,Number of points used in data product mean value,Temperature Mean measurement stream value type (NEON.DOC.000646)
2014-04-03 14:00:00.0,2014-04-03 14:30:00.0,0.1202447562668897407256451970170019194483,,degree Celsius,Version 1.0,Temperature Mean (NEON.DOC.000646),Temperature Mean measurement stream value type (NEON.DOC.000646)
2014-04-03 14:00:00.0,2014-04-03 14:30:00.0,0.009147153357904053497251517512722784886136,,degree Celsius,Version 1.0,Temperature Expanded Uncertainty (NEON.DOC.000646),Temperature Mean measurement stream value type (NEON.DOC.000646)
2014-04-03 14:00:00.0,2014-04-03 14:30:00.0,0.000600948043625359096427118732464123240788,,degree Celsius,Version 1.0,Temperature Standard Error  (NEON.DOC.000652),Temperature Mean measurement stream value type (NEON.DOC.000646)
2014-04-03 14:30:00.0,2014-04-03 15:00:00.0,0.009294281128673335598544547053734277142211,,degree Celsius,Version 1.0,Temperature Expanded Uncertainty (NEON.DOC.000646),Temperature Mean measurement stream value type (NEON.DOC.000646)
2014-04-03 14:30:00.0,2014-04-03 15:00:00.0,0.2609054245458747312014224917220417410135,,degree Celsius,Version 1.0,Temperature Mean (NEON.DOC.000646),Temperature Mean measurement stream value type (NEON.DOC.000646)
2014-04-03 14:30:00.0,2014-04-03 15:00:00.0,1800,,none,Version 1.0,Number of points used in data product mean value,Temperature Mean measurement stream value type (NEON.DOC.000646)
2014-04-03 14:30:00.0,2014-04-03 15:00:00.0,0.001016545944339385327062630359762351872632,,degree Celsius,Version 1.0,Temperature Standard Error  (NEON.DOC.000652),Temperature Mean measurement stream value type (NEON.DOC.000646)
2014-04-03 15:00:00.0,2014-04-03 15:30:00.0,0.254566406634114394957890681325807236135,,degree Celsius,Version 1.0,Temperature Mean (NEON.DOC.000646),Temperature Mean measurement stream value type (NEON.DOC.000646)
2014-04-03 15:00:00.0,2014-04-03 15:30:00.0,0.009427752857769764252560129591529403114691,,degree Celsius,Version 1.0,Temperature Expanded Uncertainty (NEON.DOC.000646),Temperature Mean measurement stream value type (NEON.DOC.000646)
2014-04-03 15:00:00.0,2014-04-03 15:30:00.0,1800,,none,Version 1.0,Number of points used in data product mean value,Temperature Mean measurement stream value type (NEON.DOC.000646)
2014-04-03 15:00:00.0,2014-04-03 15:30:00.0,0.001291233161514777818407173626269468513783,,degree Celsius,Version 1.0,Temperature Standard Error  (NEON.DOC.000652),Temperature Mean measurement stream value type (NEON.DOC.000646)
2014-04-03 15:30:00.0,2014-04-03 16:00:00.0,0.002870343656496493912194667430526351381558,,degree Celsius,Version 1.0,Temperature Standard Error  (NEON.DOC.000652),Temperature Mean measurement stream value type (NEON.DOC.000646)
2014-04-03 15:30:00.0,2014-04-03 16:00:00.0,0.0107172515818905588619314173115526500623,,degree Celsius,Version 1.0,Temperature Expanded Uncertainty (NEON.DOC.000646),Temperature Mean measurement stream value type (NEON.DOC.000646)
2014-04-03 15:30:00.0,2014-04-03 16:00:00.0,0.4937740560295481584418553211435209959745,,degree Celsius,Version 1.0,Temperature Mean (NEON.DOC.000646),Temperature Mean measurement stream value type (NEON.DOC.000646)
2014-04-03 15:30:00.0,2014-04-03 16:00:00.0,1800,,none,Version 1.0,Number of points used in data product mean value,Temperature Mean measurement stream value type (NEON.DOC.000646)
2014-04-03 16:00:00.0,2014-04-03 16:30:00.0,0.0102052588468247371067398887589661171659,,degree Celsius,Version 1.0,Temperature Expanded Uncertainty (NEON.DOC.000646),Temperature Mean measurement stream value type (NEON.DOC.000646)
2014-04-03 16:00:00.0,2014-04-03 16:30:00.0,0.002342868241366034484651770242180646164342,,degree Celsius,Version 1.0,Temperature Standard Error  (NEON.DOC.000652),Temperature Mean measurement stream value type (NEON.DOC.000646)
2014-04-03 16:00:00.0,2014-04-03 16:30:00.0,1800,,none,Version 1.0,Number of points used in data product mean value,Temperature Mean measurement stream value type (NEON.DOC.000646)
2014-04-03 16:00:00.0,2014-04-03 16:30:00.0,0.6915222630232945588701909400697331875562,,degree Celsius,Version 1.0,Temperature Mean (NEON.DOC.000646),Temperature Mean measurement stream value type (NEON.DOC.000646)
2014-04-03 16:30:00.0,2014-04-03 17:00:00.0,0.0103417490685752209295111825326785037759,,degree Celsius,Version 1.0,Temperature Expanded Uncertainty (NEON.DOC.000646),Temperature Mean measurement stream value type (NEON.DOC.000646)
2014-04-03 16:30:00.0,2014-04-03 17:00:00.0,1800,,none,Version 1.0,Number of points used in data product mean value,Temperature Mean measurement stream value type (NEON.DOC.000646)
2014-04-03 16:30:00.0,2014-04-03 17:00:00.0,0.002484036617467808884252011836224482976831,,degree Celsius,Version 1.0,Temperature Standard Error  (NEON.DOC.000652),Temperature Mean measurement stream value type (NEON.DOC.000646)
2014-04-03 16:30:00.0,2014-04-03 17:00:00.0,0.95052096303088984274864969847840256989,,degree Celsius,Version 1.0,Temperature Mean (NEON.DOC.000646),Temperature Mean measurement stream value type (NEON.DOC.000646)
2014-04-03 17:00:00.0,2014-04-03 17:30:00.0,0.003309052021852575565380449873487123113591,,degree Celsius,Version 1.0,Temperature Standard Error  (NEON.DOC.000652),Temperature Mean measurement stream value type (NEON.DOC.000646)
2014-04-03 17:00:00.0,2014-04-03 17:30:00.0,1.32829421429745031524305431958055123686,,degree Celsius,Version 1.0,Temperature Mean (NEON.DOC.000646),Temperature Mean measurement stream value type (NEON.DOC.000646)
2014-04-03 17:00:00.0,2014-04-03 17:30:00.0,1800,,none,Version 1.0,Number of points used in data product mean value,Temperature Mean measurement stream value type (NEON.DOC.000646)
2014-04-03 17:00:00.0,2014-04-03 17:30:00.0,0.0112222987604504113173797819058563618455,,degree Celsius,Version 1.0,Temperature Expanded Uncertainty (NEON.DOC.000646),Temperature Mean measurement stream value type (NEON.DOC.000646)
2014-04-03 17:30:00.0,2014-04-03 18:00:00.0,1.93513565571150158994839785009389743208,,degree Celsius,Version 1.0,Temperature Mean (NEON.DOC.000646),Temperature Mean measurement stream value type (NEON.DOC.000646)
2014-04-03 17:30:00.0,2014-04-03 18:00:00.0,0.0147367500217128674644406771676585776731,,degree Celsius,Version 1.0,Temperature Expanded Uncertainty (NEON.DOC.000646),Temperature Mean measurement stream value type (NEON.DOC.000646)
2014-04-03 17:30:00.0,2014-04-03 18:00:00.0,1800,,none,Version 1.0,Number of points used in data product mean value,Temperature Mean measurement stream value type (NEON.DOC.000646)
2014-04-03 17:30:00.0,2014-04-03 18:00:00.0,0.005831743961877134709015368940754342474974,,degree Celsius,Version 1.0,Temperature Standard Error  (NEON.DOC.000652),Temperature Mean measurement stream value type (NEON.DOC.000646)
2014-04-03 18:00:00.0,2014-04-03 18:30:00.0,1800,,none,Version 1.0,Number of points used in data product mean value,Temperature Mean measurement stream value type (NEON.DOC.000646)
2014-04-03 18:00:00.0,2014-04-03 18:30:00.0,0.003967462482967949212453451224291711696423,,degree Celsius,Version 1.0,Temperature Standard Error  (NEON.DOC.000652),Temperature Mean measurement stream value type (NEON.DOC.000646)
2014-04-03 18:00:00.0,2014-04-03 18:30:00.0,0.0120485922014164897192456393781867518555,,degree Celsius,Version 1.0,Temperature Expanded Uncertainty (NEON.DOC.000646),Temperature Mean measurement stream value type (NEON.DOC.000646)
2014-04-03 18:00:00.0,2014-04-03 18:30:00.0,2.16376856453651367218071754905395209789,,degree Celsius,Version 1.0,Temperature Mean (NEON.DOC.000646),Temperature Mean measurement stream value type (NEON.DOC.000646)
2014-04-03 18:30:00.0,2014-04-03 19:00:00.0,2.80738507702518447217698849271982908248,,degree Celsius,Version 1.0,Temperature Mean (NEON.DOC.000646),Temperature Mean measurement stream value type (NEON.DOC.000646)
2014-04-03 18:30:00.0,2014-04-03 19:00:00.0,1800,,none,Version 1.0,Number of points used in data product mean value,Temperature Mean measurement stream value type (NEON.DOC.000646)
2014-04-03 18:30:00.0,2014-04-03 19:00:00.0,0.006773323136350272583028342410216282587498,,degree Celsius,Version 1.0,Temperature Standard Error  (NEON.DOC.000652),Temperature Mean measurement stream value type (NEON.DOC.000646)
2014-04-03 18:30:00.0,2014-04-03 19:00:00.0,0.0162516327695196374780728376663319068029,,degree Celsius,Version 1.0,Temperature Expanded Uncertainty (NEON.DOC.000646),Temperature Mean measurement stream value type (NEON.DOC.000646)
2014-04-03 19:00:00.0,2014-04-03 19:30:00.0,3.61883917834072432739844771276693791151,,degree Celsius,Version 1.0,Temperature Mean (NEON.DOC.000646),Temperature Mean measurement stream value type (NEON.DOC.000646)
2014-04-03 19:00:00.0,2014-04-03 19:30:00.0,0.00467896636133964712034316590916205313988,,degree Celsius,Version 1.0,Temperature Standard Error  (NEON.DOC.000652),Temperature Mean measurement stream value type (NEON.DOC.000646)
2014-04-03 19:00:00.0,2014-04-03 19:30:00.0,1800,,none,Version 1.0,Number of points used in data product mean value,Temperature Mean measurement stream value type (NEON.DOC.000646)
2014-04-03 19:00:00.0,2014-04-03 19:30:00.0,0.0130363764939682661575526267938585078809,,degree Celsius,Version 1.0,Temperature Expanded Uncertainty (NEON.DOC.000646),Temperature Mean measurement stream value type (NEON.DOC.000646)
2014-04-03 19:30:00.0,2014-04-03 20:00:00.0,0.0117426473856277902713118876931730483192,,degree Celsius,Version 1.0,Temperature Expanded Uncertainty (NEON.DOC.000646),Temperature Mean measurement stream value type (NEON.DOC.000646)
2014-04-03 19:30:00.0,2014-04-03 20:00:00.0,0.003708539929491707406311595818237947241868,,degree Celsius,Version 1.0,Temperature Standard Error  (NEON.DOC.000652),Temperature Mean measurement stream value type (NEON.DOC.000646)
2014-04-03 19:30:00.0,2014-04-03 20:00:00.0,3.55996030442489796996596851386129856109,,degree Celsius,Version 1.0,Temperature Mean (NEON.DOC.000646),Temperature Mean measurement stream value type (NEON.DOC.000646)
2014-04-03 19:30:00.0,2014-04-03 20:00:00.0,1800,,none,Version 1.0,Number of points used in data product mean value,Temperature Mean measurement stream value type (NEON.DOC.000646)
2014-04-03 20:00:00.0,2014-04-03 20:30:00.0,1800,,none,Version 1.0,Number of points used in data product mean value,Temperature Mean measurement stream value type (NEON.DOC.000646)
2014-04-03 20:00:00.0,2014-04-03 20:30:00.0,0.005430271215734163575694637415836041327565,,degree Celsius,Version 1.0,Temperature Standard Error  (NEON.DOC.000652),Temperature Mean measurement stream value type (NEON.DOC.000646)
2014-04-03 20:00:00.0,2014-04-03 20:30:00.0,3.97151586037038972776258560770656913518,,degree Celsius,Version 1.0,Temperature Mean (NEON.DOC.000646),Temperature Mean measurement stream value type (NEON.DOC.000646)
2014-04-03 20:00:00.0,2014-04-03 20:30:00.0,0.0141430802078243867542228784373037342447,,degree Celsius,Version 1.0,Temperature Expanded Uncertainty (NEON.DOC.000646),Temperature Mean measurement stream value type (NEON.DOC.000646)
2014-04-03 20:30:00.0,2014-04-03 21:00:00.0,0.008260620374926270353954649294792034197598,,degree Celsius,Version 1.0,Temperature Standard Error  (NEON.DOC.000652),Temperature Mean measurement stream value type (NEON.DOC.000646)
2014-04-03 20:30:00.0,2014-04-03 21:00:00.0,1800,,none,Version 1.0,Number of points used in data product mean value,Temperature Mean measurement stream value type (NEON.DOC.000646)
2014-04-03 20:30:00.0,2014-04-03 21:00:00.0,0.0187860906112525295752480047895005554892,,degree Celsius,Version 1.0,Temperature Expanded Uncertainty (NEON.DOC.000646),Temperature Mean measurement stream value type (NEON.DOC.000646)
2014-04-03 20:30:00.0,2014-04-03 21:00:00.0,4.59318162320364020700935725471936166286,,degree Celsius,Version 1.0,Temperature Mean (NEON.DOC.000646),Temperature Mean measurement stream value type (NEON.DOC.000646)
2014-04-03 21:00:00.0,2014-04-03 21:30:00.0,0.0118089054687183121761240300884310272522,,degree Celsius,Version 1.0,Temperature Expanded Uncertainty (NEON.DOC.000646),Temperature Mean measurement stream value type (NEON.DOC.000646)
2014-04-03 21:00:00.0,2014-04-03 21:30:00.0,0.003737915526882719819551370576959925529081,,degree Celsius,Version 1.0,Temperature Standard Error  (NEON.DOC.000652),Temperature Mean measurement stream value type (NEON.DOC.000646)
2014-04-03 21:00:00.0,2014-04-03 21:30:00.0,1800,,none,Version 1.0,Number of points used in data product mean value,Temperature Mean measurement stream value type (NEON.DOC.000646)
2014-04-03 21:00:00.0,2014-04-03 21:30:00.0,5.43040640476437008743459955439902842044,,degree Celsius,Version 1.0,Temperature Mean (NEON.DOC.000646),Temperature Mean measurement stream value type (NEON.DOC.000646)
2014-04-03 21:30:00.0,2014-04-03 22:00:00.0,0.005812253644672133248705314656490372726693,,degree Celsius,Version 1.0,Temperature Standard Error  (NEON.DOC.000652),Temperature Mean measurement stream value type (NEON.DOC.000646)
2014-04-03 21:30:00.0,2014-04-03 22:00:00.0,1800,,none,Version 1.0,Number of points used in data product mean value,Temperature Mean measurement stream value type (NEON.DOC.000646)
2014-04-03 21:30:00.0,2014-04-03 22:00:00.0,0.014758784543036577996399927314996602945,,degree Celsius,Version 1.0,Temperature Expanded Uncertainty (NEON.DOC.000646),Temperature Mean measurement stream value type (NEON.DOC.000646)
2014-04-03 21:30:00.0,2014-04-03 22:00:00.0,6.08132078036722578673334282939322292804,,degree Celsius,Version 1.0,Temperature Mean (NEON.DOC.000646),Temperature Mean measurement stream value type (NEON.DOC.000646)
2014-04-03 22:00:00.0,2014-04-03 22:30:00.0,6.47254765123906761203897985978983342647,,degree Celsius,Version 1.0,Temperature Mean (NEON.DOC.000646),Temperature Mean measurement stream value type (NEON.DOC.000646)
2014-04-03 22:00:00.0,2014-04-03 22:30:00.0,1800,,none,Version 1.0,Number of points used in data product mean value,Temperature Mean measurement stream value type (NEON.DOC.000646)
2014-04-03 22:00:00.0,2014-04-03 22:30:00.0,0.0130061714157316959949994839007558766752,,degree Celsius,Version 1.0,Temperature Expanded Uncertainty (NEON.DOC.000646),Temperature Mean measurement stream value type (NEON.DOC.000646)
2014-04-03 22:00:00.0,2014-04-03 22:30:00.0,0.004625138412986104508028972759348107501864,,degree Celsius,Version 1.0,Temperature Standard Error  (NEON.DOC.000652),Temperature Mean measurement stream value type (NEON.DOC.000646)
2014-04-03 22:30:00.0,2014-04-03 23:00:00.0,0.0142000057737600715590531308407662436366,,degree Celsius,Version 1.0,Temperature Expanded Uncertainty (NEON.DOC.000646),Temperature Mean measurement stream value type (NEON.DOC.000646)
2014-04-03 22:30:00.0,2014-04-03 23:00:00.0,1797,,none,Version 1.0,Number of points used in data product mean value,Temperature Mean measurement stream value type (NEON.DOC.000646)
2014-04-03 22:30:00.0,2014-04-03 23:00:00.0,6.87196047901800799451166312792338430881,,degree Celsius,Version 1.0,Temperature Mean (NEON.DOC.000646),Temperature Mean measurement stream value type (NEON.DOC.000646)
2014-04-03 22:30:00.0,2014-04-03 23:00:00.0,0.005440915262684277269034094359767550486139,,degree Celsius,Version 1.0,Temperature Standard Error  (NEON.DOC.000652),Temperature Mean measurement stream value type (NEON.DOC.000646)
2014-04-03 23:00:00.0,2014-04-03 23:30:00.0,0.007146887266064643612351048318487301003187,,degree Celsius,Version 1.0,Temperature Standard Error  (NEON.DOC.000652),Temperature Mean measurement stream value type (NEON.DOC.000646)
2014-04-03 23:00:00.0,2014-04-03 23:30:00.0,1800,,none,Version 1.0,Number of points used in data product mean value,Temperature Mean measurement stream value type (NEON.DOC.000646)
2014-04-03 23:00:00.0,2014-04-03 23:30:00.0,0.0169192845513793273248825954624408041127,,degree Celsius,Version 1.0,Temperature Expanded Uncertainty (NEON.DOC.000646),Temperature Mean measurement stream value type (NEON.DOC.000646)
2014-04-03 23:00:00.0,2014-04-03 23:30:00.0,6.81956976047614205072022741660475730895,,degree Celsius,Version 1.0,Temperature Mean (NEON.DOC.000646),Temperature Mean measurement stream value type (NEON.DOC.000646)
2014-04-03 23:30:00.0,2014-04-04 00:00:00.0,0.002648073740755057907392266969281990895979,,degree Celsius,Version 1.0,Temperature Standard Error  (NEON.DOC.000652),Temperature Mean measurement stream value type (NEON.DOC.000646)
2014-04-03 23:30:00.0,2014-04-04 00:00:00.0,1800,,none,Version 1.0,Number of points used in data product mean value,Temperature Mean measurement stream value type (NEON.DOC.000646)
2014-04-03 23:30:00.0,2014-04-04 00:00:00.0,6.54833156939992644396397736272774636745,,degree Celsius,Version 1.0,Temperature Mean (NEON.DOC.000646),Temperature Mean measurement stream value type (NEON.DOC.000646)
2014-04-03 23:30:00.0,2014-04-04 00:00:00.0,0.0106071630584493401677770307856008003,,degree Celsius,Version 1.0,Temperature Expanded Uncertainty (NEON.DOC.000646),Temperature Mean measurement stream value type (NEON.DOC.000646)
2014-04-04 00:00:00.0,2014-04-04 00:30:00.0,0.005320453546132487485098572221886570332571,,degree Celsius,Version 1.0,Temperature Standard Error  (NEON.DOC.000652),Temperature Mean measurement stream value type (NEON.DOC.000646)
2014-04-04 00:00:00.0,2014-04-04 00:30:00.0,0.0140070142603182061502575805889136972837,,degree Celsius,Version 1.0,Temperature Expanded Uncertainty (NEON.DOC.000646),Temperature Mean measurement stream value type (NEON.DOC.000646)
2014-04-04 00:00:00.0,2014-04-04 00:30:00.0,6.07794367117015887913566984934732317924,,degree Celsius,Version 1.0,Temperature Mean (NEON.DOC.000646),Temperature Mean measurement stream value type (NEON.DOC.000646)
2014-04-04 00:00:00.0,2014-04-04 00:30:00.0,1800,,none,Version 1.0,Number of points used in data product mean value,Temperature Mean measurement stream value type (NEON.DOC.000646)
