# Data from NEON Inc.
# These data are provided under the terms of the NEON data policy included in this data download.
# Data Product ID: NEON.D10.RS1.DP1.00002.001.002.003.002
# Data Product Name: 30 minutes minimum temperature tower level 3
# Site: Sterling Site, RELOCATABLE (CO)
# Geographic coordinates (lat/long): 40.4619/-103.0293
# Domain: Domain 10
# Query Citation Code: 44AFD15813B64FDE80CE422935E746A5
# Date-Time of Query Submission: 2014-07-10 16:33 (UTC)
# Start Date-Time for Data: 2014-04-03 00:00 (UTC)
# End Date-Time for Data: 2014-04-04 00:00 (UTC)
# 
### Sensor Metadata Below
### Sensor information: Thermometrics Climate RTD 100  Omega  Probe and Met One 076B aspirated radiation shield
### Units: deg C
### Sampling Rate (Hz): 1
### Assembly repeatability (precision) in deg C: 0.0025
### Assembly refers to the sensor(s) and relevant components (e.g. DAS); here repeatability represents the maximum expected assembly noise given at 95% confidence.
### Boom Level: 3
### Height Above Ground Level (m): 4.606
### Lat/Lon: 40.46187293/-103.0293535
### Threshold For Range test (Hard): min:  -89.2 (deg C) max:  56.7 (deg C)
### Threshold for Range test (soft): min: -54.4 (deg C) max: 46.1 (deg C)
### Threshold For Step test: 0.5 (deg C)
#
Start Date,End Date,Data 1,Data 2,Units,Readout Version,Value Name,Measurement Readout Type Name
2014-04-03 00:00:00.0,2014-04-03 00:30:00.0,6.79981959545116509957551897969096899032,,degree Celsius,Version 1.0,Temperature Min (NEON.DOC.000646),Level-1 FIU measurement stream readout type
2014-04-03 00:30:00.0,2014-04-03 01:00:00.0,6.32994102076889575414497812744230031967,,degree Celsius,Version 1.0,Temperature Min (NEON.DOC.000646),Level-1 FIU measurement stream readout type
2014-04-03 01:00:00.0,2014-04-03 01:30:00.0,5.71107055107201233568048337474465370178,,degree Celsius,Version 1.0,Temperature Min (NEON.DOC.000646),Level-1 FIU measurement stream readout type
2014-04-03 01:30:00.0,2014-04-03 02:00:00.0,4.29731405588339399059805145952850580215,,degree Celsius,Version 1.0,Temperature Min (NEON.DOC.000646),Level-1 FIU measurement stream readout type
2014-04-03 02:00:00.0,2014-04-03 02:30:00.0,3.33792318912323260349239717470481991767,,degree Celsius,Version 1.0,Temperature Min (NEON.DOC.000646),Level-1 FIU measurement stream readout type
2014-04-03 02:30:00.0,2014-04-03 03:00:00.0,2.60112315265258864371844538254663348197,,degree Celsius,Version 1.0,Temperature Min (NEON.DOC.000646),Level-1 FIU measurement stream readout type
2014-04-03 03:00:00.0,2014-04-03 03:30:00.0,1.6712370068590924887530491105280816555,,degree Celsius,Version 1.0,Temperature Min (NEON.DOC.000646),Level-1 FIU measurement stream readout type
2014-04-03 03:30:00.0,2014-04-03 04:00:00.0,1.66861050619098882918933668406680226325,,degree Celsius,Version 1.0,Temperature Min (NEON.DOC.000646),Level-1 FIU measurement stream readout type
2014-04-03 04:00:00.0,2014-04-03 04:30:00.0,0.8627496049223886132040206575766205787658,,degree Celsius,Version 1.0,Temperature Min (NEON.DOC.000646),Level-1 FIU measurement stream readout type
2014-04-03 04:30:00.0,2014-04-03 05:00:00.0,0.7878092102262250762123585445806384086608,,degree Celsius,Version 1.0,Temperature Min (NEON.DOC.000646),Level-1 FIU measurement stream readout type
2014-04-03 05:00:00.0,2014-04-03 05:30:00.0,0.7886836238616297123371623456478118896484,,degree Celsius,Version 1.0,Temperature Min (NEON.DOC.000646),Level-1 FIU measurement stream readout type
2014-04-03 05:30:00.0,2014-04-03 06:00:00.0,0.8147478861537855721053347224369645118713,,degree Celsius,Version 1.0,Temperature Min (NEON.DOC.000646),Level-1 FIU measurement stream readout type
2014-04-03 06:00:00.0,2014-04-03 06:30:00.0,0.650167193249780339669996465090662240982,,degree Celsius,Version 1.0,Temperature Min (NEON.DOC.000646),Level-1 FIU measurement stream readout type
2014-04-03 06:30:00.0,2014-04-03 07:00:00.0,0.374296494083738551239548542071133852005,,degree Celsius,Version 1.0,Temperature Min (NEON.DOC.000646),Level-1 FIU measurement stream readout type
2014-04-03 07:00:00.0,2014-04-03 07:30:00.0,0.1522363177832275482614932116121053695678,,degree Celsius,Version 1.0,Temperature Min (NEON.DOC.000646),Level-1 FIU measurement stream readout type
2014-04-03 07:30:00.0,2014-04-03 08:00:00.0,0.0998280422690900337556740851141512393951,,degree Celsius,Version 1.0,Temperature Min (NEON.DOC.000646),Level-1 FIU measurement stream readout type
2014-04-03 08:00:00.0,2014-04-03 08:30:00.0,0.008162740349298758246732177212834358215332,,degree Celsius,Version 1.0,Temperature Min (NEON.DOC.000646),Level-1 FIU measurement stream readout type
2014-04-03 08:30:00.0,2014-04-03 09:00:00.0,-0.0116125664458426314240568899549543857574,,degree Celsius,Version 1.0,Temperature Min (NEON.DOC.000646),Level-1 FIU measurement stream readout type
2014-04-03 09:00:00.0,2014-04-03 09:30:00.0,-0.003619880542769848830175760667771100997924,,degree Celsius,Version 1.0,Temperature Min (NEON.DOC.000646),Level-1 FIU measurement stream readout type
2014-04-03 09:30:00.0,2014-04-03 10:00:00.0,-0.0378027479782012676423619268462061882019,,degree Celsius,Version 1.0,Temperature Min (NEON.DOC.000646),Level-1 FIU measurement stream readout type
2014-04-03 10:00:00.0,2014-04-03 10:30:00.0,0.008144899446143938348541269078850746154785,,degree Celsius,Version 1.0,Temperature Min (NEON.DOC.000646),Level-1 FIU measurement stream readout type
2014-04-03 10:30:00.0,2014-04-03 11:00:00.0,0.0776028245752353740272155846469104290008,,degree Celsius,Version 1.0,Temperature Min (NEON.DOC.000646),Level-1 FIU measurement stream readout type
2014-04-03 11:00:00.0,2014-04-03 11:30:00.0,-0.0280999678402515939978911774232983589172,,degree Celsius,Version 1.0,Temperature Min (NEON.DOC.000646),Level-1 FIU measurement stream readout type
2014-04-03 11:30:00.0,2014-04-03 12:00:00.0,-0.0820217765240283114280828158371150493621,,degree Celsius,Version 1.0,Temperature Min (NEON.DOC.000646),Level-1 FIU measurement stream readout type
2014-04-03 12:00:00.0,2014-04-03 12:30:00.0,-0.0858115869425351007748759002424776554107,,degree Celsius,Version 1.0,Temperature Min (NEON.DOC.000646),Level-1 FIU measurement stream readout type
2014-04-03 12:30:00.0,2014-04-03 13:00:00.0,0.0394507374423724854750616941601037979125,,degree Celsius,Version 1.0,Temperature Min (NEON.DOC.000646),Level-1 FIU measurement stream readout type
2014-04-03 13:00:00.0,2014-04-03 13:30:00.0,0.0768432957332976229736232198774814605712,,degree Celsius,Version 1.0,Temperature Min (NEON.DOC.000646),Level-1 FIU measurement stream readout type
2014-04-03 13:30:00.0,2014-04-03 14:00:00.0,0.1413834892261291997783700935542583465576,,degree Celsius,Version 1.0,Temperature Min (NEON.DOC.000646),Level-1 FIU measurement stream readout type
2014-04-03 14:00:00.0,2014-04-03 14:30:00.0,0.0776232146136894840537934214808046817779,,degree Celsius,Version 1.0,Temperature Min (NEON.DOC.000646),Level-1 FIU measurement stream readout type
2014-04-03 14:30:00.0,2014-04-03 15:00:00.0,0.1651078499175948621768839075230062007904,,degree Celsius,Version 1.0,Temperature Min (NEON.DOC.000646),Level-1 FIU measurement stream readout type
2014-04-03 15:00:00.0,2014-04-03 15:30:00.0,0.0950465491436816023451683577150106430053,,degree Celsius,Version 1.0,Temperature Min (NEON.DOC.000646),Level-1 FIU measurement stream readout type
2014-04-03 15:30:00.0,2014-04-03 16:00:00.0,0.191692185232200884570374910254031419754,,degree Celsius,Version 1.0,Temperature Min (NEON.DOC.000646),Level-1 FIU measurement stream readout type
2014-04-03 16:00:00.0,2014-04-03 16:30:00.0,0.4969509588740539385298689012415707111358,,degree Celsius,Version 1.0,Temperature Min (NEON.DOC.000646),Level-1 FIU measurement stream readout type
2014-04-03 16:30:00.0,2014-04-03 17:00:00.0,0.7661222975673833701648618443869054317474,,degree Celsius,Version 1.0,Temperature Min (NEON.DOC.000646),Level-1 FIU measurement stream readout type
2014-04-03 17:00:00.0,2014-04-03 17:30:00.0,1.06007675447632543352938228053972125053,,degree Celsius,Version 1.0,Temperature Min (NEON.DOC.000646),Level-1 FIU measurement stream readout type
2014-04-03 17:30:00.0,2014-04-03 18:00:00.0,1.56966437253364432535818195901811122894,,degree Celsius,Version 1.0,Temperature Min (NEON.DOC.000646),Level-1 FIU measurement stream readout type
2014-04-03 18:00:00.0,2014-04-03 18:30:00.0,1.64695598132744613906197628239169716835,,degree Celsius,Version 1.0,Temperature Min (NEON.DOC.000646),Level-1 FIU measurement stream readout type
2014-04-03 18:30:00.0,2014-04-03 19:00:00.0,2.33428955896572709605152340373024344444,,degree Celsius,Version 1.0,Temperature Min (NEON.DOC.000646),Level-1 FIU measurement stream readout type
2014-04-03 19:00:00.0,2014-04-03 19:30:00.0,3.06886854781555840077089669648557901382,,degree Celsius,Version 1.0,Temperature Min (NEON.DOC.000646),Level-1 FIU measurement stream readout type
2014-04-03 19:30:00.0,2014-04-03 20:00:00.0,3.29282153001607724718269309960305690765,,degree Celsius,Version 1.0,Temperature Min (NEON.DOC.000646),Level-1 FIU measurement stream readout type
2014-04-03 20:00:00.0,2014-04-03 20:30:00.0,3.5308636835033802015004766872152686119,,degree Celsius,Version 1.0,Temperature Min (NEON.DOC.000646),Level-1 FIU measurement stream readout type
2014-04-03 20:30:00.0,2014-04-03 21:00:00.0,4.01196338978004085618067620089277625083,,degree Celsius,Version 1.0,Temperature Min (NEON.DOC.000646),Level-1 FIU measurement stream readout type
2014-04-03 21:00:00.0,2014-04-03 21:30:00.0,5.09276652611908353662784065818414092063,,degree Celsius,Version 1.0,Temperature Min (NEON.DOC.000646),Level-1 FIU measurement stream readout type
2014-04-03 21:30:00.0,2014-04-03 22:00:00.0,5.60631353223303818822387256659567356109,,degree Celsius,Version 1.0,Temperature Min (NEON.DOC.000646),Level-1 FIU measurement stream readout type
2014-04-03 22:00:00.0,2014-04-03 22:30:00.0,6.09798651600831043140260590007528662681,,degree Celsius,Version 1.0,Temperature Min (NEON.DOC.000646),Level-1 FIU measurement stream readout type
2014-04-03 22:30:00.0,2014-04-03 23:00:00.0,6.43622027098719406978943879948928952217,,degree Celsius,Version 1.0,Temperature Min (NEON.DOC.000646),Level-1 FIU measurement stream readout type
2014-04-03 23:00:00.0,2014-04-03 23:30:00.0,6.43318133820266879752125532831996679306,,degree Celsius,Version 1.0,Temperature Min (NEON.DOC.000646),Level-1 FIU measurement stream readout type
2014-04-03 23:30:00.0,2014-04-04 00:00:00.0,6.36483418768889208649852662347257137298,,degree Celsius,Version 1.0,Temperature Min (NEON.DOC.000646),Level-1 FIU measurement stream readout type
2014-04-04 00:00:00.0,2014-04-04 00:30:00.0,5.71183139276740980960767046781256794929,,degree Celsius,Version 1.0,Temperature Min (NEON.DOC.000646),Level-1 FIU measurement stream readout type
