# Data from NEON Inc.
# These data are provided under the terms of the NEON data policy included in this data download.
# Data Product ID: NEON.D03.CS1.DP1.00002.001.001.005.002
# Data Product Name: 30 minutes mean temperature tower level 5
# Site: Ordway-Swisher Biological Station Site, CORE (FL)
# Geographic coordinates (lat/long): 29.68927/-81.99343
# Domain: Domain 03
# Query Citation Code: E84311018FEB4D63B42F74C58C4DC9C3
# Date-Time of Query Submission: 2014-07-10 14:23 (UTC)
# Start Date-Time for Data: 2014-04-02 00:00 (UTC)
# End Date-Time for Data: 2014-04-03 00:00 (UTC)
# 
### Sensor Metadata Below
### Sensor information: Thermometrics Climate RTD 100  Omega  Probe and Met One 076B aspirated radiation shield
### Units: deg C
### Sampling Rate (Hz): 1
### Assembly repeatability (precision) in deg C: 0.0025
### Assembly refers to the sensor(s) and relevant components (e.g. DAS); here repeatability represents the maximum expected assembly noise given at 95% confidence.
### Boom Level: 5
### Height Above Ground Level (m): 24.56
### Lat/Lon: 29.68923605/-81.99340646
### Threshold For Range test (Hard): min:  -89.2 (deg C) max:  56.7 (deg C)
### Threshold for Range test (soft): min: -27.2 (deg C) max: 44.4 (deg C)
### Threshold For Step test: 0.5 (deg C)
#
Start Date,End Date,Data 1,Data 2,Units,Readout Version,Value Name,Measurement Readout Type Name
2014-04-02 00:00:00.0,2014-04-02 00:30:00.0,1800,,none,Version 1.0,Number of points used in data product mean value,Level-1 FIU measurement stream readout type
2014-04-02 00:00:00.0,2014-04-02 00:30:00.0,24.18777843868273791372303094249218702316,,degree Celsius,Version 1.0,Temperature Mean (NEON.DOC.000646),Level-1 FIU measurement stream readout type
2014-04-02 00:00:00.0,2014-04-02 00:30:00.0,0.0112435422960892785620989897665822354611,,degree Celsius,Version 1.0,Temperature Expanded Uncertainty (NEON.DOC.000646),Level-1 FIU measurement stream readout type
2014-04-02 00:00:00.0,2014-04-02 00:30:00.0,0.002940484887067166836632781112825796299148,,degree Celsius,Version 1.0,Temperature Standard Error  (NEON.DOC.000652),Level-1 FIU measurement stream readout type
2014-04-02 00:30:00.0,2014-04-02 01:00:00.0,21.66117146861640563315631879959255456924,,degree Celsius,Version 1.0,Temperature Mean (NEON.DOC.000646),Level-1 FIU measurement stream readout type
2014-04-02 00:30:00.0,2014-04-02 01:00:00.0,1800,,none,Version 1.0,Number of points used in data product mean value,Level-1 FIU measurement stream readout type
2014-04-02 00:30:00.0,2014-04-02 01:00:00.0,0.0324769168151227832774807779969705734401,,degree Celsius,Version 1.0,Temperature Standard Error  (NEON.DOC.000652),Level-1 FIU measurement stream readout type
2014-04-02 00:30:00.0,2014-04-02 01:00:00.0,0.0651467542043336900192684879584703594446,,degree Celsius,Version 1.0,Temperature Expanded Uncertainty (NEON.DOC.000646),Level-1 FIU measurement stream readout type
2014-04-02 01:00:00.0,2014-04-02 01:30:00.0,0.0150973082895617290166700996678628143854,,degree Celsius,Version 1.0,Temperature Expanded Uncertainty (NEON.DOC.000646),Level-1 FIU measurement stream readout type
2014-04-02 01:00:00.0,2014-04-02 01:30:00.0,1800,,none,Version 1.0,Number of points used in data product mean value,Level-1 FIU measurement stream readout type
2014-04-02 01:00:00.0,2014-04-02 01:30:00.0,20.53686709103591212510764307808130979537,,degree Celsius,Version 1.0,Temperature Mean (NEON.DOC.000646),Level-1 FIU measurement stream readout type
2014-04-02 01:00:00.0,2014-04-02 01:30:00.0,0.005901125173833193619798986873092871974222,,degree Celsius,Version 1.0,Temperature Standard Error  (NEON.DOC.000652),Level-1 FIU measurement stream readout type
2014-04-02 01:30:00.0,2014-04-02 02:00:00.0,19.84052811042462138857445097528398036956,,degree Celsius,Version 1.0,Temperature Mean (NEON.DOC.000646),Level-1 FIU measurement stream readout type
2014-04-02 01:30:00.0,2014-04-02 02:00:00.0,0.00489494410964819940540460052602611540351,,degree Celsius,Version 1.0,Temperature Standard Error  (NEON.DOC.000652),Level-1 FIU measurement stream readout type
2014-04-02 01:30:00.0,2014-04-02 02:00:00.0,1800,,none,Version 1.0,Number of points used in data product mean value,Level-1 FIU measurement stream readout type
2014-04-02 01:30:00.0,2014-04-02 02:00:00.0,0.0135940435288503212729604996411580941639,,degree Celsius,Version 1.0,Temperature Expanded Uncertainty (NEON.DOC.000646),Level-1 FIU measurement stream readout type
2014-04-02 02:00:00.0,2014-04-02 02:30:00.0,0.006318666697565121677382382614496236783452,,degree Celsius,Version 1.0,Temperature Standard Error  (NEON.DOC.000652),Level-1 FIU measurement stream readout type
2014-04-02 02:00:00.0,2014-04-02 02:30:00.0,1800,,none,Version 1.0,Number of points used in data product mean value,Level-1 FIU measurement stream readout type
2014-04-02 02:00:00.0,2014-04-02 02:30:00.0,0.0157292939696256489634507147457043174654,,degree Celsius,Version 1.0,Temperature Expanded Uncertainty (NEON.DOC.000646),Level-1 FIU measurement stream readout type
2014-04-02 02:00:00.0,2014-04-02 02:30:00.0,19.06853949773272915990673936903476715087,,degree Celsius,Version 1.0,Temperature Mean (NEON.DOC.000646),Level-1 FIU measurement stream readout type
2014-04-02 02:30:00.0,2014-04-02 03:00:00.0,0.0138153264582981556707341752598949824459,,degree Celsius,Version 1.0,Temperature Expanded Uncertainty (NEON.DOC.000646),Level-1 FIU measurement stream readout type
2014-04-02 02:30:00.0,2014-04-02 03:00:00.0,1800,,none,Version 1.0,Number of points used in data product mean value,Level-1 FIU measurement stream readout type
2014-04-02 02:30:00.0,2014-04-02 03:00:00.0,18.74300466781757279477460542693734169006,,degree Celsius,Version 1.0,Temperature Mean (NEON.DOC.000646),Level-1 FIU measurement stream readout type
2014-04-02 02:30:00.0,2014-04-02 03:00:00.0,0.005060139398259383761158325398810120532289,,degree Celsius,Version 1.0,Temperature Standard Error  (NEON.DOC.000652),Level-1 FIU measurement stream readout type
2014-04-02 03:00:00.0,2014-04-02 03:30:00.0,0.003402196333655768505088712316819510306231,,degree Celsius,Version 1.0,Temperature Standard Error  (NEON.DOC.000652),Level-1 FIU measurement stream readout type
2014-04-02 03:00:00.0,2014-04-02 03:30:00.0,0.0116385298670664983494704713962164532858,,degree Celsius,Version 1.0,Temperature Expanded Uncertainty (NEON.DOC.000646),Level-1 FIU measurement stream readout type
2014-04-02 03:00:00.0,2014-04-02 03:30:00.0,1800,,none,Version 1.0,Number of points used in data product mean value,Level-1 FIU measurement stream readout type
2014-04-02 03:00:00.0,2014-04-02 03:30:00.0,18.44165272732792004717339295893907546997,,degree Celsius,Version 1.0,Temperature Mean (NEON.DOC.000646),Level-1 FIU measurement stream readout type
2014-04-02 03:30:00.0,2014-04-02 04:00:00.0,1800,,none,Version 1.0,Number of points used in data product mean value,Level-1 FIU measurement stream readout type
2014-04-02 03:30:00.0,2014-04-02 04:00:00.0,18.0919808335819567446378641761839389801,,degree Celsius,Version 1.0,Temperature Mean (NEON.DOC.000646),Level-1 FIU measurement stream readout type
2014-04-02 03:30:00.0,2014-04-02 04:00:00.0,0.0125159789862549098576893769063644867856,,degree Celsius,Version 1.0,Temperature Expanded Uncertainty (NEON.DOC.000646),Level-1 FIU measurement stream readout type
2014-04-02 03:30:00.0,2014-04-02 04:00:00.0,0.004121694492561658526574852601243037497624,,degree Celsius,Version 1.0,Temperature Standard Error  (NEON.DOC.000652),Level-1 FIU measurement stream readout type
2014-04-02 04:00:00.0,2014-04-02 04:30:00.0,0.0132508112041773151723589307948714122176,,degree Celsius,Version 1.0,Temperature Expanded Uncertainty (NEON.DOC.000646),Level-1 FIU measurement stream readout type
2014-04-02 04:00:00.0,2014-04-02 04:30:00.0,1800,,none,Version 1.0,Number of points used in data product mean value,Level-1 FIU measurement stream readout type
2014-04-02 04:00:00.0,2014-04-02 04:30:00.0,0.004674687615412336828824013679195559234358,,degree Celsius,Version 1.0,Temperature Standard Error  (NEON.DOC.000652),Level-1 FIU measurement stream readout type
2014-04-02 04:00:00.0,2014-04-02 04:30:00.0,17.6566673818527917205756239127367734909,,degree Celsius,Version 1.0,Temperature Mean (NEON.DOC.000646),Level-1 FIU measurement stream readout type
2014-04-02 04:30:00.0,2014-04-02 05:00:00.0,0.005680258723325665518033567025213415035977,,degree Celsius,Version 1.0,Temperature Standard Error  (NEON.DOC.000652),Level-1 FIU measurement stream readout type
2014-04-02 04:30:00.0,2014-04-02 05:00:00.0,0.0147098545802279590671846065674799319822,,degree Celsius,Version 1.0,Temperature Expanded Uncertainty (NEON.DOC.000646),Level-1 FIU measurement stream readout type
2014-04-02 04:30:00.0,2014-04-02 05:00:00.0,1800,,none,Version 1.0,Number of points used in data product mean value,Level-1 FIU measurement stream readout type
2014-04-02 04:30:00.0,2014-04-02 05:00:00.0,17.15234506529994362722391088027507066726,,degree Celsius,Version 1.0,Temperature Mean (NEON.DOC.000646),Level-1 FIU measurement stream readout type
2014-04-02 05:00:00.0,2014-04-02 05:30:00.0,0.005550215742804033396129437250010596471838,,degree Celsius,Version 1.0,Temperature Standard Error  (NEON.DOC.000652),Level-1 FIU measurement stream readout type
2014-04-02 05:00:00.0,2014-04-02 05:30:00.0,0.0145086551959031119507503859722419292666,,degree Celsius,Version 1.0,Temperature Expanded Uncertainty (NEON.DOC.000646),Level-1 FIU measurement stream readout type
2014-04-02 05:00:00.0,2014-04-02 05:30:00.0,16.775964039519259074495494132861495018,,degree Celsius,Version 1.0,Temperature Mean (NEON.DOC.000646),Level-1 FIU measurement stream readout type
2014-04-02 05:00:00.0,2014-04-02 05:30:00.0,1800,,none,Version 1.0,Number of points used in data product mean value,Level-1 FIU measurement stream readout type
2014-04-02 05:30:00.0,2014-04-02 06:00:00.0,1800,,none,Version 1.0,Number of points used in data product mean value,Level-1 FIU measurement stream readout type
2014-04-02 05:30:00.0,2014-04-02 06:00:00.0,0.0117195755666579456977238749004754936322,,degree Celsius,Version 1.0,Temperature Expanded Uncertainty (NEON.DOC.000646),Level-1 FIU measurement stream readout type
2014-04-02 05:30:00.0,2014-04-02 06:00:00.0,0.003499190110133549962145860234841165947727,,degree Celsius,Version 1.0,Temperature Standard Error  (NEON.DOC.000652),Level-1 FIU measurement stream readout type
2014-04-02 05:30:00.0,2014-04-02 06:00:00.0,16.70679654246069034684296639170497655868,,degree Celsius,Version 1.0,Temperature Mean (NEON.DOC.000646),Level-1 FIU measurement stream readout type
2014-04-02 06:00:00.0,2014-04-02 06:30:00.0,0.0271865358850193819528762162462953710928,,degree Celsius,Version 1.0,Temperature Expanded Uncertainty (NEON.DOC.000646),Level-1 FIU measurement stream readout type
2014-04-02 06:00:00.0,2014-04-02 06:30:00.0,16.11846323285096360677925986237823963165,,degree Celsius,Version 1.0,Temperature Mean (NEON.DOC.000646),Level-1 FIU measurement stream readout type
2014-04-02 06:00:00.0,2014-04-02 06:30:00.0,1800,,none,Version 1.0,Number of points used in data product mean value,Level-1 FIU measurement stream readout type
2014-04-02 06:00:00.0,2014-04-02 06:30:00.0,0.0128503163649375529153928710002219304442,,degree Celsius,Version 1.0,Temperature Standard Error  (NEON.DOC.000652),Level-1 FIU measurement stream readout type
2014-04-02 06:30:00.0,2014-04-02 07:00:00.0,0.006254306194750433069151629439375028596259,,degree Celsius,Version 1.0,Temperature Standard Error  (NEON.DOC.000652),Level-1 FIU measurement stream readout type
2014-04-02 06:30:00.0,2014-04-02 07:00:00.0,14.86429727493439933994068269385024905204,,degree Celsius,Version 1.0,Temperature Mean (NEON.DOC.000646),Level-1 FIU measurement stream readout type
2014-04-02 06:30:00.0,2014-04-02 07:00:00.0,1800,,none,Version 1.0,Number of points used in data product mean value,Level-1 FIU measurement stream readout type
2014-04-02 06:30:00.0,2014-04-02 07:00:00.0,0.0155696658128627388184561652906268136575,,degree Celsius,Version 1.0,Temperature Expanded Uncertainty (NEON.DOC.000646),Level-1 FIU measurement stream readout type
2014-04-02 07:00:00.0,2014-04-02 07:30:00.0,0.0119552667376262161669231431915250141173,,degree Celsius,Version 1.0,Temperature Expanded Uncertainty (NEON.DOC.000646),Level-1 FIU measurement stream readout type
2014-04-02 07:00:00.0,2014-04-02 07:30:00.0,14.16778231024809642235595674719661474227,,degree Celsius,Version 1.0,Temperature Mean (NEON.DOC.000646),Level-1 FIU measurement stream readout type
2014-04-02 07:00:00.0,2014-04-02 07:30:00.0,0.003733903635456972854023138808088333462364,,degree Celsius,Version 1.0,Temperature Standard Error  (NEON.DOC.000652),Level-1 FIU measurement stream readout type
2014-04-02 07:00:00.0,2014-04-02 07:30:00.0,1800,,none,Version 1.0,Number of points used in data product mean value,Level-1 FIU measurement stream readout type
2014-04-02 07:30:00.0,2014-04-02 08:00:00.0,0.0139170343131936342234711290188897692132,,degree Celsius,Version 1.0,Temperature Expanded Uncertainty (NEON.DOC.000646),Level-1 FIU measurement stream readout type
2014-04-02 07:30:00.0,2014-04-02 08:00:00.0,13.62515092367088875846548035042360424995,,degree Celsius,Version 1.0,Temperature Mean (NEON.DOC.000646),Level-1 FIU measurement stream readout type
2014-04-02 07:30:00.0,2014-04-02 08:00:00.0,0.005184955675432314017858637100744090275838,,degree Celsius,Version 1.0,Temperature Standard Error  (NEON.DOC.000652),Level-1 FIU measurement stream readout type
2014-04-02 07:30:00.0,2014-04-02 08:00:00.0,1800,,none,Version 1.0,Number of points used in data product mean value,Level-1 FIU measurement stream readout type
2014-04-02 08:00:00.0,2014-04-02 08:30:00.0,13.78518784424097631813310727011412382125,,degree Celsius,Version 1.0,Temperature Mean (NEON.DOC.000646),Level-1 FIU measurement stream readout type
2014-04-02 08:00:00.0,2014-04-02 08:30:00.0,1800,,none,Version 1.0,Number of points used in data product mean value,Level-1 FIU measurement stream readout type
2014-04-02 08:00:00.0,2014-04-02 08:30:00.0,0.002935590747562809039311604308863934420514,,degree Celsius,Version 1.0,Temperature Standard Error  (NEON.DOC.000652),Level-1 FIU measurement stream readout type
2014-04-02 08:00:00.0,2014-04-02 08:30:00.0,0.0110363078533431309413703758082192507572,,degree Celsius,Version 1.0,Temperature Expanded Uncertainty (NEON.DOC.000646),Level-1 FIU measurement stream readout type
2014-04-02 08:30:00.0,2014-04-02 09:00:00.0,1800,,none,Version 1.0,Number of points used in data product mean value,Level-1 FIU measurement stream readout type
2014-04-02 08:30:00.0,2014-04-02 09:00:00.0,0.0131847713154484534603394507712437189184,,degree Celsius,Version 1.0,Temperature Expanded Uncertainty (NEON.DOC.000646),Level-1 FIU measurement stream readout type
2014-04-02 08:30:00.0,2014-04-02 09:00:00.0,0.004674531784006729327740625734577406547032,,degree Celsius,Version 1.0,Temperature Standard Error  (NEON.DOC.000652),Level-1 FIU measurement stream readout type
2014-04-02 08:30:00.0,2014-04-02 09:00:00.0,13.39775373389302082216545386472716927528,,degree Celsius,Version 1.0,Temperature Mean (NEON.DOC.000646),Level-1 FIU measurement stream readout type
2014-04-02 09:00:00.0,2014-04-02 09:30:00.0,0.003200631872733660301943992010365036549046,,degree Celsius,Version 1.0,Temperature Standard Error  (NEON.DOC.000652),Level-1 FIU measurement stream readout type
2014-04-02 09:00:00.0,2014-04-02 09:30:00.0,13.08503887370683926860692736227065324783,,degree Celsius,Version 1.0,Temperature Mean (NEON.DOC.000646),Level-1 FIU measurement stream readout type
2014-04-02 09:00:00.0,2014-04-02 09:30:00.0,1800,,none,Version 1.0,Number of points used in data product mean value,Level-1 FIU measurement stream readout type
2014-04-02 09:00:00.0,2014-04-02 09:30:00.0,0.011310914028238115008884179246706480626,,degree Celsius,Version 1.0,Temperature Expanded Uncertainty (NEON.DOC.000646),Level-1 FIU measurement stream readout type
2014-04-02 09:30:00.0,2014-04-02 10:00:00.0,0.0151558409632802613964397409063167287968,,degree Celsius,Version 1.0,Temperature Expanded Uncertainty (NEON.DOC.000646),Level-1 FIU measurement stream readout type
2014-04-02 09:30:00.0,2014-04-02 10:00:00.0,0.006005272569484998955446908297517438768409,,degree Celsius,Version 1.0,Temperature Standard Error  (NEON.DOC.000652),Level-1 FIU measurement stream readout type
2014-04-02 09:30:00.0,2014-04-02 10:00:00.0,1800,,none,Version 1.0,Number of points used in data product mean value,Level-1 FIU measurement stream readout type
2014-04-02 09:30:00.0,2014-04-02 10:00:00.0,13.19172277924595526599205186357721686363,,degree Celsius,Version 1.0,Temperature Mean (NEON.DOC.000646),Level-1 FIU measurement stream readout type
2014-04-02 10:00:00.0,2014-04-02 10:30:00.0,1800,,none,Version 1.0,Number of points used in data product mean value,Level-1 FIU measurement stream readout type
2014-04-02 10:00:00.0,2014-04-02 10:30:00.0,13.43114762161923003702668211190029978752,,degree Celsius,Version 1.0,Temperature Mean (NEON.DOC.000646),Level-1 FIU measurement stream readout type
2014-04-02 10:00:00.0,2014-04-02 10:30:00.0,0.004326076359231716302045089861394444596953,,degree Celsius,Version 1.0,Temperature Standard Error  (NEON.DOC.000652),Level-1 FIU measurement stream readout type
2014-04-02 10:00:00.0,2014-04-02 10:30:00.0,0.0127088105496633956004171039921857300214,,degree Celsius,Version 1.0,Temperature Expanded Uncertainty (NEON.DOC.000646),Level-1 FIU measurement stream readout type
2014-04-02 10:30:00.0,2014-04-02 11:00:00.0,1800,,none,Version 1.0,Number of points used in data product mean value,Level-1 FIU measurement stream readout type
2014-04-02 10:30:00.0,2014-04-02 11:00:00.0,0.017947450099991699157264690711599541828,,degree Celsius,Version 1.0,Temperature Expanded Uncertainty (NEON.DOC.000646),Level-1 FIU measurement stream readout type
2014-04-02 10:30:00.0,2014-04-02 11:00:00.0,13.37903996546672402701005921699106693267,,degree Celsius,Version 1.0,Temperature Mean (NEON.DOC.000646),Level-1 FIU measurement stream readout type
2014-04-02 10:30:00.0,2014-04-02 11:00:00.0,0.00771484078236062392058824954688134312164,,degree Celsius,Version 1.0,Temperature Standard Error  (NEON.DOC.000652),Level-1 FIU measurement stream readout type
2014-04-02 11:00:00.0,2014-04-02 11:30:00.0,0.0210328685438801940565944903482886729761,,degree Celsius,Version 1.0,Temperature Expanded Uncertainty (NEON.DOC.000646),Level-1 FIU measurement stream readout type
2014-04-02 11:00:00.0,2014-04-02 11:30:00.0,0.00949060964076195098804156202731974190101,,degree Celsius,Version 1.0,Temperature Standard Error  (NEON.DOC.000652),Level-1 FIU measurement stream readout type
2014-04-02 11:00:00.0,2014-04-02 11:30:00.0,13.50437647529667017920473881531506776809,,degree Celsius,Version 1.0,Temperature Mean (NEON.DOC.000646),Level-1 FIU measurement stream readout type
2014-04-02 11:00:00.0,2014-04-02 11:30:00.0,1800,,none,Version 1.0,Number of points used in data product mean value,Level-1 FIU measurement stream readout type
2014-04-02 11:30:00.0,2014-04-02 12:00:00.0,12.76511137476009238866936357226222753524,,degree Celsius,Version 1.0,Temperature Mean (NEON.DOC.000646),Level-1 FIU measurement stream readout type
2014-04-02 11:30:00.0,2014-04-02 12:00:00.0,1800,,none,Version 1.0,Number of points used in data product mean value,Level-1 FIU measurement stream readout type
2014-04-02 11:30:00.0,2014-04-02 12:00:00.0,0.0128802780583335222536200959098096063826,,degree Celsius,Version 1.0,Temperature Standard Error  (NEON.DOC.000652),Level-1 FIU measurement stream readout type
2014-04-02 11:30:00.0,2014-04-02 12:00:00.0,0.0272169783437683117377492436617103521712,,degree Celsius,Version 1.0,Temperature Expanded Uncertainty (NEON.DOC.000646),Level-1 FIU measurement stream readout type
2014-04-02 12:00:00.0,2014-04-02 12:30:00.0,0.0264087693567406703309963234005408594384,,degree Celsius,Version 1.0,Temperature Expanded Uncertainty (NEON.DOC.000646),Level-1 FIU measurement stream readout type
2014-04-02 12:00:00.0,2014-04-02 12:30:00.0,1800,,none,Version 1.0,Number of points used in data product mean value,Level-1 FIU measurement stream readout type
2014-04-02 12:00:00.0,2014-04-02 12:30:00.0,0.0124402908281916798477473307116270007099,,degree Celsius,Version 1.0,Temperature Standard Error  (NEON.DOC.000652),Level-1 FIU measurement stream readout type
2014-04-02 12:00:00.0,2014-04-02 12:30:00.0,14.30385203916863368078793428139761090278,,degree Celsius,Version 1.0,Temperature Mean (NEON.DOC.000646),Level-1 FIU measurement stream readout type
2014-04-02 12:30:00.0,2014-04-02 13:00:00.0,1800,,none,Version 1.0,Number of points used in data product mean value,Level-1 FIU measurement stream readout type
2014-04-02 12:30:00.0,2014-04-02 13:00:00.0,15.87202385643955615535105607705190777778,,degree Celsius,Version 1.0,Temperature Mean (NEON.DOC.000646),Level-1 FIU measurement stream readout type
2014-04-02 12:30:00.0,2014-04-02 13:00:00.0,0.0139703701962099070127409916608485218603,,degree Celsius,Version 1.0,Temperature Standard Error  (NEON.DOC.000652),Level-1 FIU measurement stream readout type
2014-04-02 12:30:00.0,2014-04-02 13:00:00.0,0.029281000297486352995646186059275350999,,degree Celsius,Version 1.0,Temperature Expanded Uncertainty (NEON.DOC.000646),Level-1 FIU measurement stream readout type
2014-04-02 13:00:00.0,2014-04-02 13:30:00.0,0.0134218410489035985116990090659783163573,,degree Celsius,Version 1.0,Temperature Standard Error  (NEON.DOC.000652),Level-1 FIU measurement stream readout type
2014-04-02 13:00:00.0,2014-04-02 13:30:00.0,0.0282659556660628738522511582687002373859,,degree Celsius,Version 1.0,Temperature Expanded Uncertainty (NEON.DOC.000646),Level-1 FIU measurement stream readout type
2014-04-02 13:00:00.0,2014-04-02 13:30:00.0,1800,,none,Version 1.0,Number of points used in data product mean value,Level-1 FIU measurement stream readout type
2014-04-02 13:00:00.0,2014-04-02 13:30:00.0,17.75373204861898202011616376694291830062,,degree Celsius,Version 1.0,Temperature Mean (NEON.DOC.000646),Level-1 FIU measurement stream readout type
2014-04-02 13:30:00.0,2014-04-02 14:00:00.0,0.0156880802057081207567801328650602954439,,degree Celsius,Version 1.0,Temperature Expanded Uncertainty (NEON.DOC.000646),Level-1 FIU measurement stream readout type
2014-04-02 13:30:00.0,2014-04-02 14:00:00.0,1800,,none,Version 1.0,Number of points used in data product mean value,Level-1 FIU measurement stream readout type
2014-04-02 13:30:00.0,2014-04-02 14:00:00.0,19.02088002685569989580471883527934551239,,degree Celsius,Version 1.0,Temperature Mean (NEON.DOC.000646),Level-1 FIU measurement stream readout type
2014-04-02 13:30:00.0,2014-04-02 14:00:00.0,0.006292029693999561142103704725059287738986,,degree Celsius,Version 1.0,Temperature Standard Error  (NEON.DOC.000652),Level-1 FIU measurement stream readout type
2014-04-02 14:00:00.0,2014-04-02 14:30:00.0,20.12437066260891427305068646091967821121,,degree Celsius,Version 1.0,Temperature Mean (NEON.DOC.000646),Level-1 FIU measurement stream readout type
2014-04-02 14:00:00.0,2014-04-02 14:30:00.0,0.0230387488349477580207302906956101651303,,degree Celsius,Version 1.0,Temperature Expanded Uncertainty (NEON.DOC.000646),Level-1 FIU measurement stream readout type
2014-04-02 14:00:00.0,2014-04-02 14:30:00.0,0.0105700053607828605567453550406753493007,,degree Celsius,Version 1.0,Temperature Standard Error  (NEON.DOC.000652),Level-1 FIU measurement stream readout type
2014-04-02 14:00:00.0,2014-04-02 14:30:00.0,1800,,none,Version 1.0,Number of points used in data product mean value,Level-1 FIU measurement stream readout type
2014-04-02 14:30:00.0,2014-04-02 15:00:00.0,0.00891821523062910972989847380176797742024,,degree Celsius,Version 1.0,Temperature Standard Error  (NEON.DOC.000652),Level-1 FIU measurement stream readout type
2014-04-02 14:30:00.0,2014-04-02 15:00:00.0,21.27847088433763289572198118548840284347,,degree Celsius,Version 1.0,Temperature Mean (NEON.DOC.000646),Level-1 FIU measurement stream readout type
2014-04-02 14:30:00.0,2014-04-02 15:00:00.0,1800,,none,Version 1.0,Number of points used in data product mean value,Level-1 FIU measurement stream readout type
2014-04-02 14:30:00.0,2014-04-02 15:00:00.0,0.0201121171934273076931098955810739425942,,degree Celsius,Version 1.0,Temperature Expanded Uncertainty (NEON.DOC.000646),Level-1 FIU measurement stream readout type
2014-04-02 15:00:00.0,2014-04-02 15:30:00.0,22.43298547112195251429511699825525283813,,degree Celsius,Version 1.0,Temperature Mean (NEON.DOC.000646),Level-1 FIU measurement stream readout type
2014-04-02 15:00:00.0,2014-04-02 15:30:00.0,0.007666951432312016020964584583907708292827,,degree Celsius,Version 1.0,Temperature Standard Error  (NEON.DOC.000652),Level-1 FIU measurement stream readout type
2014-04-02 15:00:00.0,2014-04-02 15:30:00.0,0.0179793450709879107374256079765473259612,,degree Celsius,Version 1.0,Temperature Expanded Uncertainty (NEON.DOC.000646),Level-1 FIU measurement stream readout type
2014-04-02 15:00:00.0,2014-04-02 15:30:00.0,1800,,none,Version 1.0,Number of points used in data product mean value,Level-1 FIU measurement stream readout type
2014-04-02 15:30:00.0,2014-04-02 16:00:00.0,1800,,none,Version 1.0,Number of points used in data product mean value,Level-1 FIU measurement stream readout type
2014-04-02 15:30:00.0,2014-04-02 16:00:00.0,23.10410812733294960708008147776126861572,,degree Celsius,Version 1.0,Temperature Mean (NEON.DOC.000646),Level-1 FIU measurement stream readout type
2014-04-02 15:30:00.0,2014-04-02 16:00:00.0,0.0195366433252140321574774617374714580364,,degree Celsius,Version 1.0,Temperature Expanded Uncertainty (NEON.DOC.000646),Level-1 FIU measurement stream readout type
2014-04-02 15:30:00.0,2014-04-02 16:00:00.0,0.008576333589231084283954764657664782134816,,degree Celsius,Version 1.0,Temperature Standard Error  (NEON.DOC.000652),Level-1 FIU measurement stream readout type
2014-04-02 16:00:00.0,2014-04-02 16:30:00.0,23.80949187571646064043306978419423103332,,degree Celsius,Version 1.0,Temperature Mean (NEON.DOC.000646),Level-1 FIU measurement stream readout type
2014-04-02 16:00:00.0,2014-04-02 16:30:00.0,0.00995783255629321961688305009374744258821,,degree Celsius,Version 1.0,Temperature Standard Error  (NEON.DOC.000652),Level-1 FIU measurement stream readout type
2014-04-02 16:00:00.0,2014-04-02 16:30:00.0,1800,,none,Version 1.0,Number of points used in data product mean value,Level-1 FIU measurement stream readout type
2014-04-02 16:00:00.0,2014-04-02 16:30:00.0,0.021975131747937338977383348037619725801,,degree Celsius,Version 1.0,Temperature Expanded Uncertainty (NEON.DOC.000646),Level-1 FIU measurement stream readout type
2014-04-02 16:30:00.0,2014-04-02 17:00:00.0,0.0208725095790733769507419026467687217518,,degree Celsius,Version 1.0,Temperature Expanded Uncertainty (NEON.DOC.000646),Level-1 FIU measurement stream readout type
2014-04-02 16:30:00.0,2014-04-02 17:00:00.0,24.38750983647749492888578970450907945632,,degree Celsius,Version 1.0,Temperature Mean (NEON.DOC.000646),Level-1 FIU measurement stream readout type
2014-04-02 16:30:00.0,2014-04-02 17:00:00.0,1800,,none,Version 1.0,Number of points used in data product mean value,Level-1 FIU measurement stream readout type
2014-04-02 16:30:00.0,2014-04-02 17:00:00.0,0.009333012984329111180747950982095062499865,,degree Celsius,Version 1.0,Temperature Standard Error  (NEON.DOC.000652),Level-1 FIU measurement stream readout type
2014-04-02 17:00:00.0,2014-04-02 17:30:00.0,1800,,none,Version 1.0,Number of points used in data product mean value,Level-1 FIU measurement stream readout type
2014-04-02 17:00:00.0,2014-04-02 17:30:00.0,0.0121336284370659602815933908459555823355,,degree Celsius,Version 1.0,Temperature Standard Error  (NEON.DOC.000652),Level-1 FIU measurement stream readout type
2014-04-02 17:00:00.0,2014-04-02 17:30:00.0,0.0259408634309773802884002691371279070153,,degree Celsius,Version 1.0,Temperature Expanded Uncertainty (NEON.DOC.000646),Level-1 FIU measurement stream readout type
2014-04-02 17:00:00.0,2014-04-02 17:30:00.0,25.19873611392425516442017396911978721618,,degree Celsius,Version 1.0,Temperature Mean (NEON.DOC.000646),Level-1 FIU measurement stream readout type
2014-04-02 17:30:00.0,2014-04-02 18:00:00.0,0.0228913829841305774270843187423452036455,,degree Celsius,Version 1.0,Temperature Expanded Uncertainty (NEON.DOC.000646),Level-1 FIU measurement stream readout type
2014-04-02 17:30:00.0,2014-04-02 18:00:00.0,1800,,none,Version 1.0,Number of points used in data product mean value,Level-1 FIU measurement stream readout type
2014-04-02 17:30:00.0,2014-04-02 18:00:00.0,25.83108582962995214415968803223222494125,,degree Celsius,Version 1.0,Temperature Mean (NEON.DOC.000646),Level-1 FIU measurement stream readout type
2014-04-02 17:30:00.0,2014-04-02 18:00:00.0,0.0104589837494732471739888879369573260191,,degree Celsius,Version 1.0,Temperature Standard Error  (NEON.DOC.000652),Level-1 FIU measurement stream readout type
2014-04-02 18:00:00.0,2014-04-02 18:30:00.0,0.0205542948813246528771969678928144276142,,degree Celsius,Version 1.0,Temperature Expanded Uncertainty (NEON.DOC.000646),Level-1 FIU measurement stream readout type
2014-04-02 18:00:00.0,2014-04-02 18:30:00.0,1800,,none,Version 1.0,Number of points used in data product mean value,Level-1 FIU measurement stream readout type
2014-04-02 18:00:00.0,2014-04-02 18:30:00.0,0.009138587902690675779382445398368872702121,,degree Celsius,Version 1.0,Temperature Standard Error  (NEON.DOC.000652),Level-1 FIU measurement stream readout type
2014-04-02 18:00:00.0,2014-04-02 18:30:00.0,26.23407025997338237743861100170761346817,,degree Celsius,Version 1.0,Temperature Mean (NEON.DOC.000646),Level-1 FIU measurement stream readout type
2014-04-02 18:30:00.0,2014-04-02 19:00:00.0,0.009582459038201452186656048581880895653739,,degree Celsius,Version 1.0,Temperature Standard Error  (NEON.DOC.000652),Level-1 FIU measurement stream readout type
2014-04-02 18:30:00.0,2014-04-02 19:00:00.0,1800,,none,Version 1.0,Number of points used in data product mean value,Level-1 FIU measurement stream readout type
2014-04-02 18:30:00.0,2014-04-02 19:00:00.0,26.79247094838812515149584214668720960617,,degree Celsius,Version 1.0,Temperature Mean (NEON.DOC.000646),Level-1 FIU measurement stream readout type
2014-04-02 18:30:00.0,2014-04-02 19:00:00.0,0.0213385195167643398894696815659699495881,,degree Celsius,Version 1.0,Temperature Expanded Uncertainty (NEON.DOC.000646),Level-1 FIU measurement stream readout type
2014-04-02 19:00:00.0,2014-04-02 19:30:00.0,0.0219537711848158921534857057622502907179,,degree Celsius,Version 1.0,Temperature Expanded Uncertainty (NEON.DOC.000646),Level-1 FIU measurement stream readout type
2014-04-02 19:00:00.0,2014-04-02 19:30:00.0,0.009928711598887751677011692663654685020446,,degree Celsius,Version 1.0,Temperature Standard Error  (NEON.DOC.000652),Level-1 FIU measurement stream readout type
2014-04-02 19:00:00.0,2014-04-02 19:30:00.0,27.12234903866637836244990467093884944915,,degree Celsius,Version 1.0,Temperature Mean (NEON.DOC.000646),Level-1 FIU measurement stream readout type
2014-04-02 19:00:00.0,2014-04-02 19:30:00.0,1800,,none,Version 1.0,Number of points used in data product mean value,Level-1 FIU measurement stream readout type
2014-04-02 19:30:00.0,2014-04-02 20:00:00.0,27.65734308724518086819443851709365844726,,degree Celsius,Version 1.0,Temperature Mean (NEON.DOC.000646),Level-1 FIU measurement stream readout type
2014-04-02 19:30:00.0,2014-04-02 20:00:00.0,1800,,none,Version 1.0,Number of points used in data product mean value,Level-1 FIU measurement stream readout type
2014-04-02 19:30:00.0,2014-04-02 20:00:00.0,0.008317207972726505318949996592436946230009,,degree Celsius,Version 1.0,Temperature Standard Error  (NEON.DOC.000652),Level-1 FIU measurement stream readout type
2014-04-02 19:30:00.0,2014-04-02 20:00:00.0,0.0191454624926899602543883815997105557471,,degree Celsius,Version 1.0,Temperature Expanded Uncertainty (NEON.DOC.000646),Level-1 FIU measurement stream readout type
2014-04-02 20:00:00.0,2014-04-02 20:30:00.0,0.006119507562071362267996921247004138422198,,degree Celsius,Version 1.0,Temperature Standard Error  (NEON.DOC.000652),Level-1 FIU measurement stream readout type
2014-04-02 20:00:00.0,2014-04-02 20:30:00.0,0.0155389081904556466268152448151340649928,,degree Celsius,Version 1.0,Temperature Expanded Uncertainty (NEON.DOC.000646),Level-1 FIU measurement stream readout type
2014-04-02 20:00:00.0,2014-04-02 20:30:00.0,27.68331652543313836645211267750710248947,,degree Celsius,Version 1.0,Temperature Mean (NEON.DOC.000646),Level-1 FIU measurement stream readout type
2014-04-02 20:00:00.0,2014-04-02 20:30:00.0,1800,,none,Version 1.0,Number of points used in data product mean value,Level-1 FIU measurement stream readout type
2014-04-02 20:30:00.0,2014-04-02 21:00:00.0,1800,,none,Version 1.0,Number of points used in data product mean value,Level-1 FIU measurement stream readout type
2014-04-02 20:30:00.0,2014-04-02 21:00:00.0,0.0154668362316914345666596375394874485209,,degree Celsius,Version 1.0,Temperature Expanded Uncertainty (NEON.DOC.000646),Level-1 FIU measurement stream readout type
2014-04-02 20:30:00.0,2014-04-02 21:00:00.0,28.02303135777293263686260615941137075424,,degree Celsius,Version 1.0,Temperature Mean (NEON.DOC.000646),Level-1 FIU measurement stream readout type
2014-04-02 20:30:00.0,2014-04-02 21:00:00.0,0.006069860097125880961377308864257429377175,,degree Celsius,Version 1.0,Temperature Standard Error  (NEON.DOC.000652),Level-1 FIU measurement stream readout type
2014-04-02 21:00:00.0,2014-04-02 21:30:00.0,0.0150028077307745952989614934836026804987,,degree Celsius,Version 1.0,Temperature Expanded Uncertainty (NEON.DOC.000646),Level-1 FIU measurement stream readout type
2014-04-02 21:00:00.0,2014-04-02 21:30:00.0,28.18818528154339730917854467406868934631,,degree Celsius,Version 1.0,Temperature Mean (NEON.DOC.000646),Level-1 FIU measurement stream readout type
2014-04-02 21:00:00.0,2014-04-02 21:30:00.0,1800,,none,Version 1.0,Number of points used in data product mean value,Level-1 FIU measurement stream readout type
2014-04-02 21:00:00.0,2014-04-02 21:30:00.0,0.005763951525099102017601904179855409893207,,degree Celsius,Version 1.0,Temperature Standard Error  (NEON.DOC.000652),Level-1 FIU measurement stream readout type
2014-04-02 21:30:00.0,2014-04-02 22:00:00.0,0.005081673872972595346064750287951028440147,,degree Celsius,Version 1.0,Temperature Standard Error  (NEON.DOC.000652),Level-1 FIU measurement stream readout type
2014-04-02 21:30:00.0,2014-04-02 22:00:00.0,27.98076948385205398039943247567862272262,,degree Celsius,Version 1.0,Temperature Mean (NEON.DOC.000646),Level-1 FIU measurement stream readout type
2014-04-02 21:30:00.0,2014-04-02 22:00:00.0,1800,,none,Version 1.0,Number of points used in data product mean value,Level-1 FIU measurement stream readout type
2014-04-02 21:30:00.0,2014-04-02 22:00:00.0,0.0139942962028529287177303075395684572868,,degree Celsius,Version 1.0,Temperature Expanded Uncertainty (NEON.DOC.000646),Level-1 FIU measurement stream readout type
2014-04-02 22:00:00.0,2014-04-02 22:30:00.0,0.003493040410158137262092159502913091273512,,degree Celsius,Version 1.0,Temperature Standard Error  (NEON.DOC.000652),Level-1 FIU measurement stream readout type
2014-04-02 22:00:00.0,2014-04-02 22:30:00.0,1800,,none,Version 1.0,Number of points used in data product mean value,Level-1 FIU measurement stream readout type
2014-04-02 22:00:00.0,2014-04-02 22:30:00.0,27.87855351195514330697733385022729635238,,degree Celsius,Version 1.0,Temperature Mean (NEON.DOC.000646),Level-1 FIU measurement stream readout type
2014-04-02 22:00:00.0,2014-04-02 22:30:00.0,0.0119184014274694907026264090177392063196,,degree Celsius,Version 1.0,Temperature Expanded Uncertainty (NEON.DOC.000646),Level-1 FIU measurement stream readout type
2014-04-02 22:30:00.0,2014-04-02 23:00:00.0,1800,,none,Version 1.0,Number of points used in data product mean value,Level-1 FIU measurement stream readout type
2014-04-02 22:30:00.0,2014-04-02 23:00:00.0,0.0106447357873553794666010574587744486052,,degree Celsius,Version 1.0,Temperature Expanded Uncertainty (NEON.DOC.000646),Level-1 FIU measurement stream readout type
2014-04-02 22:30:00.0,2014-04-02 23:00:00.0,27.66137021344591673255308705847710371017,,degree Celsius,Version 1.0,Temperature Mean (NEON.DOC.000646),Level-1 FIU measurement stream readout type
2014-04-02 22:30:00.0,2014-04-02 23:00:00.0,0.002224103187303611700587069321954913903027,,degree Celsius,Version 1.0,Temperature Standard Error  (NEON.DOC.000652),Level-1 FIU measurement stream readout type
2014-04-02 23:00:00.0,2014-04-02 23:30:00.0,0.0161636356813270633259183028940242365933,,degree Celsius,Version 1.0,Temperature Expanded Uncertainty (NEON.DOC.000646),Level-1 FIU measurement stream readout type
2014-04-02 23:00:00.0,2014-04-02 23:30:00.0,1800,,none,Version 1.0,Number of points used in data product mean value,Level-1 FIU measurement stream readout type
2014-04-02 23:00:00.0,2014-04-02 23:30:00.0,27.05405980479506666824818239547312259674,,degree Celsius,Version 1.0,Temperature Mean (NEON.DOC.000646),Level-1 FIU measurement stream readout type
2014-04-02 23:00:00.0,2014-04-02 23:30:00.0,0.006525097738904927363590147137983876746147,,degree Celsius,Version 1.0,Temperature Standard Error  (NEON.DOC.000652),Level-1 FIU measurement stream readout type
2014-04-02 23:30:00.0,2014-04-03 00:00:00.0,26.09247573362995353818405419588088989257,,degree Celsius,Version 1.0,Temperature Mean (NEON.DOC.000646),Level-1 FIU measurement stream readout type
2014-04-02 23:30:00.0,2014-04-03 00:00:00.0,0.019018800356542669288684166417624510359,,degree Celsius,Version 1.0,Temperature Standard Error  (NEON.DOC.000652),Level-1 FIU measurement stream readout type
2014-04-02 23:30:00.0,2014-04-03 00:00:00.0,0.0389506486948440061590659411194792483001,,degree Celsius,Version 1.0,Temperature Expanded Uncertainty (NEON.DOC.000646),Level-1 FIU measurement stream readout type
2014-04-02 23:30:00.0,2014-04-03 00:00:00.0,1800,,none,Version 1.0,Number of points used in data product mean value,Level-1 FIU measurement stream readout type
2014-04-03 00:00:00.0,2014-04-03 00:30:00.0,1800,,none,Version 1.0,Number of points used in data product mean value,Level-1 FIU measurement stream readout type
2014-04-03 00:00:00.0,2014-04-03 00:30:00.0,0.014466387446603830996272321840478980448,,degree Celsius,Version 1.0,Temperature Expanded Uncertainty (NEON.DOC.000646),Level-1 FIU measurement stream readout type
2014-04-03 00:00:00.0,2014-04-03 00:30:00.0,23.73270925720289525884254544507712125778,,degree Celsius,Version 1.0,Temperature Mean (NEON.DOC.000646),Level-1 FIU measurement stream readout type
2014-04-03 00:00:00.0,2014-04-03 00:30:00.0,0.005451777579993021156934407400740383309312,,degree Celsius,Version 1.0,Temperature Standard Error  (NEON.DOC.000652),Level-1 FIU measurement stream readout type
