# Data from NEON Inc.
# These data are provided under the terms of the NEON data policy included in this data download.
# Data Product ID: NEON.D03.CS1.DP1.00002.001.005.003.002
# Data Product Name: 30 minutes Quality Summary temperature tower level 3
# Site: Ordway-Swisher Biological Station Site, CORE (FL)
# Geographic coordinates (lat/long): 29.68927/-81.99343
# Domain: Domain 03
# Query Citation Code: E84311018FEB4D63B42F74C58C4DC9C3
# Date-Time of Query Submission: 2014-07-10 14:23 (UTC)
# Start Date-Time for Data: 2014-04-02 00:00 (UTC)
# End Date-Time for Data: 2014-04-03 00:00 (UTC)
# 
### Sensor Metadata Below
### Sensor information: Thermometrics Climate RTD 100  Omega  Probe and Met One 076B aspirated radiation shield
### Units: deg C
### Sampling Rate (Hz): 1
### Assembly repeatability (precision) in deg C: 0.0025
### Assembly refers to the sensor(s) and relevant components (e.g. DAS); here repeatability represents the maximum expected assembly noise given at 95% confidence.
### Boom Level: 3
### Height Above Ground Level (m): 8.7
### Lat/Lon: 29.68923559/-81.99340654
### Threshold For Range test (Hard): min:  -89.2 (deg C) max:  56.7 (deg C)
### Threshold for Range test (soft): min: -27.2 (deg C) max: 44.4 (deg C)
### Threshold For Step test: 0.5 (deg C)
#
Start Date,End Date,Data 1,Data 2,Units,Readout Version,Value Name,Measurement Readout Type Name
2014-04-02 00:00:00.0,2014-04-02 00:30:00.0,"Flag value: 0, percent: 100",,none,Version 1.0,QMQF Plausibility Range Test Value (NEON.DOC.001113),Level-1 FIU measurement stream readout type
2014-04-02 00:00:00.0,2014-04-02 00:30:00.0,"Flag value: 0, percent: 100",,none,Version 1.0,QMQF Plausibility Step Test Value (NEON.DOC.001113),Level-1 FIU measurement stream readout type
2014-04-02 00:00:00.0,2014-04-02 00:30:00.0,"Flag value: 0, percent: 100",,none,Version 1.0,QMQF Despiking Spurious Value (NEON.DOC.001113),Level-1 FIU measurement stream readout type
2014-04-02 00:00:00.0,2014-04-02 00:30:00.0,"Flag value: 0, percent: 100",,none,Version 1.0,QMQF Plausibility Gap Test Value (NEON.DOC.001113),Level-1 FIU measurement stream readout type
2014-04-02 00:00:00.0,2014-04-02 00:30:00.0,"Flag value: 0, percent: 100",,none,Version 1.0,QMQF Beta Value (NEON.DOC.001113),Level-1 FIU measurement stream readout type
2014-04-02 00:00:00.0,2014-04-02 00:30:00.0,"Flag value: 0, percent: 100",,none,Version 1.0,QM Temperature Heater State Flag Value (NEON.DOC.000646),Level-1 FIU measurement stream readout type
2014-04-02 00:00:00.0,2014-04-02 00:30:00.0,"Flag value: 0, percent: 100",,none,Version 1.0,QMQF Plausibility Null Test Value (NEON.DOC.001113),Level-1 FIU measurement stream readout type
2014-04-02 00:00:00.0,2014-04-02 00:30:00.0,"Flag value: 0, percent: 100",,none,Version 1.0,QMQF Alpha Value (NEON.DOC.001113),Level-1 FIU measurement stream readout type
2014-04-02 00:00:00.0,2014-04-02 00:30:00.0,0,,none,Version 1.0,QMQF Final metric (NEON.DOC.001113),Level-1 FIU measurement stream readout type
2014-04-02 00:00:00.0,2014-04-02 00:30:00.0,"Flag value: 0, percent: 100",,none,Version 1.0,QMQF Plausibility Soft Range Test Value (NEON.DOC.001113 revB),Level-1 FIU measurement stream readout type
2014-04-02 00:30:00.0,2014-04-02 01:00:00.0,"Flag value: 0, percent: 100",,none,Version 1.0,QMQF Despiking Spurious Value (NEON.DOC.001113),Level-1 FIU measurement stream readout type
2014-04-02 00:30:00.0,2014-04-02 01:00:00.0,"Flag value: 0, percent: 100",,none,Version 1.0,QMQF Plausibility Soft Range Test Value (NEON.DOC.001113 revB),Level-1 FIU measurement stream readout type
2014-04-02 00:30:00.0,2014-04-02 01:00:00.0,"Flag value: 0, percent: 100",,none,Version 1.0,QMQF Plausibility Null Test Value (NEON.DOC.001113),Level-1 FIU measurement stream readout type
2014-04-02 00:30:00.0,2014-04-02 01:00:00.0,"Flag value: 0, percent: 100",,none,Version 1.0,QMQF Alpha Value (NEON.DOC.001113),Level-1 FIU measurement stream readout type
2014-04-02 00:30:00.0,2014-04-02 01:00:00.0,"Flag value: 0, percent: 100",,none,Version 1.0,QMQF Plausibility Gap Test Value (NEON.DOC.001113),Level-1 FIU measurement stream readout type
2014-04-02 00:30:00.0,2014-04-02 01:00:00.0,0,,none,Version 1.0,QMQF Final metric (NEON.DOC.001113),Level-1 FIU measurement stream readout type
2014-04-02 00:30:00.0,2014-04-02 01:00:00.0,"Flag value: 0, percent: 100",,none,Version 1.0,QMQF Beta Value (NEON.DOC.001113),Level-1 FIU measurement stream readout type
2014-04-02 00:30:00.0,2014-04-02 01:00:00.0,"Flag value: 0, percent: 100",,none,Version 1.0,QMQF Plausibility Step Test Value (NEON.DOC.001113),Level-1 FIU measurement stream readout type
2014-04-02 00:30:00.0,2014-04-02 01:00:00.0,"Flag value: 0, percent: 100",,none,Version 1.0,QMQF Plausibility Range Test Value (NEON.DOC.001113),Level-1 FIU measurement stream readout type
2014-04-02 00:30:00.0,2014-04-02 01:00:00.0,"Flag value: 0, percent: 100",,none,Version 1.0,QM Temperature Heater State Flag Value (NEON.DOC.000646),Level-1 FIU measurement stream readout type
2014-04-02 01:00:00.0,2014-04-02 01:30:00.0,"Flag value: 0, percent: 100",,none,Version 1.0,QMQF Plausibility Step Test Value (NEON.DOC.001113),Level-1 FIU measurement stream readout type
2014-04-02 01:00:00.0,2014-04-02 01:30:00.0,"Flag value: 0, percent: 100",,none,Version 1.0,QMQF Despiking Spurious Value (NEON.DOC.001113),Level-1 FIU measurement stream readout type
2014-04-02 01:00:00.0,2014-04-02 01:30:00.0,"Flag value: 0, percent: 100",,none,Version 1.0,QMQF Plausibility Soft Range Test Value (NEON.DOC.001113 revB),Level-1 FIU measurement stream readout type
2014-04-02 01:00:00.0,2014-04-02 01:30:00.0,"Flag value: 0, percent: 100",,none,Version 1.0,QMQF Plausibility Null Test Value (NEON.DOC.001113),Level-1 FIU measurement stream readout type
2014-04-02 01:00:00.0,2014-04-02 01:30:00.0,"Flag value: 0, percent: 100",,none,Version 1.0,QM Temperature Heater State Flag Value (NEON.DOC.000646),Level-1 FIU measurement stream readout type
2014-04-02 01:00:00.0,2014-04-02 01:30:00.0,"Flag value: 0, percent: 100",,none,Version 1.0,QMQF Beta Value (NEON.DOC.001113),Level-1 FIU measurement stream readout type
2014-04-02 01:00:00.0,2014-04-02 01:30:00.0,"Flag value: 0, percent: 100",,none,Version 1.0,QMQF Plausibility Gap Test Value (NEON.DOC.001113),Level-1 FIU measurement stream readout type
2014-04-02 01:00:00.0,2014-04-02 01:30:00.0,0,,none,Version 1.0,QMQF Final metric (NEON.DOC.001113),Level-1 FIU measurement stream readout type
2014-04-02 01:00:00.0,2014-04-02 01:30:00.0,"Flag value: 0, percent: 100",,none,Version 1.0,QMQF Alpha Value (NEON.DOC.001113),Level-1 FIU measurement stream readout type
2014-04-02 01:00:00.0,2014-04-02 01:30:00.0,"Flag value: 0, percent: 100",,none,Version 1.0,QMQF Plausibility Range Test Value (NEON.DOC.001113),Level-1 FIU measurement stream readout type
2014-04-02 01:30:00.0,2014-04-02 02:00:00.0,"Flag value: 0, percent: 100",,none,Version 1.0,QMQF Plausibility Soft Range Test Value (NEON.DOC.001113 revB),Level-1 FIU measurement stream readout type
2014-04-02 01:30:00.0,2014-04-02 02:00:00.0,"Flag value: 0, percent: 100",,none,Version 1.0,QMQF Beta Value (NEON.DOC.001113),Level-1 FIU measurement stream readout type
2014-04-02 01:30:00.0,2014-04-02 02:00:00.0,"Flag value: 0, percent: 100",,none,Version 1.0,QMQF Alpha Value (NEON.DOC.001113),Level-1 FIU measurement stream readout type
2014-04-02 01:30:00.0,2014-04-02 02:00:00.0,"Flag value: 0, percent: 100",,none,Version 1.0,QMQF Plausibility Gap Test Value (NEON.DOC.001113),Level-1 FIU measurement stream readout type
2014-04-02 01:30:00.0,2014-04-02 02:00:00.0,"Flag value: 0, percent: 100",,none,Version 1.0,QM Temperature Heater State Flag Value (NEON.DOC.000646),Level-1 FIU measurement stream readout type
2014-04-02 01:30:00.0,2014-04-02 02:00:00.0,"Flag value: 0, percent: 100",,none,Version 1.0,QMQF Plausibility Step Test Value (NEON.DOC.001113),Level-1 FIU measurement stream readout type
2014-04-02 01:30:00.0,2014-04-02 02:00:00.0,0,,none,Version 1.0,QMQF Final metric (NEON.DOC.001113),Level-1 FIU measurement stream readout type
2014-04-02 01:30:00.0,2014-04-02 02:00:00.0,"Flag value: 0, percent: 100",,none,Version 1.0,QMQF Plausibility Range Test Value (NEON.DOC.001113),Level-1 FIU measurement stream readout type
2014-04-02 01:30:00.0,2014-04-02 02:00:00.0,"Flag value: 0, percent: 100",,none,Version 1.0,QMQF Plausibility Null Test Value (NEON.DOC.001113),Level-1 FIU measurement stream readout type
2014-04-02 01:30:00.0,2014-04-02 02:00:00.0,"Flag value: 0, percent: 100",,none,Version 1.0,QMQF Despiking Spurious Value (NEON.DOC.001113),Level-1 FIU measurement stream readout type
2014-04-02 02:00:00.0,2014-04-02 02:30:00.0,"Flag value: 0, percent: 100",,none,Version 1.0,QMQF Despiking Spurious Value (NEON.DOC.001113),Level-1 FIU measurement stream readout type
2014-04-02 02:00:00.0,2014-04-02 02:30:00.0,"Flag value: 0, percent: 100",,none,Version 1.0,QMQF Plausibility Null Test Value (NEON.DOC.001113),Level-1 FIU measurement stream readout type
2014-04-02 02:00:00.0,2014-04-02 02:30:00.0,"Flag value: 0, percent: 100",,none,Version 1.0,QMQF Plausibility Step Test Value (NEON.DOC.001113),Level-1 FIU measurement stream readout type
2014-04-02 02:00:00.0,2014-04-02 02:30:00.0,"Flag value: 0, percent: 100",,none,Version 1.0,QMQF Plausibility Range Test Value (NEON.DOC.001113),Level-1 FIU measurement stream readout type
2014-04-02 02:00:00.0,2014-04-02 02:30:00.0,"Flag value: 0, percent: 100",,none,Version 1.0,QMQF Beta Value (NEON.DOC.001113),Level-1 FIU measurement stream readout type
2014-04-02 02:00:00.0,2014-04-02 02:30:00.0,"Flag value: 0, percent: 100",,none,Version 1.0,QMQF Plausibility Gap Test Value (NEON.DOC.001113),Level-1 FIU measurement stream readout type
2014-04-02 02:00:00.0,2014-04-02 02:30:00.0,"Flag value: 0, percent: 100",,none,Version 1.0,QMQF Plausibility Soft Range Test Value (NEON.DOC.001113 revB),Level-1 FIU measurement stream readout type
2014-04-02 02:00:00.0,2014-04-02 02:30:00.0,0,,none,Version 1.0,QMQF Final metric (NEON.DOC.001113),Level-1 FIU measurement stream readout type
2014-04-02 02:00:00.0,2014-04-02 02:30:00.0,"Flag value: 0, percent: 100",,none,Version 1.0,QM Temperature Heater State Flag Value (NEON.DOC.000646),Level-1 FIU measurement stream readout type
2014-04-02 02:00:00.0,2014-04-02 02:30:00.0,"Flag value: 0, percent: 100",,none,Version 1.0,QMQF Alpha Value (NEON.DOC.001113),Level-1 FIU measurement stream readout type
2014-04-02 02:30:00.0,2014-04-02 03:00:00.0,"Flag value: 0, percent: 100",,none,Version 1.0,QMQF Plausibility Null Test Value (NEON.DOC.001113),Level-1 FIU measurement stream readout type
2014-04-02 02:30:00.0,2014-04-02 03:00:00.0,0,,none,Version 1.0,QMQF Final metric (NEON.DOC.001113),Level-1 FIU measurement stream readout type
2014-04-02 02:30:00.0,2014-04-02 03:00:00.0,"Flag value: 0, percent: 100",,none,Version 1.0,QMQF Plausibility Gap Test Value (NEON.DOC.001113),Level-1 FIU measurement stream readout type
2014-04-02 02:30:00.0,2014-04-02 03:00:00.0,"Flag value: 0, percent: 100",,none,Version 1.0,QM Temperature Heater State Flag Value (NEON.DOC.000646),Level-1 FIU measurement stream readout type
2014-04-02 02:30:00.0,2014-04-02 03:00:00.0,"Flag value: 0, percent: 100",,none,Version 1.0,QMQF Beta Value (NEON.DOC.001113),Level-1 FIU measurement stream readout type
2014-04-02 02:30:00.0,2014-04-02 03:00:00.0,"Flag value: 0, percent: 100",,none,Version 1.0,QMQF Plausibility Soft Range Test Value (NEON.DOC.001113 revB),Level-1 FIU measurement stream readout type
2014-04-02 02:30:00.0,2014-04-02 03:00:00.0,"Flag value: 0, percent: 100",,none,Version 1.0,QMQF Plausibility Step Test Value (NEON.DOC.001113),Level-1 FIU measurement stream readout type
2014-04-02 02:30:00.0,2014-04-02 03:00:00.0,"Flag value: 0, percent: 100",,none,Version 1.0,QMQF Plausibility Range Test Value (NEON.DOC.001113),Level-1 FIU measurement stream readout type
2014-04-02 02:30:00.0,2014-04-02 03:00:00.0,"Flag value: 0, percent: 100",,none,Version 1.0,QMQF Despiking Spurious Value (NEON.DOC.001113),Level-1 FIU measurement stream readout type
2014-04-02 02:30:00.0,2014-04-02 03:00:00.0,"Flag value: 0, percent: 100",,none,Version 1.0,QMQF Alpha Value (NEON.DOC.001113),Level-1 FIU measurement stream readout type
2014-04-02 03:00:00.0,2014-04-02 03:30:00.0,"Flag value: 0, percent: 100",,none,Version 1.0,QMQF Plausibility Step Test Value (NEON.DOC.001113),Level-1 FIU measurement stream readout type
2014-04-02 03:00:00.0,2014-04-02 03:30:00.0,"Flag value: 0, percent: 100",,none,Version 1.0,QMQF Alpha Value (NEON.DOC.001113),Level-1 FIU measurement stream readout type
2014-04-02 03:00:00.0,2014-04-02 03:30:00.0,"Flag value: 0, percent: 100",,none,Version 1.0,QMQF Plausibility Soft Range Test Value (NEON.DOC.001113 revB),Level-1 FIU measurement stream readout type
2014-04-02 03:00:00.0,2014-04-02 03:30:00.0,"Flag value: 0, percent: 100",,none,Version 1.0,QMQF Beta Value (NEON.DOC.001113),Level-1 FIU measurement stream readout type
2014-04-02 03:00:00.0,2014-04-02 03:30:00.0,"Flag value: 0, percent: 100",,none,Version 1.0,QMQF Plausibility Range Test Value (NEON.DOC.001113),Level-1 FIU measurement stream readout type
2014-04-02 03:00:00.0,2014-04-02 03:30:00.0,"Flag value: 0, percent: 100",,none,Version 1.0,QMQF Despiking Spurious Value (NEON.DOC.001113),Level-1 FIU measurement stream readout type
2014-04-02 03:00:00.0,2014-04-02 03:30:00.0,0,,none,Version 1.0,QMQF Final metric (NEON.DOC.001113),Level-1 FIU measurement stream readout type
2014-04-02 03:00:00.0,2014-04-02 03:30:00.0,"Flag value: 0, percent: 100",,none,Version 1.0,QMQF Plausibility Null Test Value (NEON.DOC.001113),Level-1 FIU measurement stream readout type
2014-04-02 03:00:00.0,2014-04-02 03:30:00.0,"Flag value: 0, percent: 100",,none,Version 1.0,QM Temperature Heater State Flag Value (NEON.DOC.000646),Level-1 FIU measurement stream readout type
2014-04-02 03:00:00.0,2014-04-02 03:30:00.0,"Flag value: 0, percent: 100",,none,Version 1.0,QMQF Plausibility Gap Test Value (NEON.DOC.001113),Level-1 FIU measurement stream readout type
2014-04-02 03:30:00.0,2014-04-02 04:00:00.0,"Flag value: 0, percent: 100",,none,Version 1.0,QM Temperature Heater State Flag Value (NEON.DOC.000646),Level-1 FIU measurement stream readout type
2014-04-02 03:30:00.0,2014-04-02 04:00:00.0,"Flag value: 0, percent: 100",,none,Version 1.0,QMQF Alpha Value (NEON.DOC.001113),Level-1 FIU measurement stream readout type
2014-04-02 03:30:00.0,2014-04-02 04:00:00.0,0,,none,Version 1.0,QMQF Final metric (NEON.DOC.001113),Level-1 FIU measurement stream readout type
2014-04-02 03:30:00.0,2014-04-02 04:00:00.0,"Flag value: 0, percent: 100",,none,Version 1.0,QMQF Beta Value (NEON.DOC.001113),Level-1 FIU measurement stream readout type
2014-04-02 03:30:00.0,2014-04-02 04:00:00.0,"Flag value: 0, percent: 100",,none,Version 1.0,QMQF Plausibility Step Test Value (NEON.DOC.001113),Level-1 FIU measurement stream readout type
2014-04-02 03:30:00.0,2014-04-02 04:00:00.0,"Flag value: 0, percent: 100",,none,Version 1.0,QMQF Plausibility Range Test Value (NEON.DOC.001113),Level-1 FIU measurement stream readout type
2014-04-02 03:30:00.0,2014-04-02 04:00:00.0,"Flag value: 0, percent: 100",,none,Version 1.0,QMQF Plausibility Null Test Value (NEON.DOC.001113),Level-1 FIU measurement stream readout type
2014-04-02 03:30:00.0,2014-04-02 04:00:00.0,"Flag value: 0, percent: 100",,none,Version 1.0,QMQF Plausibility Gap Test Value (NEON.DOC.001113),Level-1 FIU measurement stream readout type
2014-04-02 03:30:00.0,2014-04-02 04:00:00.0,"Flag value: 0, percent: 100",,none,Version 1.0,QMQF Despiking Spurious Value (NEON.DOC.001113),Level-1 FIU measurement stream readout type
2014-04-02 03:30:00.0,2014-04-02 04:00:00.0,"Flag value: 0, percent: 100",,none,Version 1.0,QMQF Plausibility Soft Range Test Value (NEON.DOC.001113 revB),Level-1 FIU measurement stream readout type
2014-04-02 04:00:00.0,2014-04-02 04:30:00.0,"Flag value: 0, percent: 100",,none,Version 1.0,QMQF Plausibility Range Test Value (NEON.DOC.001113),Level-1 FIU measurement stream readout type
2014-04-02 04:00:00.0,2014-04-02 04:30:00.0,"Flag value: 0, percent: 100",,none,Version 1.0,QMQF Beta Value (NEON.DOC.001113),Level-1 FIU measurement stream readout type
2014-04-02 04:00:00.0,2014-04-02 04:30:00.0,"Flag value: 0, percent: 100",,none,Version 1.0,QM Temperature Heater State Flag Value (NEON.DOC.000646),Level-1 FIU measurement stream readout type
2014-04-02 04:00:00.0,2014-04-02 04:30:00.0,"Flag value: 0, percent: 100",,none,Version 1.0,QMQF Plausibility Gap Test Value (NEON.DOC.001113),Level-1 FIU measurement stream readout type
2014-04-02 04:00:00.0,2014-04-02 04:30:00.0,"Flag value: 0, percent: 100",,none,Version 1.0,QMQF Despiking Spurious Value (NEON.DOC.001113),Level-1 FIU measurement stream readout type
2014-04-02 04:00:00.0,2014-04-02 04:30:00.0,"Flag value: 0, percent: 100",,none,Version 1.0,QMQF Plausibility Step Test Value (NEON.DOC.001113),Level-1 FIU measurement stream readout type
2014-04-02 04:00:00.0,2014-04-02 04:30:00.0,"Flag value: 0, percent: 100",,none,Version 1.0,QMQF Plausibility Null Test Value (NEON.DOC.001113),Level-1 FIU measurement stream readout type
2014-04-02 04:00:00.0,2014-04-02 04:30:00.0,"Flag value: 0, percent: 100",,none,Version 1.0,QMQF Plausibility Soft Range Test Value (NEON.DOC.001113 revB),Level-1 FIU measurement stream readout type
2014-04-02 04:00:00.0,2014-04-02 04:30:00.0,0,,none,Version 1.0,QMQF Final metric (NEON.DOC.001113),Level-1 FIU measurement stream readout type
2014-04-02 04:00:00.0,2014-04-02 04:30:00.0,"Flag value: 0, percent: 100",,none,Version 1.0,QMQF Alpha Value (NEON.DOC.001113),Level-1 FIU measurement stream readout type
2014-04-02 04:30:00.0,2014-04-02 05:00:00.0,"Flag value: 0, percent: 100",,none,Version 1.0,QMQF Plausibility Soft Range Test Value (NEON.DOC.001113 revB),Level-1 FIU measurement stream readout type
2014-04-02 04:30:00.0,2014-04-02 05:00:00.0,"Flag value: 0, percent: 100",,none,Version 1.0,QMQF Alpha Value (NEON.DOC.001113),Level-1 FIU measurement stream readout type
2014-04-02 04:30:00.0,2014-04-02 05:00:00.0,"Flag value: 0, percent: 100",,none,Version 1.0,QMQF Beta Value (NEON.DOC.001113),Level-1 FIU measurement stream readout type
2014-04-02 04:30:00.0,2014-04-02 05:00:00.0,"Flag value: 0, percent: 100",,none,Version 1.0,QM Temperature Heater State Flag Value (NEON.DOC.000646),Level-1 FIU measurement stream readout type
2014-04-02 04:30:00.0,2014-04-02 05:00:00.0,"Flag value: 0, percent: 100",,none,Version 1.0,QMQF Plausibility Step Test Value (NEON.DOC.001113),Level-1 FIU measurement stream readout type
2014-04-02 04:30:00.0,2014-04-02 05:00:00.0,0,,none,Version 1.0,QMQF Final metric (NEON.DOC.001113),Level-1 FIU measurement stream readout type
2014-04-02 04:30:00.0,2014-04-02 05:00:00.0,"Flag value: 0, percent: 100",,none,Version 1.0,QMQF Plausibility Range Test Value (NEON.DOC.001113),Level-1 FIU measurement stream readout type
2014-04-02 04:30:00.0,2014-04-02 05:00:00.0,"Flag value: 0, percent: 100",,none,Version 1.0,QMQF Despiking Spurious Value (NEON.DOC.001113),Level-1 FIU measurement stream readout type
2014-04-02 04:30:00.0,2014-04-02 05:00:00.0,"Flag value: 0, percent: 100",,none,Version 1.0,QMQF Plausibility Null Test Value (NEON.DOC.001113),Level-1 FIU measurement stream readout type
2014-04-02 04:30:00.0,2014-04-02 05:00:00.0,"Flag value: 0, percent: 100",,none,Version 1.0,QMQF Plausibility Gap Test Value (NEON.DOC.001113),Level-1 FIU measurement stream readout type
2014-04-02 05:00:00.0,2014-04-02 05:30:00.0,"Flag value: 0, percent: 100",,none,Version 1.0,QM Temperature Heater State Flag Value (NEON.DOC.000646),Level-1 FIU measurement stream readout type
2014-04-02 05:00:00.0,2014-04-02 05:30:00.0,"Flag value: 0, percent: 100",,none,Version 1.0,QMQF Plausibility Step Test Value (NEON.DOC.001113),Level-1 FIU measurement stream readout type
2014-04-02 05:00:00.0,2014-04-02 05:30:00.0,"Flag value: 0, percent: 100",,none,Version 1.0,QMQF Plausibility Range Test Value (NEON.DOC.001113),Level-1 FIU measurement stream readout type
2014-04-02 05:00:00.0,2014-04-02 05:30:00.0,"Flag value: 0, percent: 100",,none,Version 1.0,QMQF Alpha Value (NEON.DOC.001113),Level-1 FIU measurement stream readout type
2014-04-02 05:00:00.0,2014-04-02 05:30:00.0,"Flag value: 0, percent: 100",,none,Version 1.0,QMQF Despiking Spurious Value (NEON.DOC.001113),Level-1 FIU measurement stream readout type
2014-04-02 05:00:00.0,2014-04-02 05:30:00.0,"Flag value: 0, percent: 100",,none,Version 1.0,QMQF Plausibility Soft Range Test Value (NEON.DOC.001113 revB),Level-1 FIU measurement stream readout type
2014-04-02 05:00:00.0,2014-04-02 05:30:00.0,0,,none,Version 1.0,QMQF Final metric (NEON.DOC.001113),Level-1 FIU measurement stream readout type
2014-04-02 05:00:00.0,2014-04-02 05:30:00.0,"Flag value: 0, percent: 100",,none,Version 1.0,QMQF Plausibility Null Test Value (NEON.DOC.001113),Level-1 FIU measurement stream readout type
2014-04-02 05:00:00.0,2014-04-02 05:30:00.0,"Flag value: 0, percent: 100",,none,Version 1.0,QMQF Beta Value (NEON.DOC.001113),Level-1 FIU measurement stream readout type
2014-04-02 05:00:00.0,2014-04-02 05:30:00.0,"Flag value: 0, percent: 100",,none,Version 1.0,QMQF Plausibility Gap Test Value (NEON.DOC.001113),Level-1 FIU measurement stream readout type
2014-04-02 05:30:00.0,2014-04-02 06:00:00.0,0,,none,Version 1.0,QMQF Final metric (NEON.DOC.001113),Level-1 FIU measurement stream readout type
2014-04-02 05:30:00.0,2014-04-02 06:00:00.0,"Flag value: 0, percent: 100",,none,Version 1.0,QMQF Plausibility Null Test Value (NEON.DOC.001113),Level-1 FIU measurement stream readout type
2014-04-02 05:30:00.0,2014-04-02 06:00:00.0,"Flag value: 0, percent: 100",,none,Version 1.0,QMQF Despiking Spurious Value (NEON.DOC.001113),Level-1 FIU measurement stream readout type
2014-04-02 05:30:00.0,2014-04-02 06:00:00.0,"Flag value: 0, percent: 100",,none,Version 1.0,QMQF Plausibility Soft Range Test Value (NEON.DOC.001113 revB),Level-1 FIU measurement stream readout type
2014-04-02 05:30:00.0,2014-04-02 06:00:00.0,"Flag value: 0, percent: 100",,none,Version 1.0,QMQF Plausibility Range Test Value (NEON.DOC.001113),Level-1 FIU measurement stream readout type
2014-04-02 05:30:00.0,2014-04-02 06:00:00.0,"Flag value: 0, percent: 100",,none,Version 1.0,QMQF Plausibility Step Test Value (NEON.DOC.001113),Level-1 FIU measurement stream readout type
2014-04-02 05:30:00.0,2014-04-02 06:00:00.0,"Flag value: 0, percent: 100",,none,Version 1.0,QMQF Beta Value (NEON.DOC.001113),Level-1 FIU measurement stream readout type
2014-04-02 05:30:00.0,2014-04-02 06:00:00.0,"Flag value: 0, percent: 100",,none,Version 1.0,QMQF Alpha Value (NEON.DOC.001113),Level-1 FIU measurement stream readout type
2014-04-02 05:30:00.0,2014-04-02 06:00:00.0,"Flag value: 0, percent: 100",,none,Version 1.0,QM Temperature Heater State Flag Value (NEON.DOC.000646),Level-1 FIU measurement stream readout type
2014-04-02 05:30:00.0,2014-04-02 06:00:00.0,"Flag value: 0, percent: 100",,none,Version 1.0,QMQF Plausibility Gap Test Value (NEON.DOC.001113),Level-1 FIU measurement stream readout type
2014-04-02 06:00:00.0,2014-04-02 06:30:00.0,"Flag value: 0, percent: 100",,none,Version 1.0,QMQF Plausibility Step Test Value (NEON.DOC.001113),Level-1 FIU measurement stream readout type
2014-04-02 06:00:00.0,2014-04-02 06:30:00.0,"Flag value: 0, percent: 100",,none,Version 1.0,QMQF Despiking Spurious Value (NEON.DOC.001113),Level-1 FIU measurement stream readout type
2014-04-02 06:00:00.0,2014-04-02 06:30:00.0,"Flag value: 0, percent: 100",,none,Version 1.0,QMQF Plausibility Soft Range Test Value (NEON.DOC.001113 revB),Level-1 FIU measurement stream readout type
2014-04-02 06:00:00.0,2014-04-02 06:30:00.0,"Flag value: 0, percent: 100",,none,Version 1.0,QMQF Alpha Value (NEON.DOC.001113),Level-1 FIU measurement stream readout type
2014-04-02 06:00:00.0,2014-04-02 06:30:00.0,"Flag value: 0, percent: 100",,none,Version 1.0,QMQF Plausibility Gap Test Value (NEON.DOC.001113),Level-1 FIU measurement stream readout type
2014-04-02 06:00:00.0,2014-04-02 06:30:00.0,"Flag value: 0, percent: 100",,none,Version 1.0,QMQF Beta Value (NEON.DOC.001113),Level-1 FIU measurement stream readout type
2014-04-02 06:00:00.0,2014-04-02 06:30:00.0,"Flag value: 0, percent: 100",,none,Version 1.0,QMQF Plausibility Null Test Value (NEON.DOC.001113),Level-1 FIU measurement stream readout type
2014-04-02 06:00:00.0,2014-04-02 06:30:00.0,"Flag value: 0, percent: 100",,none,Version 1.0,QMQF Plausibility Range Test Value (NEON.DOC.001113),Level-1 FIU measurement stream readout type
2014-04-02 06:00:00.0,2014-04-02 06:30:00.0,0,,none,Version 1.0,QMQF Final metric (NEON.DOC.001113),Level-1 FIU measurement stream readout type
2014-04-02 06:00:00.0,2014-04-02 06:30:00.0,"Flag value: 0, percent: 100",,none,Version 1.0,QM Temperature Heater State Flag Value (NEON.DOC.000646),Level-1 FIU measurement stream readout type
2014-04-02 06:30:00.0,2014-04-02 07:00:00.0,"Flag value: 0, percent: 100",,none,Version 1.0,QMQF Plausibility Step Test Value (NEON.DOC.001113),Level-1 FIU measurement stream readout type
2014-04-02 06:30:00.0,2014-04-02 07:00:00.0,"Flag value: 0, percent: 100",,none,Version 1.0,QM Temperature Heater State Flag Value (NEON.DOC.000646),Level-1 FIU measurement stream readout type
2014-04-02 06:30:00.0,2014-04-02 07:00:00.0,"Flag value: 0, percent: 100",,none,Version 1.0,QMQF Beta Value (NEON.DOC.001113),Level-1 FIU measurement stream readout type
2014-04-02 06:30:00.0,2014-04-02 07:00:00.0,"Flag value: 0, percent: 100",,none,Version 1.0,QMQF Plausibility Soft Range Test Value (NEON.DOC.001113 revB),Level-1 FIU measurement stream readout type
2014-04-02 06:30:00.0,2014-04-02 07:00:00.0,"Flag value: 0, percent: 100",,none,Version 1.0,QMQF Plausibility Null Test Value (NEON.DOC.001113),Level-1 FIU measurement stream readout type
2014-04-02 06:30:00.0,2014-04-02 07:00:00.0,0,,none,Version 1.0,QMQF Final metric (NEON.DOC.001113),Level-1 FIU measurement stream readout type
2014-04-02 06:30:00.0,2014-04-02 07:00:00.0,"Flag value: 0, percent: 100",,none,Version 1.0,QMQF Despiking Spurious Value (NEON.DOC.001113),Level-1 FIU measurement stream readout type
2014-04-02 06:30:00.0,2014-04-02 07:00:00.0,"Flag value: 0, percent: 100",,none,Version 1.0,QMQF Plausibility Gap Test Value (NEON.DOC.001113),Level-1 FIU measurement stream readout type
2014-04-02 06:30:00.0,2014-04-02 07:00:00.0,"Flag value: 0, percent: 100",,none,Version 1.0,QMQF Alpha Value (NEON.DOC.001113),Level-1 FIU measurement stream readout type
2014-04-02 06:30:00.0,2014-04-02 07:00:00.0,"Flag value: 0, percent: 100",,none,Version 1.0,QMQF Plausibility Range Test Value (NEON.DOC.001113),Level-1 FIU measurement stream readout type
2014-04-02 07:00:00.0,2014-04-02 07:30:00.0,"Flag value: 0, percent: 100",,none,Version 1.0,QMQF Plausibility Gap Test Value (NEON.DOC.001113),Level-1 FIU measurement stream readout type
2014-04-02 07:00:00.0,2014-04-02 07:30:00.0,"Flag value: 0, percent: 100",,none,Version 1.0,QMQF Beta Value (NEON.DOC.001113),Level-1 FIU measurement stream readout type
2014-04-02 07:00:00.0,2014-04-02 07:30:00.0,"Flag value: 0, percent: 100",,none,Version 1.0,QMQF Plausibility Null Test Value (NEON.DOC.001113),Level-1 FIU measurement stream readout type
2014-04-02 07:00:00.0,2014-04-02 07:30:00.0,"Flag value: 0, percent: 100",,none,Version 1.0,QMQF Plausibility Step Test Value (NEON.DOC.001113),Level-1 FIU measurement stream readout type
2014-04-02 07:00:00.0,2014-04-02 07:30:00.0,"Flag value: 0, percent: 100",,none,Version 1.0,QM Temperature Heater State Flag Value (NEON.DOC.000646),Level-1 FIU measurement stream readout type
2014-04-02 07:00:00.0,2014-04-02 07:30:00.0,"Flag value: 0, percent: 100",,none,Version 1.0,QMQF Despiking Spurious Value (NEON.DOC.001113),Level-1 FIU measurement stream readout type
2014-04-02 07:00:00.0,2014-04-02 07:30:00.0,0,,none,Version 1.0,QMQF Final metric (NEON.DOC.001113),Level-1 FIU measurement stream readout type
2014-04-02 07:00:00.0,2014-04-02 07:30:00.0,"Flag value: 0, percent: 100",,none,Version 1.0,QMQF Plausibility Soft Range Test Value (NEON.DOC.001113 revB),Level-1 FIU measurement stream readout type
2014-04-02 07:00:00.0,2014-04-02 07:30:00.0,"Flag value: 0, percent: 100",,none,Version 1.0,QMQF Plausibility Range Test Value (NEON.DOC.001113),Level-1 FIU measurement stream readout type
2014-04-02 07:00:00.0,2014-04-02 07:30:00.0,"Flag value: 0, percent: 100",,none,Version 1.0,QMQF Alpha Value (NEON.DOC.001113),Level-1 FIU measurement stream readout type
2014-04-02 07:30:00.0,2014-04-02 08:00:00.0,"Flag value: 0, percent: 100",,none,Version 1.0,QMQF Plausibility Null Test Value (NEON.DOC.001113),Level-1 FIU measurement stream readout type
2014-04-02 07:30:00.0,2014-04-02 08:00:00.0,"Flag value: 0, percent: 100",,none,Version 1.0,QMQF Plausibility Step Test Value (NEON.DOC.001113),Level-1 FIU measurement stream readout type
2014-04-02 07:30:00.0,2014-04-02 08:00:00.0,"Flag value: 0, percent: 100",,none,Version 1.0,QMQF Plausibility Gap Test Value (NEON.DOC.001113),Level-1 FIU measurement stream readout type
2014-04-02 07:30:00.0,2014-04-02 08:00:00.0,"Flag value: 0, percent: 100",,none,Version 1.0,QMQF Alpha Value (NEON.DOC.001113),Level-1 FIU measurement stream readout type
2014-04-02 07:30:00.0,2014-04-02 08:00:00.0,"Flag value: 0, percent: 100",,none,Version 1.0,QM Temperature Heater State Flag Value (NEON.DOC.000646),Level-1 FIU measurement stream readout type
2014-04-02 07:30:00.0,2014-04-02 08:00:00.0,"Flag value: 0, percent: 100",,none,Version 1.0,QMQF Plausibility Soft Range Test Value (NEON.DOC.001113 revB),Level-1 FIU measurement stream readout type
2014-04-02 07:30:00.0,2014-04-02 08:00:00.0,"Flag value: 0, percent: 100",,none,Version 1.0,QMQF Beta Value (NEON.DOC.001113),Level-1 FIU measurement stream readout type
2014-04-02 07:30:00.0,2014-04-02 08:00:00.0,0,,none,Version 1.0,QMQF Final metric (NEON.DOC.001113),Level-1 FIU measurement stream readout type
2014-04-02 07:30:00.0,2014-04-02 08:00:00.0,"Flag value: 0, percent: 100",,none,Version 1.0,QMQF Plausibility Range Test Value (NEON.DOC.001113),Level-1 FIU measurement stream readout type
2014-04-02 07:30:00.0,2014-04-02 08:00:00.0,"Flag value: 0, percent: 100",,none,Version 1.0,QMQF Despiking Spurious Value (NEON.DOC.001113),Level-1 FIU measurement stream readout type
2014-04-02 08:00:00.0,2014-04-02 08:30:00.0,"Flag value: 0, percent: 100",,none,Version 1.0,QM Temperature Heater State Flag Value (NEON.DOC.000646),Level-1 FIU measurement stream readout type
2014-04-02 08:00:00.0,2014-04-02 08:30:00.0,"Flag value: 0, percent: 100",,none,Version 1.0,QMQF Alpha Value (NEON.DOC.001113),Level-1 FIU measurement stream readout type
2014-04-02 08:00:00.0,2014-04-02 08:30:00.0,"Flag value: 0, percent: 100",,none,Version 1.0,QMQF Despiking Spurious Value (NEON.DOC.001113),Level-1 FIU measurement stream readout type
2014-04-02 08:00:00.0,2014-04-02 08:30:00.0,"Flag value: 0, percent: 100",,none,Version 1.0,QMQF Plausibility Null Test Value (NEON.DOC.001113),Level-1 FIU measurement stream readout type
2014-04-02 08:00:00.0,2014-04-02 08:30:00.0,"Flag value: 0, percent: 100",,none,Version 1.0,QMQF Beta Value (NEON.DOC.001113),Level-1 FIU measurement stream readout type
2014-04-02 08:00:00.0,2014-04-02 08:30:00.0,"Flag value: 0, percent: 100",,none,Version 1.0,QMQF Plausibility Gap Test Value (NEON.DOC.001113),Level-1 FIU measurement stream readout type
2014-04-02 08:00:00.0,2014-04-02 08:30:00.0,"Flag value: 0, percent: 100",,none,Version 1.0,QMQF Plausibility Soft Range Test Value (NEON.DOC.001113 revB),Level-1 FIU measurement stream readout type
2014-04-02 08:00:00.0,2014-04-02 08:30:00.0,0,,none,Version 1.0,QMQF Final metric (NEON.DOC.001113),Level-1 FIU measurement stream readout type
2014-04-02 08:00:00.0,2014-04-02 08:30:00.0,"Flag value: 0, percent: 100",,none,Version 1.0,QMQF Plausibility Step Test Value (NEON.DOC.001113),Level-1 FIU measurement stream readout type
2014-04-02 08:00:00.0,2014-04-02 08:30:00.0,"Flag value: 0, percent: 100",,none,Version 1.0,QMQF Plausibility Range Test Value (NEON.DOC.001113),Level-1 FIU measurement stream readout type
2014-04-02 08:30:00.0,2014-04-02 09:00:00.0,"Flag value: 0, percent: 100",,none,Version 1.0,QM Temperature Heater State Flag Value (NEON.DOC.000646),Level-1 FIU measurement stream readout type
2014-04-02 08:30:00.0,2014-04-02 09:00:00.0,"Flag value: 0, percent: 100",,none,Version 1.0,QMQF Despiking Spurious Value (NEON.DOC.001113),Level-1 FIU measurement stream readout type
2014-04-02 08:30:00.0,2014-04-02 09:00:00.0,"Flag value: 0, percent: 100",,none,Version 1.0,QMQF Plausibility Soft Range Test Value (NEON.DOC.001113 revB),Level-1 FIU measurement stream readout type
2014-04-02 08:30:00.0,2014-04-02 09:00:00.0,"Flag value: 0, percent: 100",,none,Version 1.0,QMQF Plausibility Range Test Value (NEON.DOC.001113),Level-1 FIU measurement stream readout type
2014-04-02 08:30:00.0,2014-04-02 09:00:00.0,"Flag value: 0, percent: 100",,none,Version 1.0,QMQF Beta Value (NEON.DOC.001113),Level-1 FIU measurement stream readout type
2014-04-02 08:30:00.0,2014-04-02 09:00:00.0,"Flag value: 0, percent: 100",,none,Version 1.0,QMQF Alpha Value (NEON.DOC.001113),Level-1 FIU measurement stream readout type
2014-04-02 08:30:00.0,2014-04-02 09:00:00.0,"Flag value: 0, percent: 100",,none,Version 1.0,QMQF Plausibility Null Test Value (NEON.DOC.001113),Level-1 FIU measurement stream readout type
2014-04-02 08:30:00.0,2014-04-02 09:00:00.0,"Flag value: 0, percent: 100",,none,Version 1.0,QMQF Plausibility Step Test Value (NEON.DOC.001113),Level-1 FIU measurement stream readout type
2014-04-02 08:30:00.0,2014-04-02 09:00:00.0,0,,none,Version 1.0,QMQF Final metric (NEON.DOC.001113),Level-1 FIU measurement stream readout type
2014-04-02 08:30:00.0,2014-04-02 09:00:00.0,"Flag value: 0, percent: 100",,none,Version 1.0,QMQF Plausibility Gap Test Value (NEON.DOC.001113),Level-1 FIU measurement stream readout type
2014-04-02 09:00:00.0,2014-04-02 09:30:00.0,"Flag value: 0, percent: 100",,none,Version 1.0,QMQF Despiking Spurious Value (NEON.DOC.001113),Level-1 FIU measurement stream readout type
2014-04-02 09:00:00.0,2014-04-02 09:30:00.0,0,,none,Version 1.0,QMQF Final metric (NEON.DOC.001113),Level-1 FIU measurement stream readout type
2014-04-02 09:00:00.0,2014-04-02 09:30:00.0,"Flag value: 0, percent: 100",,none,Version 1.0,QMQF Plausibility Null Test Value (NEON.DOC.001113),Level-1 FIU measurement stream readout type
2014-04-02 09:00:00.0,2014-04-02 09:30:00.0,"Flag value: 0, percent: 100",,none,Version 1.0,QM Temperature Heater State Flag Value (NEON.DOC.000646),Level-1 FIU measurement stream readout type
2014-04-02 09:00:00.0,2014-04-02 09:30:00.0,"Flag value: 0, percent: 100",,none,Version 1.0,QMQF Plausibility Gap Test Value (NEON.DOC.001113),Level-1 FIU measurement stream readout type
2014-04-02 09:00:00.0,2014-04-02 09:30:00.0,"Flag value: 0, percent: 100",,none,Version 1.0,QMQF Beta Value (NEON.DOC.001113),Level-1 FIU measurement stream readout type
2014-04-02 09:00:00.0,2014-04-02 09:30:00.0,"Flag value: 0, percent: 100",,none,Version 1.0,QMQF Alpha Value (NEON.DOC.001113),Level-1 FIU measurement stream readout type
2014-04-02 09:00:00.0,2014-04-02 09:30:00.0,"Flag value: 0, percent: 100",,none,Version 1.0,QMQF Plausibility Range Test Value (NEON.DOC.001113),Level-1 FIU measurement stream readout type
2014-04-02 09:00:00.0,2014-04-02 09:30:00.0,"Flag value: 0, percent: 100",,none,Version 1.0,QMQF Plausibility Step Test Value (NEON.DOC.001113),Level-1 FIU measurement stream readout type
2014-04-02 09:00:00.0,2014-04-02 09:30:00.0,"Flag value: 0, percent: 100",,none,Version 1.0,QMQF Plausibility Soft Range Test Value (NEON.DOC.001113 revB),Level-1 FIU measurement stream readout type
2014-04-02 09:30:00.0,2014-04-02 10:00:00.0,"Flag value: 0, percent: 100",,none,Version 1.0,QM Temperature Heater State Flag Value (NEON.DOC.000646),Level-1 FIU measurement stream readout type
2014-04-02 09:30:00.0,2014-04-02 10:00:00.0,"Flag value: 0, percent: 100",,none,Version 1.0,QMQF Plausibility Null Test Value (NEON.DOC.001113),Level-1 FIU measurement stream readout type
2014-04-02 09:30:00.0,2014-04-02 10:00:00.0,"Flag value: 0, percent: 100",,none,Version 1.0,QMQF Plausibility Soft Range Test Value (NEON.DOC.001113 revB),Level-1 FIU measurement stream readout type
2014-04-02 09:30:00.0,2014-04-02 10:00:00.0,"Flag value: 0, percent: 100",,none,Version 1.0,QMQF Plausibility Step Test Value (NEON.DOC.001113),Level-1 FIU measurement stream readout type
2014-04-02 09:30:00.0,2014-04-02 10:00:00.0,"Flag value: 0, percent: 100",,none,Version 1.0,QMQF Beta Value (NEON.DOC.001113),Level-1 FIU measurement stream readout type
2014-04-02 09:30:00.0,2014-04-02 10:00:00.0,0,,none,Version 1.0,QMQF Final metric (NEON.DOC.001113),Level-1 FIU measurement stream readout type
2014-04-02 09:30:00.0,2014-04-02 10:00:00.0,"Flag value: 0, percent: 100",,none,Version 1.0,QMQF Despiking Spurious Value (NEON.DOC.001113),Level-1 FIU measurement stream readout type
2014-04-02 09:30:00.0,2014-04-02 10:00:00.0,"Flag value: 0, percent: 100",,none,Version 1.0,QMQF Plausibility Range Test Value (NEON.DOC.001113),Level-1 FIU measurement stream readout type
2014-04-02 09:30:00.0,2014-04-02 10:00:00.0,"Flag value: 0, percent: 100",,none,Version 1.0,QMQF Plausibility Gap Test Value (NEON.DOC.001113),Level-1 FIU measurement stream readout type
2014-04-02 09:30:00.0,2014-04-02 10:00:00.0,"Flag value: 0, percent: 100",,none,Version 1.0,QMQF Alpha Value (NEON.DOC.001113),Level-1 FIU measurement stream readout type
2014-04-02 10:00:00.0,2014-04-02 10:30:00.0,0,,none,Version 1.0,QMQF Final metric (NEON.DOC.001113),Level-1 FIU measurement stream readout type
2014-04-02 10:00:00.0,2014-04-02 10:30:00.0,"Flag value: 0, percent: 100",,none,Version 1.0,QMQF Plausibility Null Test Value (NEON.DOC.001113),Level-1 FIU measurement stream readout type
2014-04-02 10:00:00.0,2014-04-02 10:30:00.0,"Flag value: 0, percent: 100",,none,Version 1.0,QMQF Plausibility Soft Range Test Value (NEON.DOC.001113 revB),Level-1 FIU measurement stream readout type
2014-04-02 10:00:00.0,2014-04-02 10:30:00.0,"Flag value: 0, percent: 100",,none,Version 1.0,QMQF Plausibility Step Test Value (NEON.DOC.001113),Level-1 FIU measurement stream readout type
2014-04-02 10:00:00.0,2014-04-02 10:30:00.0,"Flag value: 0, percent: 100",,none,Version 1.0,QMQF Beta Value (NEON.DOC.001113),Level-1 FIU measurement stream readout type
2014-04-02 10:00:00.0,2014-04-02 10:30:00.0,"Flag value: 0, percent: 100",,none,Version 1.0,QMQF Plausibility Gap Test Value (NEON.DOC.001113),Level-1 FIU measurement stream readout type
2014-04-02 10:00:00.0,2014-04-02 10:30:00.0,"Flag value: 0, percent: 100",,none,Version 1.0,QMQF Alpha Value (NEON.DOC.001113),Level-1 FIU measurement stream readout type
2014-04-02 10:00:00.0,2014-04-02 10:30:00.0,"Flag value: 0, percent: 100",,none,Version 1.0,QMQF Plausibility Range Test Value (NEON.DOC.001113),Level-1 FIU measurement stream readout type
2014-04-02 10:00:00.0,2014-04-02 10:30:00.0,"Flag value: 0, percent: 100",,none,Version 1.0,QM Temperature Heater State Flag Value (NEON.DOC.000646),Level-1 FIU measurement stream readout type
2014-04-02 10:00:00.0,2014-04-02 10:30:00.0,"Flag value: 0, percent: 100",,none,Version 1.0,QMQF Despiking Spurious Value (NEON.DOC.001113),Level-1 FIU measurement stream readout type
2014-04-02 10:30:00.0,2014-04-02 11:00:00.0,"Flag value: 0, percent: 100",,none,Version 1.0,QMQF Despiking Spurious Value (NEON.DOC.001113),Level-1 FIU measurement stream readout type
2014-04-02 10:30:00.0,2014-04-02 11:00:00.0,"Flag value: 0, percent: 100",,none,Version 1.0,QM Temperature Heater State Flag Value (NEON.DOC.000646),Level-1 FIU measurement stream readout type
2014-04-02 10:30:00.0,2014-04-02 11:00:00.0,"Flag value: 0, percent: 100",,none,Version 1.0,QMQF Plausibility Soft Range Test Value (NEON.DOC.001113 revB),Level-1 FIU measurement stream readout type
2014-04-02 10:30:00.0,2014-04-02 11:00:00.0,"Flag value: 0, percent: 100",,none,Version 1.0,QMQF Plausibility Step Test Value (NEON.DOC.001113),Level-1 FIU measurement stream readout type
2014-04-02 10:30:00.0,2014-04-02 11:00:00.0,"Flag value: 0, percent: 100",,none,Version 1.0,QMQF Plausibility Range Test Value (NEON.DOC.001113),Level-1 FIU measurement stream readout type
2014-04-02 10:30:00.0,2014-04-02 11:00:00.0,0,,none,Version 1.0,QMQF Final metric (NEON.DOC.001113),Level-1 FIU measurement stream readout type
2014-04-02 10:30:00.0,2014-04-02 11:00:00.0,"Flag value: 0, percent: 100",,none,Version 1.0,QMQF Beta Value (NEON.DOC.001113),Level-1 FIU measurement stream readout type
2014-04-02 10:30:00.0,2014-04-02 11:00:00.0,"Flag value: 0, percent: 100",,none,Version 1.0,QMQF Alpha Value (NEON.DOC.001113),Level-1 FIU measurement stream readout type
2014-04-02 10:30:00.0,2014-04-02 11:00:00.0,"Flag value: 0, percent: 100",,none,Version 1.0,QMQF Plausibility Gap Test Value (NEON.DOC.001113),Level-1 FIU measurement stream readout type
2014-04-02 10:30:00.0,2014-04-02 11:00:00.0,"Flag value: 0, percent: 100",,none,Version 1.0,QMQF Plausibility Null Test Value (NEON.DOC.001113),Level-1 FIU measurement stream readout type
2014-04-02 11:00:00.0,2014-04-02 11:30:00.0,"Flag value: 0, percent: 100",,none,Version 1.0,QMQF Plausibility Soft Range Test Value (NEON.DOC.001113 revB),Level-1 FIU measurement stream readout type
2014-04-02 11:00:00.0,2014-04-02 11:30:00.0,0,,none,Version 1.0,QMQF Final metric (NEON.DOC.001113),Level-1 FIU measurement stream readout type
2014-04-02 11:00:00.0,2014-04-02 11:30:00.0,"Flag value: 0, percent: 100",,none,Version 1.0,QMQF Plausibility Null Test Value (NEON.DOC.001113),Level-1 FIU measurement stream readout type
2014-04-02 11:00:00.0,2014-04-02 11:30:00.0,"Flag value: 0, percent: 100",,none,Version 1.0,QMQF Despiking Spurious Value (NEON.DOC.001113),Level-1 FIU measurement stream readout type
2014-04-02 11:00:00.0,2014-04-02 11:30:00.0,"Flag value: 0, percent: 100",,none,Version 1.0,QMQF Plausibility Step Test Value (NEON.DOC.001113),Level-1 FIU measurement stream readout type
2014-04-02 11:00:00.0,2014-04-02 11:30:00.0,"Flag value: 0, percent: 100",,none,Version 1.0,QMQF Plausibility Range Test Value (NEON.DOC.001113),Level-1 FIU measurement stream readout type
2014-04-02 11:00:00.0,2014-04-02 11:30:00.0,"Flag value: 0, percent: 100",,none,Version 1.0,QMQF Beta Value (NEON.DOC.001113),Level-1 FIU measurement stream readout type
2014-04-02 11:00:00.0,2014-04-02 11:30:00.0,"Flag value: 0, percent: 100",,none,Version 1.0,QMQF Alpha Value (NEON.DOC.001113),Level-1 FIU measurement stream readout type
2014-04-02 11:00:00.0,2014-04-02 11:30:00.0,"Flag value: 0, percent: 100",,none,Version 1.0,QMQF Plausibility Gap Test Value (NEON.DOC.001113),Level-1 FIU measurement stream readout type
2014-04-02 11:00:00.0,2014-04-02 11:30:00.0,"Flag value: 0, percent: 100",,none,Version 1.0,QM Temperature Heater State Flag Value (NEON.DOC.000646),Level-1 FIU measurement stream readout type
2014-04-02 11:30:00.0,2014-04-02 12:00:00.0,"Flag value: 0, percent: 100",,none,Version 1.0,QMQF Despiking Spurious Value (NEON.DOC.001113),Level-1 FIU measurement stream readout type
2014-04-02 11:30:00.0,2014-04-02 12:00:00.0,"Flag value: 0, percent: 100",,none,Version 1.0,QMQF Plausibility Gap Test Value (NEON.DOC.001113),Level-1 FIU measurement stream readout type
2014-04-02 11:30:00.0,2014-04-02 12:00:00.0,"Flag value: 0, percent: 100",,none,Version 1.0,QMQF Plausibility Range Test Value (NEON.DOC.001113),Level-1 FIU measurement stream readout type
2014-04-02 11:30:00.0,2014-04-02 12:00:00.0,0,,none,Version 1.0,QMQF Final metric (NEON.DOC.001113),Level-1 FIU measurement stream readout type
2014-04-02 11:30:00.0,2014-04-02 12:00:00.0,"Flag value: 0, percent: 100",,none,Version 1.0,QM Temperature Heater State Flag Value (NEON.DOC.000646),Level-1 FIU measurement stream readout type
2014-04-02 11:30:00.0,2014-04-02 12:00:00.0,"Flag value: 0, percent: 100",,none,Version 1.0,QMQF Plausibility Null Test Value (NEON.DOC.001113),Level-1 FIU measurement stream readout type
2014-04-02 11:30:00.0,2014-04-02 12:00:00.0,"Flag value: 0, percent: 100",,none,Version 1.0,QMQF Beta Value (NEON.DOC.001113),Level-1 FIU measurement stream readout type
2014-04-02 11:30:00.0,2014-04-02 12:00:00.0,"Flag value: 0, percent: 100",,none,Version 1.0,QMQF Plausibility Step Test Value (NEON.DOC.001113),Level-1 FIU measurement stream readout type
2014-04-02 11:30:00.0,2014-04-02 12:00:00.0,"Flag value: 0, percent: 100",,none,Version 1.0,QMQF Alpha Value (NEON.DOC.001113),Level-1 FIU measurement stream readout type
2014-04-02 11:30:00.0,2014-04-02 12:00:00.0,"Flag value: 0, percent: 100",,none,Version 1.0,QMQF Plausibility Soft Range Test Value (NEON.DOC.001113 revB),Level-1 FIU measurement stream readout type
2014-04-02 12:00:00.0,2014-04-02 12:30:00.0,"Flag value: 0, percent: 100",,none,Version 1.0,QMQF Plausibility Null Test Value (NEON.DOC.001113),Level-1 FIU measurement stream readout type
2014-04-02 12:00:00.0,2014-04-02 12:30:00.0,"Flag value: 0, percent: 100",,none,Version 1.0,QMQF Plausibility Gap Test Value (NEON.DOC.001113),Level-1 FIU measurement stream readout type
2014-04-02 12:00:00.0,2014-04-02 12:30:00.0,"Flag value: 0, percent: 100",,none,Version 1.0,QMQF Despiking Spurious Value (NEON.DOC.001113),Level-1 FIU measurement stream readout type
2014-04-02 12:00:00.0,2014-04-02 12:30:00.0,"Flag value: 0, percent: 100",,none,Version 1.0,QMQF Plausibility Soft Range Test Value (NEON.DOC.001113 revB),Level-1 FIU measurement stream readout type
2014-04-02 12:00:00.0,2014-04-02 12:30:00.0,"Flag value: 0, percent: 100",,none,Version 1.0,QMQF Beta Value (NEON.DOC.001113),Level-1 FIU measurement stream readout type
2014-04-02 12:00:00.0,2014-04-02 12:30:00.0,"Flag value: 0, percent: 100",,none,Version 1.0,QMQF Alpha Value (NEON.DOC.001113),Level-1 FIU measurement stream readout type
2014-04-02 12:00:00.0,2014-04-02 12:30:00.0,"Flag value: 0, percent: 100",,none,Version 1.0,QMQF Plausibility Range Test Value (NEON.DOC.001113),Level-1 FIU measurement stream readout type
2014-04-02 12:00:00.0,2014-04-02 12:30:00.0,0,,none,Version 1.0,QMQF Final metric (NEON.DOC.001113),Level-1 FIU measurement stream readout type
2014-04-02 12:00:00.0,2014-04-02 12:30:00.0,"Flag value: 0, percent: 100",,none,Version 1.0,QM Temperature Heater State Flag Value (NEON.DOC.000646),Level-1 FIU measurement stream readout type
2014-04-02 12:00:00.0,2014-04-02 12:30:00.0,"Flag value: 0, percent: 100",,none,Version 1.0,QMQF Plausibility Step Test Value (NEON.DOC.001113),Level-1 FIU measurement stream readout type
2014-04-02 12:30:00.0,2014-04-02 13:00:00.0,"Flag value: 0, percent: 100",,none,Version 1.0,QMQF Despiking Spurious Value (NEON.DOC.001113),Level-1 FIU measurement stream readout type
2014-04-02 12:30:00.0,2014-04-02 13:00:00.0,"Flag value: 0, percent: 100",,none,Version 1.0,QMQF Plausibility Soft Range Test Value (NEON.DOC.001113 revB),Level-1 FIU measurement stream readout type
2014-04-02 12:30:00.0,2014-04-02 13:00:00.0,"Flag value: 0, percent: 100",,none,Version 1.0,QMQF Alpha Value (NEON.DOC.001113),Level-1 FIU measurement stream readout type
2014-04-02 12:30:00.0,2014-04-02 13:00:00.0,"Flag value: 0, percent: 100",,none,Version 1.0,QMQF Plausibility Step Test Value (NEON.DOC.001113),Level-1 FIU measurement stream readout type
2014-04-02 12:30:00.0,2014-04-02 13:00:00.0,"Flag value: 0, percent: 100",,none,Version 1.0,QMQF Plausibility Gap Test Value (NEON.DOC.001113),Level-1 FIU measurement stream readout type
2014-04-02 12:30:00.0,2014-04-02 13:00:00.0,"Flag value: 0, percent: 100",,none,Version 1.0,QMQF Plausibility Null Test Value (NEON.DOC.001113),Level-1 FIU measurement stream readout type
2014-04-02 12:30:00.0,2014-04-02 13:00:00.0,0,,none,Version 1.0,QMQF Final metric (NEON.DOC.001113),Level-1 FIU measurement stream readout type
2014-04-02 12:30:00.0,2014-04-02 13:00:00.0,"Flag value: 0, percent: 100",,none,Version 1.0,QMQF Beta Value (NEON.DOC.001113),Level-1 FIU measurement stream readout type
2014-04-02 12:30:00.0,2014-04-02 13:00:00.0,"Flag value: 0, percent: 100",,none,Version 1.0,QMQF Plausibility Range Test Value (NEON.DOC.001113),Level-1 FIU measurement stream readout type
2014-04-02 12:30:00.0,2014-04-02 13:00:00.0,"Flag value: 0, percent: 100",,none,Version 1.0,QM Temperature Heater State Flag Value (NEON.DOC.000646),Level-1 FIU measurement stream readout type
2014-04-02 13:00:00.0,2014-04-02 13:30:00.0,"Flag value: 0, percent: 100",,none,Version 1.0,QMQF Plausibility Step Test Value (NEON.DOC.001113),Level-1 FIU measurement stream readout type
2014-04-02 13:00:00.0,2014-04-02 13:30:00.0,"Flag value: 0, percent: 100",,none,Version 1.0,QMQF Alpha Value (NEON.DOC.001113),Level-1 FIU measurement stream readout type
2014-04-02 13:00:00.0,2014-04-02 13:30:00.0,"Flag value: 0, percent: 100",,none,Version 1.0,QMQF Despiking Spurious Value (NEON.DOC.001113),Level-1 FIU measurement stream readout type
2014-04-02 13:00:00.0,2014-04-02 13:30:00.0,"Flag value: 0, percent: 100",,none,Version 1.0,QMQF Beta Value (NEON.DOC.001113),Level-1 FIU measurement stream readout type
2014-04-02 13:00:00.0,2014-04-02 13:30:00.0,"Flag value: 0, percent: 100",,none,Version 1.0,QM Temperature Heater State Flag Value (NEON.DOC.000646),Level-1 FIU measurement stream readout type
2014-04-02 13:00:00.0,2014-04-02 13:30:00.0,"Flag value: 0, percent: 100",,none,Version 1.0,QMQF Plausibility Soft Range Test Value (NEON.DOC.001113 revB),Level-1 FIU measurement stream readout type
2014-04-02 13:00:00.0,2014-04-02 13:30:00.0,0,,none,Version 1.0,QMQF Final metric (NEON.DOC.001113),Level-1 FIU measurement stream readout type
2014-04-02 13:00:00.0,2014-04-02 13:30:00.0,"Flag value: 0, percent: 100",,none,Version 1.0,QMQF Plausibility Gap Test Value (NEON.DOC.001113),Level-1 FIU measurement stream readout type
2014-04-02 13:00:00.0,2014-04-02 13:30:00.0,"Flag value: 0, percent: 100",,none,Version 1.0,QMQF Plausibility Range Test Value (NEON.DOC.001113),Level-1 FIU measurement stream readout type
2014-04-02 13:00:00.0,2014-04-02 13:30:00.0,"Flag value: 0, percent: 100",,none,Version 1.0,QMQF Plausibility Null Test Value (NEON.DOC.001113),Level-1 FIU measurement stream readout type
2014-04-02 13:30:00.0,2014-04-02 14:00:00.0,"Flag value: 0, percent: 100",,none,Version 1.0,QMQF Plausibility Range Test Value (NEON.DOC.001113),Level-1 FIU measurement stream readout type
2014-04-02 13:30:00.0,2014-04-02 14:00:00.0,"Flag value: 0, percent: 100",,none,Version 1.0,QMQF Beta Value (NEON.DOC.001113),Level-1 FIU measurement stream readout type
2014-04-02 13:30:00.0,2014-04-02 14:00:00.0,"Flag value: 0, percent: 100",,none,Version 1.0,QMQF Plausibility Null Test Value (NEON.DOC.001113),Level-1 FIU measurement stream readout type
2014-04-02 13:30:00.0,2014-04-02 14:00:00.0,"Flag value: 0, percent: 100",,none,Version 1.0,QM Temperature Heater State Flag Value (NEON.DOC.000646),Level-1 FIU measurement stream readout type
2014-04-02 13:30:00.0,2014-04-02 14:00:00.0,0,,none,Version 1.0,QMQF Final metric (NEON.DOC.001113),Level-1 FIU measurement stream readout type
2014-04-02 13:30:00.0,2014-04-02 14:00:00.0,"Flag value: 0, percent: 100",,none,Version 1.0,QMQF Plausibility Soft Range Test Value (NEON.DOC.001113 revB),Level-1 FIU measurement stream readout type
2014-04-02 13:30:00.0,2014-04-02 14:00:00.0,"Flag value: 0, percent: 100",,none,Version 1.0,QMQF Despiking Spurious Value (NEON.DOC.001113),Level-1 FIU measurement stream readout type
2014-04-02 13:30:00.0,2014-04-02 14:00:00.0,"Flag value: 0, percent: 100",,none,Version 1.0,QMQF Plausibility Gap Test Value (NEON.DOC.001113),Level-1 FIU measurement stream readout type
2014-04-02 13:30:00.0,2014-04-02 14:00:00.0,"Flag value: 0, percent: 100",,none,Version 1.0,QMQF Plausibility Step Test Value (NEON.DOC.001113),Level-1 FIU measurement stream readout type
2014-04-02 13:30:00.0,2014-04-02 14:00:00.0,"Flag value: 0, percent: 100",,none,Version 1.0,QMQF Alpha Value (NEON.DOC.001113),Level-1 FIU measurement stream readout type
2014-04-02 14:00:00.0,2014-04-02 14:30:00.0,"Flag value: 0, percent: 100",,none,Version 1.0,QMQF Plausibility Soft Range Test Value (NEON.DOC.001113 revB),Level-1 FIU measurement stream readout type
2014-04-02 14:00:00.0,2014-04-02 14:30:00.0,0,,none,Version 1.0,QMQF Final metric (NEON.DOC.001113),Level-1 FIU measurement stream readout type
2014-04-02 14:00:00.0,2014-04-02 14:30:00.0,"Flag value: 0, percent: 100",,none,Version 1.0,QMQF Beta Value (NEON.DOC.001113),Level-1 FIU measurement stream readout type
2014-04-02 14:00:00.0,2014-04-02 14:30:00.0,"Flag value: 0, percent: 100",,none,Version 1.0,QMQF Alpha Value (NEON.DOC.001113),Level-1 FIU measurement stream readout type
2014-04-02 14:00:00.0,2014-04-02 14:30:00.0,"Flag value: 0, percent: 100",,none,Version 1.0,QMQF Plausibility Gap Test Value (NEON.DOC.001113),Level-1 FIU measurement stream readout type
2014-04-02 14:00:00.0,2014-04-02 14:30:00.0,"Flag value: 0, percent: 100",,none,Version 1.0,QMQF Plausibility Null Test Value (NEON.DOC.001113),Level-1 FIU measurement stream readout type
2014-04-02 14:00:00.0,2014-04-02 14:30:00.0,"Flag value: 0, percent: 100",,none,Version 1.0,QM Temperature Heater State Flag Value (NEON.DOC.000646),Level-1 FIU measurement stream readout type
2014-04-02 14:00:00.0,2014-04-02 14:30:00.0,"Flag value: 0, percent: 100",,none,Version 1.0,QMQF Plausibility Range Test Value (NEON.DOC.001113),Level-1 FIU measurement stream readout type
2014-04-02 14:00:00.0,2014-04-02 14:30:00.0,"Flag value: 0, percent: 100",,none,Version 1.0,QMQF Despiking Spurious Value (NEON.DOC.001113),Level-1 FIU measurement stream readout type
2014-04-02 14:00:00.0,2014-04-02 14:30:00.0,"Flag value: 0, percent: 100",,none,Version 1.0,QMQF Plausibility Step Test Value (NEON.DOC.001113),Level-1 FIU measurement stream readout type
2014-04-02 14:30:00.0,2014-04-02 15:00:00.0,"Flag value: 0, percent: 100",,none,Version 1.0,QMQF Plausibility Gap Test Value (NEON.DOC.001113),Level-1 FIU measurement stream readout type
2014-04-02 14:30:00.0,2014-04-02 15:00:00.0,0,,none,Version 1.0,QMQF Final metric (NEON.DOC.001113),Level-1 FIU measurement stream readout type
2014-04-02 14:30:00.0,2014-04-02 15:00:00.0,"Flag value: 0, percent: 100",,none,Version 1.0,QM Temperature Heater State Flag Value (NEON.DOC.000646),Level-1 FIU measurement stream readout type
2014-04-02 14:30:00.0,2014-04-02 15:00:00.0,"Flag value: 0, percent: 100",,none,Version 1.0,QMQF Despiking Spurious Value (NEON.DOC.001113),Level-1 FIU measurement stream readout type
2014-04-02 14:30:00.0,2014-04-02 15:00:00.0,"Flag value: 0, percent: 100",,none,Version 1.0,QMQF Plausibility Null Test Value (NEON.DOC.001113),Level-1 FIU measurement stream readout type
2014-04-02 14:30:00.0,2014-04-02 15:00:00.0,"Flag value: 0, percent: 100",,none,Version 1.0,QMQF Plausibility Step Test Value (NEON.DOC.001113),Level-1 FIU measurement stream readout type
2014-04-02 14:30:00.0,2014-04-02 15:00:00.0,"Flag value: 0, percent: 100",,none,Version 1.0,QMQF Alpha Value (NEON.DOC.001113),Level-1 FIU measurement stream readout type
2014-04-02 14:30:00.0,2014-04-02 15:00:00.0,"Flag value: 0, percent: 100",,none,Version 1.0,QMQF Beta Value (NEON.DOC.001113),Level-1 FIU measurement stream readout type
2014-04-02 14:30:00.0,2014-04-02 15:00:00.0,"Flag value: 0, percent: 100",,none,Version 1.0,QMQF Plausibility Soft Range Test Value (NEON.DOC.001113 revB),Level-1 FIU measurement stream readout type
2014-04-02 14:30:00.0,2014-04-02 15:00:00.0,"Flag value: 0, percent: 100",,none,Version 1.0,QMQF Plausibility Range Test Value (NEON.DOC.001113),Level-1 FIU measurement stream readout type
2014-04-02 15:00:00.0,2014-04-02 15:30:00.0,0,,none,Version 1.0,QMQF Final metric (NEON.DOC.001113),Level-1 FIU measurement stream readout type
2014-04-02 15:00:00.0,2014-04-02 15:30:00.0,"Flag value: 0, percent: 100",,none,Version 1.0,QMQF Plausibility Range Test Value (NEON.DOC.001113),Level-1 FIU measurement stream readout type
2014-04-02 15:00:00.0,2014-04-02 15:30:00.0,"Flag value: 0, percent: 100",,none,Version 1.0,QMQF Beta Value (NEON.DOC.001113),Level-1 FIU measurement stream readout type
2014-04-02 15:00:00.0,2014-04-02 15:30:00.0,"Flag value: 0, percent: 100",,none,Version 1.0,QMQF Alpha Value (NEON.DOC.001113),Level-1 FIU measurement stream readout type
2014-04-02 15:00:00.0,2014-04-02 15:30:00.0,"Flag value: 0, percent: 100",,none,Version 1.0,QMQF Plausibility Gap Test Value (NEON.DOC.001113),Level-1 FIU measurement stream readout type
2014-04-02 15:00:00.0,2014-04-02 15:30:00.0,"Flag value: 0, percent: 100",,none,Version 1.0,QMQF Plausibility Soft Range Test Value (NEON.DOC.001113 revB),Level-1 FIU measurement stream readout type
2014-04-02 15:00:00.0,2014-04-02 15:30:00.0,"Flag value: 0, percent: 100",,none,Version 1.0,QMQF Plausibility Step Test Value (NEON.DOC.001113),Level-1 FIU measurement stream readout type
2014-04-02 15:00:00.0,2014-04-02 15:30:00.0,"Flag value: 0, percent: 100",,none,Version 1.0,QM Temperature Heater State Flag Value (NEON.DOC.000646),Level-1 FIU measurement stream readout type
2014-04-02 15:00:00.0,2014-04-02 15:30:00.0,"Flag value: 0, percent: 100",,none,Version 1.0,QMQF Plausibility Null Test Value (NEON.DOC.001113),Level-1 FIU measurement stream readout type
2014-04-02 15:00:00.0,2014-04-02 15:30:00.0,"Flag value: 0, percent: 100",,none,Version 1.0,QMQF Despiking Spurious Value (NEON.DOC.001113),Level-1 FIU measurement stream readout type
2014-04-02 15:30:00.0,2014-04-02 16:00:00.0,"Flag value: 0, percent: 100",,none,Version 1.0,QMQF Plausibility Soft Range Test Value (NEON.DOC.001113 revB),Level-1 FIU measurement stream readout type
2014-04-02 15:30:00.0,2014-04-02 16:00:00.0,0,,none,Version 1.0,QMQF Final metric (NEON.DOC.001113),Level-1 FIU measurement stream readout type
2014-04-02 15:30:00.0,2014-04-02 16:00:00.0,"Flag value: 0, percent: 100",,none,Version 1.0,QMQF Beta Value (NEON.DOC.001113),Level-1 FIU measurement stream readout type
2014-04-02 15:30:00.0,2014-04-02 16:00:00.0,"Flag value: 0, percent: 100",,none,Version 1.0,QMQF Plausibility Step Test Value (NEON.DOC.001113),Level-1 FIU measurement stream readout type
2014-04-02 15:30:00.0,2014-04-02 16:00:00.0,"Flag value: 0, percent: 100",,none,Version 1.0,QMQF Plausibility Gap Test Value (NEON.DOC.001113),Level-1 FIU measurement stream readout type
2014-04-02 15:30:00.0,2014-04-02 16:00:00.0,"Flag value: 0, percent: 100",,none,Version 1.0,QMQF Alpha Value (NEON.DOC.001113),Level-1 FIU measurement stream readout type
2014-04-02 15:30:00.0,2014-04-02 16:00:00.0,"Flag value: 0, percent: 100",,none,Version 1.0,QM Temperature Heater State Flag Value (NEON.DOC.000646),Level-1 FIU measurement stream readout type
2014-04-02 15:30:00.0,2014-04-02 16:00:00.0,"Flag value: 0, percent: 100",,none,Version 1.0,QMQF Despiking Spurious Value (NEON.DOC.001113),Level-1 FIU measurement stream readout type
2014-04-02 15:30:00.0,2014-04-02 16:00:00.0,"Flag value: 0, percent: 100",,none,Version 1.0,QMQF Plausibility Range Test Value (NEON.DOC.001113),Level-1 FIU measurement stream readout type
2014-04-02 15:30:00.0,2014-04-02 16:00:00.0,"Flag value: 0, percent: 100",,none,Version 1.0,QMQF Plausibility Null Test Value (NEON.DOC.001113),Level-1 FIU measurement stream readout type
2014-04-02 16:00:00.0,2014-04-02 16:30:00.0,"Flag value: 0, percent: 100",,none,Version 1.0,QMQF Alpha Value (NEON.DOC.001113),Level-1 FIU measurement stream readout type
2014-04-02 16:00:00.0,2014-04-02 16:30:00.0,"Flag value: 0, percent: 100",,none,Version 1.0,QMQF Plausibility Gap Test Value (NEON.DOC.001113),Level-1 FIU measurement stream readout type
2014-04-02 16:00:00.0,2014-04-02 16:30:00.0,"Flag value: 0, percent: 100",,none,Version 1.0,QMQF Plausibility Soft Range Test Value (NEON.DOC.001113 revB),Level-1 FIU measurement stream readout type
2014-04-02 16:00:00.0,2014-04-02 16:30:00.0,"Flag value: 0, percent: 100",,none,Version 1.0,QMQF Plausibility Step Test Value (NEON.DOC.001113),Level-1 FIU measurement stream readout type
2014-04-02 16:00:00.0,2014-04-02 16:30:00.0,"Flag value: 0, percent: 100",,none,Version 1.0,QMQF Beta Value (NEON.DOC.001113),Level-1 FIU measurement stream readout type
2014-04-02 16:00:00.0,2014-04-02 16:30:00.0,"Flag value: 0, percent: 100",,none,Version 1.0,QMQF Plausibility Null Test Value (NEON.DOC.001113),Level-1 FIU measurement stream readout type
2014-04-02 16:00:00.0,2014-04-02 16:30:00.0,0,,none,Version 1.0,QMQF Final metric (NEON.DOC.001113),Level-1 FIU measurement stream readout type
2014-04-02 16:00:00.0,2014-04-02 16:30:00.0,"Flag value: 0, percent: 100",,none,Version 1.0,QMQF Despiking Spurious Value (NEON.DOC.001113),Level-1 FIU measurement stream readout type
2014-04-02 16:00:00.0,2014-04-02 16:30:00.0,"Flag value: 0, percent: 100",,none,Version 1.0,QMQF Plausibility Range Test Value (NEON.DOC.001113),Level-1 FIU measurement stream readout type
2014-04-02 16:00:00.0,2014-04-02 16:30:00.0,"Flag value: 0, percent: 100",,none,Version 1.0,QM Temperature Heater State Flag Value (NEON.DOC.000646),Level-1 FIU measurement stream readout type
2014-04-02 16:30:00.0,2014-04-02 17:00:00.0,"Flag value: 0, percent: 100",,none,Version 1.0,QMQF Despiking Spurious Value (NEON.DOC.001113),Level-1 FIU measurement stream readout type
2014-04-02 16:30:00.0,2014-04-02 17:00:00.0,"Flag value: 0, percent: 100",,none,Version 1.0,QMQF Plausibility Null Test Value (NEON.DOC.001113),Level-1 FIU measurement stream readout type
2014-04-02 16:30:00.0,2014-04-02 17:00:00.0,"Flag value: 0, percent: 100",,none,Version 1.0,QMQF Alpha Value (NEON.DOC.001113),Level-1 FIU measurement stream readout type
2014-04-02 16:30:00.0,2014-04-02 17:00:00.0,"Flag value: 0, percent: 100",,none,Version 1.0,QM Temperature Heater State Flag Value (NEON.DOC.000646),Level-1 FIU measurement stream readout type
2014-04-02 16:30:00.0,2014-04-02 17:00:00.0,"Flag value: 0, percent: 100",,none,Version 1.0,QMQF Plausibility Gap Test Value (NEON.DOC.001113),Level-1 FIU measurement stream readout type
2014-04-02 16:30:00.0,2014-04-02 17:00:00.0,"Flag value: 0, percent: 100",,none,Version 1.0,QMQF Plausibility Range Test Value (NEON.DOC.001113),Level-1 FIU measurement stream readout type
2014-04-02 16:30:00.0,2014-04-02 17:00:00.0,"Flag value: 0, percent: 100",,none,Version 1.0,QMQF Plausibility Soft Range Test Value (NEON.DOC.001113 revB),Level-1 FIU measurement stream readout type
2014-04-02 16:30:00.0,2014-04-02 17:00:00.0,0,,none,Version 1.0,QMQF Final metric (NEON.DOC.001113),Level-1 FIU measurement stream readout type
2014-04-02 16:30:00.0,2014-04-02 17:00:00.0,"Flag value: 0, percent: 100",,none,Version 1.0,QMQF Plausibility Step Test Value (NEON.DOC.001113),Level-1 FIU measurement stream readout type
2014-04-02 16:30:00.0,2014-04-02 17:00:00.0,"Flag value: 0, percent: 100",,none,Version 1.0,QMQF Beta Value (NEON.DOC.001113),Level-1 FIU measurement stream readout type
2014-04-02 17:00:00.0,2014-04-02 17:30:00.0,"Flag value: 0, percent: 100",,none,Version 1.0,QMQF Plausibility Null Test Value (NEON.DOC.001113),Level-1 FIU measurement stream readout type
2014-04-02 17:00:00.0,2014-04-02 17:30:00.0,"Flag value: 0, percent: 100",,none,Version 1.0,QMQF Plausibility Step Test Value (NEON.DOC.001113),Level-1 FIU measurement stream readout type
2014-04-02 17:00:00.0,2014-04-02 17:30:00.0,"Flag value: 0, percent: 100",,none,Version 1.0,QMQF Alpha Value (NEON.DOC.001113),Level-1 FIU measurement stream readout type
2014-04-02 17:00:00.0,2014-04-02 17:30:00.0,"Flag value: 0, percent: 100",,none,Version 1.0,QMQF Plausibility Gap Test Value (NEON.DOC.001113),Level-1 FIU measurement stream readout type
2014-04-02 17:00:00.0,2014-04-02 17:30:00.0,"Flag value: 0, percent: 100",,none,Version 1.0,QMQF Beta Value (NEON.DOC.001113),Level-1 FIU measurement stream readout type
2014-04-02 17:00:00.0,2014-04-02 17:30:00.0,"Flag value: 0, percent: 100",,none,Version 1.0,QM Temperature Heater State Flag Value (NEON.DOC.000646),Level-1 FIU measurement stream readout type
2014-04-02 17:00:00.0,2014-04-02 17:30:00.0,"Flag value: 0, percent: 100",,none,Version 1.0,QMQF Plausibility Soft Range Test Value (NEON.DOC.001113 revB),Level-1 FIU measurement stream readout type
2014-04-02 17:00:00.0,2014-04-02 17:30:00.0,"Flag value: 0, percent: 100",,none,Version 1.0,QMQF Plausibility Range Test Value (NEON.DOC.001113),Level-1 FIU measurement stream readout type
2014-04-02 17:00:00.0,2014-04-02 17:30:00.0,0,,none,Version 1.0,QMQF Final metric (NEON.DOC.001113),Level-1 FIU measurement stream readout type
2014-04-02 17:00:00.0,2014-04-02 17:30:00.0,"Flag value: 0, percent: 100",,none,Version 1.0,QMQF Despiking Spurious Value (NEON.DOC.001113),Level-1 FIU measurement stream readout type
2014-04-02 17:30:00.0,2014-04-02 18:00:00.0,"Flag value: 0, percent: 100",,none,Version 1.0,QMQF Despiking Spurious Value (NEON.DOC.001113),Level-1 FIU measurement stream readout type
2014-04-02 17:30:00.0,2014-04-02 18:00:00.0,"Flag value: 0, percent: 100",,none,Version 1.0,QMQF Plausibility Gap Test Value (NEON.DOC.001113),Level-1 FIU measurement stream readout type
2014-04-02 17:30:00.0,2014-04-02 18:00:00.0,"Flag value: 0, percent: 100",,none,Version 1.0,QMQF Plausibility Range Test Value (NEON.DOC.001113),Level-1 FIU measurement stream readout type
2014-04-02 17:30:00.0,2014-04-02 18:00:00.0,"Flag value: 0, percent: 100",,none,Version 1.0,QMQF Beta Value (NEON.DOC.001113),Level-1 FIU measurement stream readout type
2014-04-02 17:30:00.0,2014-04-02 18:00:00.0,"Flag value: 0, percent: 100",,none,Version 1.0,QMQF Alpha Value (NEON.DOC.001113),Level-1 FIU measurement stream readout type
2014-04-02 17:30:00.0,2014-04-02 18:00:00.0,"Flag value: 0, percent: 100",,none,Version 1.0,QMQF Plausibility Step Test Value (NEON.DOC.001113),Level-1 FIU measurement stream readout type
2014-04-02 17:30:00.0,2014-04-02 18:00:00.0,0,,none,Version 1.0,QMQF Final metric (NEON.DOC.001113),Level-1 FIU measurement stream readout type
2014-04-02 17:30:00.0,2014-04-02 18:00:00.0,"Flag value: 0, percent: 100",,none,Version 1.0,QM Temperature Heater State Flag Value (NEON.DOC.000646),Level-1 FIU measurement stream readout type
2014-04-02 17:30:00.0,2014-04-02 18:00:00.0,"Flag value: 0, percent: 100",,none,Version 1.0,QMQF Plausibility Soft Range Test Value (NEON.DOC.001113 revB),Level-1 FIU measurement stream readout type
2014-04-02 17:30:00.0,2014-04-02 18:00:00.0,"Flag value: 0, percent: 100",,none,Version 1.0,QMQF Plausibility Null Test Value (NEON.DOC.001113),Level-1 FIU measurement stream readout type
2014-04-02 18:00:00.0,2014-04-02 18:30:00.0,"Flag value: 0, percent: 100",,none,Version 1.0,QMQF Plausibility Step Test Value (NEON.DOC.001113),Level-1 FIU measurement stream readout type
2014-04-02 18:00:00.0,2014-04-02 18:30:00.0,"Flag value: 0, percent: 100",,none,Version 1.0,QMQF Despiking Spurious Value (NEON.DOC.001113),Level-1 FIU measurement stream readout type
2014-04-02 18:00:00.0,2014-04-02 18:30:00.0,"Flag value: 0, percent: 100",,none,Version 1.0,QM Temperature Heater State Flag Value (NEON.DOC.000646),Level-1 FIU measurement stream readout type
2014-04-02 18:00:00.0,2014-04-02 18:30:00.0,0,,none,Version 1.0,QMQF Final metric (NEON.DOC.001113),Level-1 FIU measurement stream readout type
2014-04-02 18:00:00.0,2014-04-02 18:30:00.0,"Flag value: 0, percent: 100",,none,Version 1.0,QMQF Plausibility Range Test Value (NEON.DOC.001113),Level-1 FIU measurement stream readout type
2014-04-02 18:00:00.0,2014-04-02 18:30:00.0,"Flag value: 0, percent: 100",,none,Version 1.0,QMQF Plausibility Null Test Value (NEON.DOC.001113),Level-1 FIU measurement stream readout type
2014-04-02 18:00:00.0,2014-04-02 18:30:00.0,"Flag value: 0, percent: 100",,none,Version 1.0,QMQF Plausibility Soft Range Test Value (NEON.DOC.001113 revB),Level-1 FIU measurement stream readout type
2014-04-02 18:00:00.0,2014-04-02 18:30:00.0,"Flag value: 0, percent: 100",,none,Version 1.0,QMQF Plausibility Gap Test Value (NEON.DOC.001113),Level-1 FIU measurement stream readout type
2014-04-02 18:00:00.0,2014-04-02 18:30:00.0,"Flag value: 0, percent: 100",,none,Version 1.0,QMQF Beta Value (NEON.DOC.001113),Level-1 FIU measurement stream readout type
2014-04-02 18:00:00.0,2014-04-02 18:30:00.0,"Flag value: 0, percent: 100",,none,Version 1.0,QMQF Alpha Value (NEON.DOC.001113),Level-1 FIU measurement stream readout type
2014-04-02 18:30:00.0,2014-04-02 19:00:00.0,0,,none,Version 1.0,QMQF Final metric (NEON.DOC.001113),Level-1 FIU measurement stream readout type
2014-04-02 18:30:00.0,2014-04-02 19:00:00.0,"Flag value: 0, percent: 100",,none,Version 1.0,QM Temperature Heater State Flag Value (NEON.DOC.000646),Level-1 FIU measurement stream readout type
2014-04-02 18:30:00.0,2014-04-02 19:00:00.0,"Flag value: 0, percent: 100",,none,Version 1.0,QMQF Plausibility Range Test Value (NEON.DOC.001113),Level-1 FIU measurement stream readout type
2014-04-02 18:30:00.0,2014-04-02 19:00:00.0,"Flag value: 0, percent: 100",,none,Version 1.0,QMQF Beta Value (NEON.DOC.001113),Level-1 FIU measurement stream readout type
2014-04-02 18:30:00.0,2014-04-02 19:00:00.0,"Flag value: 0, percent: 100",,none,Version 1.0,QMQF Alpha Value (NEON.DOC.001113),Level-1 FIU measurement stream readout type
2014-04-02 18:30:00.0,2014-04-02 19:00:00.0,"Flag value: 0, percent: 100",,none,Version 1.0,QMQF Plausibility Null Test Value (NEON.DOC.001113),Level-1 FIU measurement stream readout type
2014-04-02 18:30:00.0,2014-04-02 19:00:00.0,"Flag value: 0, percent: 100",,none,Version 1.0,QMQF Plausibility Soft Range Test Value (NEON.DOC.001113 revB),Level-1 FIU measurement stream readout type
2014-04-02 18:30:00.0,2014-04-02 19:00:00.0,"Flag value: 0, percent: 100",,none,Version 1.0,QMQF Plausibility Step Test Value (NEON.DOC.001113),Level-1 FIU measurement stream readout type
2014-04-02 18:30:00.0,2014-04-02 19:00:00.0,"Flag value: 0, percent: 100",,none,Version 1.0,QMQF Despiking Spurious Value (NEON.DOC.001113),Level-1 FIU measurement stream readout type
2014-04-02 18:30:00.0,2014-04-02 19:00:00.0,"Flag value: 0, percent: 100",,none,Version 1.0,QMQF Plausibility Gap Test Value (NEON.DOC.001113),Level-1 FIU measurement stream readout type
2014-04-02 19:00:00.0,2014-04-02 19:30:00.0,"Flag value: 0, percent: 100",,none,Version 1.0,QMQF Plausibility Gap Test Value (NEON.DOC.001113),Level-1 FIU measurement stream readout type
2014-04-02 19:00:00.0,2014-04-02 19:30:00.0,"Flag value: 0, percent: 100",,none,Version 1.0,QMQF Alpha Value (NEON.DOC.001113),Level-1 FIU measurement stream readout type
2014-04-02 19:00:00.0,2014-04-02 19:30:00.0,"Flag value: 0, percent: 100",,none,Version 1.0,QMQF Plausibility Soft Range Test Value (NEON.DOC.001113 revB),Level-1 FIU measurement stream readout type
2014-04-02 19:00:00.0,2014-04-02 19:30:00.0,"Flag value: 0, percent: 100",,none,Version 1.0,QMQF Beta Value (NEON.DOC.001113),Level-1 FIU measurement stream readout type
2014-04-02 19:00:00.0,2014-04-02 19:30:00.0,"Flag value: 0, percent: 100",,none,Version 1.0,QM Temperature Heater State Flag Value (NEON.DOC.000646),Level-1 FIU measurement stream readout type
2014-04-02 19:00:00.0,2014-04-02 19:30:00.0,"Flag value: 0, percent: 100",,none,Version 1.0,QMQF Despiking Spurious Value (NEON.DOC.001113),Level-1 FIU measurement stream readout type
2014-04-02 19:00:00.0,2014-04-02 19:30:00.0,"Flag value: 0, percent: 100",,none,Version 1.0,QMQF Plausibility Step Test Value (NEON.DOC.001113),Level-1 FIU measurement stream readout type
2014-04-02 19:00:00.0,2014-04-02 19:30:00.0,"Flag value: 0, percent: 100",,none,Version 1.0,QMQF Plausibility Null Test Value (NEON.DOC.001113),Level-1 FIU measurement stream readout type
2014-04-02 19:00:00.0,2014-04-02 19:30:00.0,"Flag value: 0, percent: 100",,none,Version 1.0,QMQF Plausibility Range Test Value (NEON.DOC.001113),Level-1 FIU measurement stream readout type
2014-04-02 19:00:00.0,2014-04-02 19:30:00.0,0,,none,Version 1.0,QMQF Final metric (NEON.DOC.001113),Level-1 FIU measurement stream readout type
2014-04-02 19:30:00.0,2014-04-02 20:00:00.0,0,,none,Version 1.0,QMQF Final metric (NEON.DOC.001113),Level-1 FIU measurement stream readout type
2014-04-02 19:30:00.0,2014-04-02 20:00:00.0,"Flag value: 0, percent: 100",,none,Version 1.0,QMQF Plausibility Range Test Value (NEON.DOC.001113),Level-1 FIU measurement stream readout type
2014-04-02 19:30:00.0,2014-04-02 20:00:00.0,"Flag value: 0, percent: 100",,none,Version 1.0,QMQF Beta Value (NEON.DOC.001113),Level-1 FIU measurement stream readout type
2014-04-02 19:30:00.0,2014-04-02 20:00:00.0,"Flag value: 0, percent: 100",,none,Version 1.0,QMQF Plausibility Soft Range Test Value (NEON.DOC.001113 revB),Level-1 FIU measurement stream readout type
2014-04-02 19:30:00.0,2014-04-02 20:00:00.0,"Flag value: 0, percent: 100",,none,Version 1.0,QMQF Plausibility Gap Test Value (NEON.DOC.001113),Level-1 FIU measurement stream readout type
2014-04-02 19:30:00.0,2014-04-02 20:00:00.0,"Flag value: 0, percent: 100",,none,Version 1.0,QMQF Plausibility Null Test Value (NEON.DOC.001113),Level-1 FIU measurement stream readout type
2014-04-02 19:30:00.0,2014-04-02 20:00:00.0,"Flag value: 0, percent: 100",,none,Version 1.0,QMQF Plausibility Step Test Value (NEON.DOC.001113),Level-1 FIU measurement stream readout type
2014-04-02 19:30:00.0,2014-04-02 20:00:00.0,"Flag value: 0, percent: 100",,none,Version 1.0,QMQF Alpha Value (NEON.DOC.001113),Level-1 FIU measurement stream readout type
2014-04-02 19:30:00.0,2014-04-02 20:00:00.0,"Flag value: 0, percent: 100",,none,Version 1.0,QM Temperature Heater State Flag Value (NEON.DOC.000646),Level-1 FIU measurement stream readout type
2014-04-02 19:30:00.0,2014-04-02 20:00:00.0,"Flag value: 0, percent: 100",,none,Version 1.0,QMQF Despiking Spurious Value (NEON.DOC.001113),Level-1 FIU measurement stream readout type
2014-04-02 20:00:00.0,2014-04-02 20:30:00.0,"Flag value: 0, percent: 100",,none,Version 1.0,QMQF Plausibility Null Test Value (NEON.DOC.001113),Level-1 FIU measurement stream readout type
2014-04-02 20:00:00.0,2014-04-02 20:30:00.0,"Flag value: 0, percent: 100",,none,Version 1.0,QMQF Plausibility Range Test Value (NEON.DOC.001113),Level-1 FIU measurement stream readout type
2014-04-02 20:00:00.0,2014-04-02 20:30:00.0,"Flag value: 0, percent: 100",,none,Version 1.0,QMQF Plausibility Step Test Value (NEON.DOC.001113),Level-1 FIU measurement stream readout type
2014-04-02 20:00:00.0,2014-04-02 20:30:00.0,"Flag value: 0, percent: 100",,none,Version 1.0,QMQF Plausibility Gap Test Value (NEON.DOC.001113),Level-1 FIU measurement stream readout type
2014-04-02 20:00:00.0,2014-04-02 20:30:00.0,"Flag value: 0, percent: 100",,none,Version 1.0,QMQF Despiking Spurious Value (NEON.DOC.001113),Level-1 FIU measurement stream readout type
2014-04-02 20:00:00.0,2014-04-02 20:30:00.0,0,,none,Version 1.0,QMQF Final metric (NEON.DOC.001113),Level-1 FIU measurement stream readout type
2014-04-02 20:00:00.0,2014-04-02 20:30:00.0,"Flag value: 0, percent: 100",,none,Version 1.0,QM Temperature Heater State Flag Value (NEON.DOC.000646),Level-1 FIU measurement stream readout type
2014-04-02 20:00:00.0,2014-04-02 20:30:00.0,"Flag value: 0, percent: 100",,none,Version 1.0,QMQF Alpha Value (NEON.DOC.001113),Level-1 FIU measurement stream readout type
2014-04-02 20:00:00.0,2014-04-02 20:30:00.0,"Flag value: 0, percent: 100",,none,Version 1.0,QMQF Beta Value (NEON.DOC.001113),Level-1 FIU measurement stream readout type
2014-04-02 20:00:00.0,2014-04-02 20:30:00.0,"Flag value: 0, percent: 100",,none,Version 1.0,QMQF Plausibility Soft Range Test Value (NEON.DOC.001113 revB),Level-1 FIU measurement stream readout type
2014-04-02 20:30:00.0,2014-04-02 21:00:00.0,"Flag value: 0, percent: 100",,none,Version 1.0,QMQF Plausibility Step Test Value (NEON.DOC.001113),Level-1 FIU measurement stream readout type
2014-04-02 20:30:00.0,2014-04-02 21:00:00.0,"Flag value: 0, percent: 100",,none,Version 1.0,QMQF Despiking Spurious Value (NEON.DOC.001113),Level-1 FIU measurement stream readout type
2014-04-02 20:30:00.0,2014-04-02 21:00:00.0,0,,none,Version 1.0,QMQF Final metric (NEON.DOC.001113),Level-1 FIU measurement stream readout type
2014-04-02 20:30:00.0,2014-04-02 21:00:00.0,"Flag value: 0, percent: 100",,none,Version 1.0,QMQF Plausibility Gap Test Value (NEON.DOC.001113),Level-1 FIU measurement stream readout type
2014-04-02 20:30:00.0,2014-04-02 21:00:00.0,"Flag value: 0, percent: 100",,none,Version 1.0,QMQF Beta Value (NEON.DOC.001113),Level-1 FIU measurement stream readout type
2014-04-02 20:30:00.0,2014-04-02 21:00:00.0,"Flag value: 0, percent: 100",,none,Version 1.0,QMQF Plausibility Range Test Value (NEON.DOC.001113),Level-1 FIU measurement stream readout type
2014-04-02 20:30:00.0,2014-04-02 21:00:00.0,"Flag value: 0, percent: 100",,none,Version 1.0,QMQF Plausibility Soft Range Test Value (NEON.DOC.001113 revB),Level-1 FIU measurement stream readout type
2014-04-02 20:30:00.0,2014-04-02 21:00:00.0,"Flag value: 0, percent: 100",,none,Version 1.0,QMQF Alpha Value (NEON.DOC.001113),Level-1 FIU measurement stream readout type
2014-04-02 20:30:00.0,2014-04-02 21:00:00.0,"Flag value: 0, percent: 100",,none,Version 1.0,QMQF Plausibility Null Test Value (NEON.DOC.001113),Level-1 FIU measurement stream readout type
2014-04-02 20:30:00.0,2014-04-02 21:00:00.0,"Flag value: 0, percent: 100",,none,Version 1.0,QM Temperature Heater State Flag Value (NEON.DOC.000646),Level-1 FIU measurement stream readout type
2014-04-02 21:00:00.0,2014-04-02 21:30:00.0,"Flag value: 0, percent: 100",,none,Version 1.0,QM Temperature Heater State Flag Value (NEON.DOC.000646),Level-1 FIU measurement stream readout type
2014-04-02 21:00:00.0,2014-04-02 21:30:00.0,"Flag value: 0, percent: 100",,none,Version 1.0,QMQF Plausibility Null Test Value (NEON.DOC.001113),Level-1 FIU measurement stream readout type
2014-04-02 21:00:00.0,2014-04-02 21:30:00.0,"Flag value: 0, percent: 100",,none,Version 1.0,QMQF Plausibility Step Test Value (NEON.DOC.001113),Level-1 FIU measurement stream readout type
2014-04-02 21:00:00.0,2014-04-02 21:30:00.0,0,,none,Version 1.0,QMQF Final metric (NEON.DOC.001113),Level-1 FIU measurement stream readout type
2014-04-02 21:00:00.0,2014-04-02 21:30:00.0,"Flag value: 0, percent: 100",,none,Version 1.0,QMQF Plausibility Soft Range Test Value (NEON.DOC.001113 revB),Level-1 FIU measurement stream readout type
2014-04-02 21:00:00.0,2014-04-02 21:30:00.0,"Flag value: 0, percent: 100",,none,Version 1.0,QMQF Alpha Value (NEON.DOC.001113),Level-1 FIU measurement stream readout type
2014-04-02 21:00:00.0,2014-04-02 21:30:00.0,"Flag value: 0, percent: 100",,none,Version 1.0,QMQF Plausibility Gap Test Value (NEON.DOC.001113),Level-1 FIU measurement stream readout type
2014-04-02 21:00:00.0,2014-04-02 21:30:00.0,"Flag value: 0, percent: 100",,none,Version 1.0,QMQF Plausibility Range Test Value (NEON.DOC.001113),Level-1 FIU measurement stream readout type
2014-04-02 21:00:00.0,2014-04-02 21:30:00.0,"Flag value: 0, percent: 100",,none,Version 1.0,QMQF Beta Value (NEON.DOC.001113),Level-1 FIU measurement stream readout type
2014-04-02 21:00:00.0,2014-04-02 21:30:00.0,"Flag value: 0, percent: 100",,none,Version 1.0,QMQF Despiking Spurious Value (NEON.DOC.001113),Level-1 FIU measurement stream readout type
2014-04-02 21:30:00.0,2014-04-02 22:00:00.0,"Flag value: 0, percent: 100",,none,Version 1.0,QM Temperature Heater State Flag Value (NEON.DOC.000646),Level-1 FIU measurement stream readout type
2014-04-02 21:30:00.0,2014-04-02 22:00:00.0,"Flag value: 0, percent: 100",,none,Version 1.0,QMQF Plausibility Null Test Value (NEON.DOC.001113),Level-1 FIU measurement stream readout type
2014-04-02 21:30:00.0,2014-04-02 22:00:00.0,"Flag value: 0, percent: 100",,none,Version 1.0,QMQF Alpha Value (NEON.DOC.001113),Level-1 FIU measurement stream readout type
2014-04-02 21:30:00.0,2014-04-02 22:00:00.0,"Flag value: 0, percent: 100",,none,Version 1.0,QMQF Plausibility Gap Test Value (NEON.DOC.001113),Level-1 FIU measurement stream readout type
2014-04-02 21:30:00.0,2014-04-02 22:00:00.0,"Flag value: 0, percent: 100",,none,Version 1.0,QMQF Beta Value (NEON.DOC.001113),Level-1 FIU measurement stream readout type
2014-04-02 21:30:00.0,2014-04-02 22:00:00.0,"Flag value: 0, percent: 100",,none,Version 1.0,QMQF Plausibility Step Test Value (NEON.DOC.001113),Level-1 FIU measurement stream readout type
2014-04-02 21:30:00.0,2014-04-02 22:00:00.0,"Flag value: 0, percent: 100",,none,Version 1.0,QMQF Plausibility Range Test Value (NEON.DOC.001113),Level-1 FIU measurement stream readout type
2014-04-02 21:30:00.0,2014-04-02 22:00:00.0,"Flag value: 0, percent: 100",,none,Version 1.0,QMQF Plausibility Soft Range Test Value (NEON.DOC.001113 revB),Level-1 FIU measurement stream readout type
2014-04-02 21:30:00.0,2014-04-02 22:00:00.0,0,,none,Version 1.0,QMQF Final metric (NEON.DOC.001113),Level-1 FIU measurement stream readout type
2014-04-02 21:30:00.0,2014-04-02 22:00:00.0,"Flag value: 0, percent: 100",,none,Version 1.0,QMQF Despiking Spurious Value (NEON.DOC.001113),Level-1 FIU measurement stream readout type
2014-04-02 22:00:00.0,2014-04-02 22:30:00.0,"Flag value: 0, percent: 100",,none,Version 1.0,QM Temperature Heater State Flag Value (NEON.DOC.000646),Level-1 FIU measurement stream readout type
2014-04-02 22:00:00.0,2014-04-02 22:30:00.0,0,,none,Version 1.0,QMQF Final metric (NEON.DOC.001113),Level-1 FIU measurement stream readout type
2014-04-02 22:00:00.0,2014-04-02 22:30:00.0,"Flag value: 0, percent: 100",,none,Version 1.0,QMQF Plausibility Gap Test Value (NEON.DOC.001113),Level-1 FIU measurement stream readout type
2014-04-02 22:00:00.0,2014-04-02 22:30:00.0,"Flag value: 0, percent: 100",,none,Version 1.0,QMQF Despiking Spurious Value (NEON.DOC.001113),Level-1 FIU measurement stream readout type
2014-04-02 22:00:00.0,2014-04-02 22:30:00.0,"Flag value: 0, percent: 100",,none,Version 1.0,QMQF Plausibility Range Test Value (NEON.DOC.001113),Level-1 FIU measurement stream readout type
2014-04-02 22:00:00.0,2014-04-02 22:30:00.0,"Flag value: 0, percent: 100",,none,Version 1.0,QMQF Plausibility Step Test Value (NEON.DOC.001113),Level-1 FIU measurement stream readout type
2014-04-02 22:00:00.0,2014-04-02 22:30:00.0,"Flag value: 0, percent: 100",,none,Version 1.0,QMQF Plausibility Null Test Value (NEON.DOC.001113),Level-1 FIU measurement stream readout type
2014-04-02 22:00:00.0,2014-04-02 22:30:00.0,"Flag value: 0, percent: 100",,none,Version 1.0,QMQF Plausibility Soft Range Test Value (NEON.DOC.001113 revB),Level-1 FIU measurement stream readout type
2014-04-02 22:00:00.0,2014-04-02 22:30:00.0,"Flag value: 0, percent: 100",,none,Version 1.0,QMQF Alpha Value (NEON.DOC.001113),Level-1 FIU measurement stream readout type
2014-04-02 22:00:00.0,2014-04-02 22:30:00.0,"Flag value: 0, percent: 100",,none,Version 1.0,QMQF Beta Value (NEON.DOC.001113),Level-1 FIU measurement stream readout type
2014-04-02 22:30:00.0,2014-04-02 23:00:00.0,0,,none,Version 1.0,QMQF Final metric (NEON.DOC.001113),Level-1 FIU measurement stream readout type
2014-04-02 22:30:00.0,2014-04-02 23:00:00.0,"Flag value: 0, percent: 100",,none,Version 1.0,QMQF Plausibility Range Test Value (NEON.DOC.001113),Level-1 FIU measurement stream readout type
2014-04-02 22:30:00.0,2014-04-02 23:00:00.0,"Flag value: 0, percent: 100",,none,Version 1.0,QMQF Plausibility Gap Test Value (NEON.DOC.001113),Level-1 FIU measurement stream readout type
2014-04-02 22:30:00.0,2014-04-02 23:00:00.0,"Flag value: 0, percent: 100",,none,Version 1.0,QM Temperature Heater State Flag Value (NEON.DOC.000646),Level-1 FIU measurement stream readout type
2014-04-02 22:30:00.0,2014-04-02 23:00:00.0,"Flag value: 0, percent: 100",,none,Version 1.0,QMQF Alpha Value (NEON.DOC.001113),Level-1 FIU measurement stream readout type
2014-04-02 22:30:00.0,2014-04-02 23:00:00.0,"Flag value: 0, percent: 100",,none,Version 1.0,QMQF Beta Value (NEON.DOC.001113),Level-1 FIU measurement stream readout type
2014-04-02 22:30:00.0,2014-04-02 23:00:00.0,"Flag value: 0, percent: 100",,none,Version 1.0,QMQF Plausibility Soft Range Test Value (NEON.DOC.001113 revB),Level-1 FIU measurement stream readout type
2014-04-02 22:30:00.0,2014-04-02 23:00:00.0,"Flag value: 0, percent: 100",,none,Version 1.0,QMQF Plausibility Null Test Value (NEON.DOC.001113),Level-1 FIU measurement stream readout type
2014-04-02 22:30:00.0,2014-04-02 23:00:00.0,"Flag value: 0, percent: 100",,none,Version 1.0,QMQF Despiking Spurious Value (NEON.DOC.001113),Level-1 FIU measurement stream readout type
2014-04-02 22:30:00.0,2014-04-02 23:00:00.0,"Flag value: 0, percent: 100",,none,Version 1.0,QMQF Plausibility Step Test Value (NEON.DOC.001113),Level-1 FIU measurement stream readout type
2014-04-02 23:00:00.0,2014-04-02 23:30:00.0,"Flag value: 0, percent: 100",,none,Version 1.0,QM Temperature Heater State Flag Value (NEON.DOC.000646),Level-1 FIU measurement stream readout type
2014-04-02 23:00:00.0,2014-04-02 23:30:00.0,"Flag value: 0, percent: 100",,none,Version 1.0,QMQF Plausibility Soft Range Test Value (NEON.DOC.001113 revB),Level-1 FIU measurement stream readout type
2014-04-02 23:00:00.0,2014-04-02 23:30:00.0,"Flag value: 0, percent: 100",,none,Version 1.0,QMQF Plausibility Range Test Value (NEON.DOC.001113),Level-1 FIU measurement stream readout type
2014-04-02 23:00:00.0,2014-04-02 23:30:00.0,0,,none,Version 1.0,QMQF Final metric (NEON.DOC.001113),Level-1 FIU measurement stream readout type
2014-04-02 23:00:00.0,2014-04-02 23:30:00.0,"Flag value: 0, percent: 100",,none,Version 1.0,QMQF Beta Value (NEON.DOC.001113),Level-1 FIU measurement stream readout type
2014-04-02 23:00:00.0,2014-04-02 23:30:00.0,"Flag value: 0, percent: 100",,none,Version 1.0,QMQF Alpha Value (NEON.DOC.001113),Level-1 FIU measurement stream readout type
2014-04-02 23:00:00.0,2014-04-02 23:30:00.0,"Flag value: 0, percent: 100",,none,Version 1.0,QMQF Despiking Spurious Value (NEON.DOC.001113),Level-1 FIU measurement stream readout type
2014-04-02 23:00:00.0,2014-04-02 23:30:00.0,"Flag value: 0, percent: 100",,none,Version 1.0,QMQF Plausibility Step Test Value (NEON.DOC.001113),Level-1 FIU measurement stream readout type
2014-04-02 23:00:00.0,2014-04-02 23:30:00.0,"Flag value: 0, percent: 100",,none,Version 1.0,QMQF Plausibility Gap Test Value (NEON.DOC.001113),Level-1 FIU measurement stream readout type
2014-04-02 23:00:00.0,2014-04-02 23:30:00.0,"Flag value: 0, percent: 100",,none,Version 1.0,QMQF Plausibility Null Test Value (NEON.DOC.001113),Level-1 FIU measurement stream readout type
2014-04-02 23:30:00.0,2014-04-03 00:00:00.0,"Flag value: 0, percent: 100",,none,Version 1.0,QMQF Beta Value (NEON.DOC.001113),Level-1 FIU measurement stream readout type
2014-04-02 23:30:00.0,2014-04-03 00:00:00.0,"Flag value: 0, percent: 100",,none,Version 1.0,QM Temperature Heater State Flag Value (NEON.DOC.000646),Level-1 FIU measurement stream readout type
2014-04-02 23:30:00.0,2014-04-03 00:00:00.0,"Flag value: 0, percent: 100",,none,Version 1.0,QMQF Alpha Value (NEON.DOC.001113),Level-1 FIU measurement stream readout type
2014-04-02 23:30:00.0,2014-04-03 00:00:00.0,"Flag value: 0, percent: 100",,none,Version 1.0,QMQF Plausibility Gap Test Value (NEON.DOC.001113),Level-1 FIU measurement stream readout type
2014-04-02 23:30:00.0,2014-04-03 00:00:00.0,"Flag value: 0, percent: 100",,none,Version 1.0,QMQF Plausibility Soft Range Test Value (NEON.DOC.001113 revB),Level-1 FIU measurement stream readout type
2014-04-02 23:30:00.0,2014-04-03 00:00:00.0,"Flag value: 0, percent: 100",,none,Version 1.0,QMQF Despiking Spurious Value (NEON.DOC.001113),Level-1 FIU measurement stream readout type
2014-04-02 23:30:00.0,2014-04-03 00:00:00.0,"Flag value: 0, percent: 100",,none,Version 1.0,QMQF Plausibility Step Test Value (NEON.DOC.001113),Level-1 FIU measurement stream readout type
2014-04-02 23:30:00.0,2014-04-03 00:00:00.0,"Flag value: 0, percent: 100",,none,Version 1.0,QMQF Plausibility Null Test Value (NEON.DOC.001113),Level-1 FIU measurement stream readout type
2014-04-02 23:30:00.0,2014-04-03 00:00:00.0,0,,none,Version 1.0,QMQF Final metric (NEON.DOC.001113),Level-1 FIU measurement stream readout type
2014-04-02 23:30:00.0,2014-04-03 00:00:00.0,"Flag value: 0, percent: 100",,none,Version 1.0,QMQF Plausibility Range Test Value (NEON.DOC.001113),Level-1 FIU measurement stream readout type
2014-04-03 00:00:00.0,2014-04-03 00:30:00.0,"Flag value: 0, percent: 100",,none,Version 1.0,QMQF Plausibility Step Test Value (NEON.DOC.001113),Level-1 FIU measurement stream readout type
2014-04-03 00:00:00.0,2014-04-03 00:30:00.0,"Flag value: 0, percent: 100",,none,Version 1.0,QMQF Plausibility Soft Range Test Value (NEON.DOC.001113 revB),Level-1 FIU measurement stream readout type
2014-04-03 00:00:00.0,2014-04-03 00:30:00.0,0,,none,Version 1.0,QMQF Final metric (NEON.DOC.001113),Level-1 FIU measurement stream readout type
2014-04-03 00:00:00.0,2014-04-03 00:30:00.0,"Flag value: 0, percent: 100",,none,Version 1.0,QMQF Alpha Value (NEON.DOC.001113),Level-1 FIU measurement stream readout type
2014-04-03 00:00:00.0,2014-04-03 00:30:00.0,"Flag value: 0, percent: 100",,none,Version 1.0,QM Temperature Heater State Flag Value (NEON.DOC.000646),Level-1 FIU measurement stream readout type
2014-04-03 00:00:00.0,2014-04-03 00:30:00.0,"Flag value: 0, percent: 100",,none,Version 1.0,QMQF Plausibility Gap Test Value (NEON.DOC.001113),Level-1 FIU measurement stream readout type
2014-04-03 00:00:00.0,2014-04-03 00:30:00.0,"Flag value: 0, percent: 100",,none,Version 1.0,QMQF Plausibility Range Test Value (NEON.DOC.001113),Level-1 FIU measurement stream readout type
2014-04-03 00:00:00.0,2014-04-03 00:30:00.0,"Flag value: 0, percent: 100",,none,Version 1.0,QMQF Despiking Spurious Value (NEON.DOC.001113),Level-1 FIU measurement stream readout type
2014-04-03 00:00:00.0,2014-04-03 00:30:00.0,"Flag value: 0, percent: 100",,none,Version 1.0,QMQF Beta Value (NEON.DOC.001113),Level-1 FIU measurement stream readout type
2014-04-03 00:00:00.0,2014-04-03 00:30:00.0,"Flag value: 0, percent: 100",,none,Version 1.0,QMQF Plausibility Null Test Value (NEON.DOC.001113),Level-1 FIU measurement stream readout type
