# Data from NEON Inc.
# These data are provided under the terms of the NEON data policy included in this data download.
# Data Product ID: NEON.D03.CS1.DP1.00002.001.003.005.002
# Data Product Name: 30 minutes maximum temperature tower level 5
# Site: Ordway-Swisher Biological Station Site, CORE (FL)
# Geographic coordinates (lat/long): 29.68927/-81.99343
# Domain: Domain 03
# Query Citation Code: E84311018FEB4D63B42F74C58C4DC9C3
# Date-Time of Query Submission: 2014-07-10 14:23 (UTC)
# Start Date-Time for Data: 2014-04-02 00:00 (UTC)
# End Date-Time for Data: 2014-04-03 00:00 (UTC)
# 
### Sensor Metadata Below
### Sensor information: Thermometrics Climate RTD 100  Omega  Probe and Met One 076B aspirated radiation shield
### Units: deg C
### Sampling Rate (Hz): 1
### Assembly repeatability (precision) in deg C: 0.0025
### Assembly refers to the sensor(s) and relevant components (e.g. DAS); here repeatability represents the maximum expected assembly noise given at 95% confidence.
### Boom Level: 5
### Height Above Ground Level (m): 24.56
### Lat/Lon: 29.68923605/-81.99340646
### Threshold For Range test (Hard): min:  -89.2 (deg C) max:  56.7 (deg C)
### Threshold for Range test (soft): min: -27.2 (deg C) max: 44.4 (deg C)
### Threshold For Step test: 0.5 (deg C)
#
Start Date,End Date,Data 1,Data 2,Units,Readout Version,Value Name,Measurement Readout Type Name
2014-04-02 00:00:00.0,2014-04-02 00:30:00.0,24.52878693675855714673161855898797512054,,degree Celsius,Version 1.0,Temperature Max (NEON.DOC.000646),Level-1 FIU measurement stream readout type
2014-04-02 00:30:00.0,2014-04-02 01:00:00.0,24.41591302935446350375059409998357295989,,degree Celsius,Version 1.0,Temperature Max (NEON.DOC.000646),Level-1 FIU measurement stream readout type
2014-04-02 01:00:00.0,2014-04-02 01:30:00.0,21.02365877845043939942115684971213340759,,degree Celsius,Version 1.0,Temperature Max (NEON.DOC.000646),Level-1 FIU measurement stream readout type
2014-04-02 01:30:00.0,2014-04-02 02:00:00.0,20.16226018175800049903045874089002609252,,degree Celsius,Version 1.0,Temperature Max (NEON.DOC.000646),Level-1 FIU measurement stream readout type
2014-04-02 02:00:00.0,2014-04-02 02:30:00.0,19.62817502173108863416928215883672237396,,degree Celsius,Version 1.0,Temperature Max (NEON.DOC.000646),Level-1 FIU measurement stream readout type
2014-04-02 02:30:00.0,2014-04-02 03:00:00.0,19.21358144068153706029988825321197509765,,degree Celsius,Version 1.0,Temperature Max (NEON.DOC.000646),Level-1 FIU measurement stream readout type
2014-04-02 03:00:00.0,2014-04-02 03:30:00.0,18.7894523651566558442027599085122346878,,degree Celsius,Version 1.0,Temperature Max (NEON.DOC.000646),Level-1 FIU measurement stream readout type
2014-04-02 03:30:00.0,2014-04-02 04:00:00.0,18.5226375381963777044802554883062839508,,degree Celsius,Version 1.0,Temperature Max (NEON.DOC.000646),Level-1 FIU measurement stream readout type
2014-04-02 04:00:00.0,2014-04-02 04:30:00.0,18.02448669811107606619771104305982589721,,degree Celsius,Version 1.0,Temperature Max (NEON.DOC.000646),Level-1 FIU measurement stream readout type
2014-04-02 04:30:00.0,2014-04-02 05:00:00.0,17.57699661926342926676625211257487535476,,degree Celsius,Version 1.0,Temperature Max (NEON.DOC.000646),Level-1 FIU measurement stream readout type
2014-04-02 05:00:00.0,2014-04-02 05:30:00.0,17.27174657331641327573379385285079479217,,degree Celsius,Version 1.0,Temperature Max (NEON.DOC.000646),Level-1 FIU measurement stream readout type
2014-04-02 05:30:00.0,2014-04-02 06:00:00.0,17.05207652940529072793651721440255641937,,degree Celsius,Version 1.0,Temperature Max (NEON.DOC.000646),Level-1 FIU measurement stream readout type
2014-04-02 06:00:00.0,2014-04-02 06:30:00.0,16.95725519728636143668154545594006776809,,degree Celsius,Version 1.0,Temperature Max (NEON.DOC.000646),Level-1 FIU measurement stream readout type
2014-04-02 06:30:00.0,2014-04-02 07:00:00.0,15.37938577545931728707273578038439154624,,degree Celsius,Version 1.0,Temperature Max (NEON.DOC.000646),Level-1 FIU measurement stream readout type
2014-04-02 07:00:00.0,2014-04-02 07:30:00.0,14.44585053019455145317806454841047525405,,degree Celsius,Version 1.0,Temperature Max (NEON.DOC.000646),Level-1 FIU measurement stream readout type
2014-04-02 07:30:00.0,2014-04-02 08:00:00.0,14.00213247383937265055919851874932646751,,degree Celsius,Version 1.0,Temperature Max (NEON.DOC.000646),Level-1 FIU measurement stream readout type
2014-04-02 08:00:00.0,2014-04-02 08:30:00.0,14.04066626858104527286741358693689107894,,degree Celsius,Version 1.0,Temperature Max (NEON.DOC.000646),Level-1 FIU measurement stream readout type
2014-04-02 08:30:00.0,2014-04-02 09:00:00.0,13.9155105698015884030382949276827275753,,degree Celsius,Version 1.0,Temperature Max (NEON.DOC.000646),Level-1 FIU measurement stream readout type
2014-04-02 09:00:00.0,2014-04-02 09:30:00.0,13.40877702453218489608843810856342315673,,degree Celsius,Version 1.0,Temperature Max (NEON.DOC.000646),Level-1 FIU measurement stream readout type
2014-04-02 09:30:00.0,2014-04-02 10:00:00.0,13.7225974038963673962143730022944509983,,degree Celsius,Version 1.0,Temperature Max (NEON.DOC.000646),Level-1 FIU measurement stream readout type
2014-04-02 10:00:00.0,2014-04-02 10:30:00.0,13.96551234291957932498462469084188342094,,degree Celsius,Version 1.0,Temperature Max (NEON.DOC.000646),Level-1 FIU measurement stream readout type
2014-04-02 10:30:00.0,2014-04-02 11:00:00.0,13.92447974008425148895184975117444992065,,degree Celsius,Version 1.0,Temperature Max (NEON.DOC.000646),Level-1 FIU measurement stream readout type
2014-04-02 11:00:00.0,2014-04-02 11:30:00.0,13.94007211976505011818971979664638638496,,degree Celsius,Version 1.0,Temperature Max (NEON.DOC.000646),Level-1 FIU measurement stream readout type
2014-04-02 11:30:00.0,2014-04-02 12:00:00.0,13.69338674512018094731047312961891293525,,degree Celsius,Version 1.0,Temperature Max (NEON.DOC.000646),Level-1 FIU measurement stream readout type
2014-04-02 12:00:00.0,2014-04-02 12:30:00.0,14.91087478694337065121544583234935998916,,degree Celsius,Version 1.0,Temperature Max (NEON.DOC.000646),Level-1 FIU measurement stream readout type
2014-04-02 12:30:00.0,2014-04-02 13:00:00.0,17.00828528350822921311191748827695846557,,degree Celsius,Version 1.0,Temperature Max (NEON.DOC.000646),Level-1 FIU measurement stream readout type
2014-04-02 13:00:00.0,2014-04-02 13:30:00.0,18.72117625651381445095466915518045425415,,degree Celsius,Version 1.0,Temperature Max (NEON.DOC.000646),Level-1 FIU measurement stream readout type
2014-04-02 13:30:00.0,2014-04-02 14:00:00.0,19.69189027406033432043841457925736904144,,degree Celsius,Version 1.0,Temperature Max (NEON.DOC.000646),Level-1 FIU measurement stream readout type
2014-04-02 14:00:00.0,2014-04-02 14:30:00.0,21.37091210366877902515625464729964733123,,degree Celsius,Version 1.0,Temperature Max (NEON.DOC.000646),Level-1 FIU measurement stream readout type
2014-04-02 14:30:00.0,2014-04-02 15:00:00.0,22.3458169479477462004979315679520368576,,degree Celsius,Version 1.0,Temperature Max (NEON.DOC.000646),Level-1 FIU measurement stream readout type
2014-04-02 15:00:00.0,2014-04-02 15:30:00.0,23.3700619979329289321867690887302160263,,degree Celsius,Version 1.0,Temperature Max (NEON.DOC.000646),Level-1 FIU measurement stream readout type
2014-04-02 15:30:00.0,2014-04-02 16:00:00.0,24.00971203706152223844583204481750726699,,degree Celsius,Version 1.0,Temperature Max (NEON.DOC.000646),Level-1 FIU measurement stream readout type
2014-04-02 16:00:00.0,2014-04-02 16:30:00.0,25.00876906776807473420376481954008340835,,degree Celsius,Version 1.0,Temperature Max (NEON.DOC.000646),Level-1 FIU measurement stream readout type
2014-04-02 16:30:00.0,2014-04-02 17:00:00.0,25.46340971295635569049409241415560245513,,degree Celsius,Version 1.0,Temperature Max (NEON.DOC.000646),Level-1 FIU measurement stream readout type
2014-04-02 17:00:00.0,2014-04-02 17:30:00.0,26.86621523394770605364101356826722621917,,degree Celsius,Version 1.0,Temperature Max (NEON.DOC.000646),Level-1 FIU measurement stream readout type
2014-04-02 17:30:00.0,2014-04-02 18:00:00.0,26.89709377210093066423723939806222915649,,degree Celsius,Version 1.0,Temperature Max (NEON.DOC.000646),Level-1 FIU measurement stream readout type
2014-04-02 18:00:00.0,2014-04-02 18:30:00.0,27.61895586383154821419338986743241548538,,degree Celsius,Version 1.0,Temperature Max (NEON.DOC.000646),Level-1 FIU measurement stream readout type
2014-04-02 18:30:00.0,2014-04-02 19:00:00.0,27.94306445318516551878929021768271923065,,degree Celsius,Version 1.0,Temperature Max (NEON.DOC.000646),Level-1 FIU measurement stream readout type
2014-04-02 19:00:00.0,2014-04-02 19:30:00.0,28.03994699048355698778323130682110786437,,degree Celsius,Version 1.0,Temperature Max (NEON.DOC.000646),Level-1 FIU measurement stream readout type
2014-04-02 19:30:00.0,2014-04-02 20:00:00.0,28.75730988926202513766838819719851016998,,degree Celsius,Version 1.0,Temperature Max (NEON.DOC.000646),Level-1 FIU measurement stream readout type
2014-04-02 20:00:00.0,2014-04-02 20:30:00.0,28.30178276677591497900721151381731033325,,degree Celsius,Version 1.0,Temperature Max (NEON.DOC.000646),Level-1 FIU measurement stream readout type
2014-04-02 20:30:00.0,2014-04-02 21:00:00.0,28.63243634771569290364823245909065008163,,degree Celsius,Version 1.0,Temperature Max (NEON.DOC.000646),Level-1 FIU measurement stream readout type
2014-04-02 21:00:00.0,2014-04-02 21:30:00.0,28.88040260204556020084964984562247991561,,degree Celsius,Version 1.0,Temperature Max (NEON.DOC.000646),Level-1 FIU measurement stream readout type
2014-04-02 21:30:00.0,2014-04-02 22:00:00.0,28.61905088825073661951137182768434286117,,degree Celsius,Version 1.0,Temperature Max (NEON.DOC.000646),Level-1 FIU measurement stream readout type
2014-04-02 22:00:00.0,2014-04-02 22:30:00.0,28.23321127558688914405138348229229450225,,degree Celsius,Version 1.0,Temperature Max (NEON.DOC.000646),Level-1 FIU measurement stream readout type
2014-04-02 22:30:00.0,2014-04-02 23:00:00.0,27.82540278285342338904229109175503253936,,degree Celsius,Version 1.0,Temperature Max (NEON.DOC.000646),Level-1 FIU measurement stream readout type
2014-04-02 23:00:00.0,2014-04-02 23:30:00.0,27.44373726783934586137547739781439304351,,degree Celsius,Version 1.0,Temperature Max (NEON.DOC.000646),Level-1 FIU measurement stream readout type
2014-04-02 23:30:00.0,2014-04-03 00:00:00.0,26.7257188363649262896615255158394575119,,degree Celsius,Version 1.0,Temperature Max (NEON.DOC.000646),Level-1 FIU measurement stream readout type
2014-04-03 00:00:00.0,2014-04-03 00:30:00.0,24.30274752486395328787693870253860950469,,degree Celsius,Version 1.0,Temperature Max (NEON.DOC.000646),Level-1 FIU measurement stream readout type
