# Data from NEON Inc.
# These data are provided under the terms of the NEON data policy included in this data download.
# Data Product ID: NEON.D03.CS1.DP1.00002.001.001.002.002
# Data Product Name: 30 minutes mean temperature tower level 2
# Site: Ordway-Swisher Biological Station Site, CORE (FL)
# Geographic coordinates (lat/long): 29.68927/-81.99343
# Domain: Domain 03
# Query Citation Code: E84311018FEB4D63B42F74C58C4DC9C3
# Date-Time of Query Submission: 2014-07-10 14:23 (UTC)
# Start Date-Time for Data: 2014-04-02 00:00 (UTC)
# End Date-Time for Data: 2014-04-03 00:00 (UTC)
# 
### Sensor Metadata Below
### Sensor information: Thermometrics Climate RTD 100  Omega  Probe and Met One 076B aspirated radiation shield
### Units: deg C
### Sampling Rate (Hz): 1
### Assembly repeatability (precision) in deg C: 0.0025
### Assembly refers to the sensor(s) and relevant components (e.g. DAS); here repeatability represents the maximum expected assembly noise given at 95% confidence.
### Boom Level: 2
### Height Above Ground Level (m): 1.93
### Lat/Lon: 29.68923565/-81.99340698
### Threshold For Range test (Hard): min:  -89.2 (deg C) max:  56.7 (deg C)
### Threshold for Range test (soft): min: -27.2 (deg C) max: 44.4 (deg C)
### Threshold For Step test: 0.5 (deg C)
#
Start Date,End Date,Data 1,Data 2,Units,Readout Version,Value Name,Measurement Readout Type Name
2014-04-02 00:00:00.0,2014-04-02 00:30:00.0,20.15725737955036223070237610954791307449,,degree Celsius,Version 1.0,Temperature Mean (NEON.DOC.000646),Level-1 FIU measurement stream readout type
2014-04-02 00:00:00.0,2014-04-02 00:30:00.0,0.0186684302505735130739417115819378523156,,degree Celsius,Version 1.0,Temperature Expanded Uncertainty (NEON.DOC.000646),Level-1 FIU measurement stream readout type
2014-04-02 00:00:00.0,2014-04-02 00:30:00.0,1800,,none,Version 1.0,Number of points used in data product mean value,Level-1 FIU measurement stream readout type
2014-04-02 00:00:00.0,2014-04-02 00:30:00.0,0.008092146942660256858648182287652161903679,,degree Celsius,Version 1.0,Temperature Standard Error  (NEON.DOC.000652),Level-1 FIU measurement stream readout type
2014-04-02 00:30:00.0,2014-04-02 01:00:00.0,0.008956833430731857281781316260094172321259,,degree Celsius,Version 1.0,Temperature Standard Error  (NEON.DOC.000652),Level-1 FIU measurement stream readout type
2014-04-02 00:30:00.0,2014-04-02 01:00:00.0,0.0201512853873913044822074880357831716537,,degree Celsius,Version 1.0,Temperature Expanded Uncertainty (NEON.DOC.000646),Level-1 FIU measurement stream readout type
2014-04-02 00:30:00.0,2014-04-02 01:00:00.0,1800,,none,Version 1.0,Number of points used in data product mean value,Level-1 FIU measurement stream readout type
2014-04-02 00:30:00.0,2014-04-02 01:00:00.0,18.78689033273544950475297810044139623641,,degree Celsius,Version 1.0,Temperature Mean (NEON.DOC.000646),Level-1 FIU measurement stream readout type
2014-04-02 01:00:00.0,2014-04-02 01:30:00.0,0.0158671684600751490556991285529875312931,,degree Celsius,Version 1.0,Temperature Expanded Uncertainty (NEON.DOC.000646),Level-1 FIU measurement stream readout type
2014-04-02 01:00:00.0,2014-04-02 01:30:00.0,18.52183616330747994993544125463813543319,,degree Celsius,Version 1.0,Temperature Mean (NEON.DOC.000646),Level-1 FIU measurement stream readout type
2014-04-02 01:00:00.0,2014-04-02 01:30:00.0,0.006408358206761674905060921503263671183958,,degree Celsius,Version 1.0,Temperature Standard Error  (NEON.DOC.000652),Level-1 FIU measurement stream readout type
2014-04-02 01:00:00.0,2014-04-02 01:30:00.0,1800,,none,Version 1.0,Number of points used in data product mean value,Level-1 FIU measurement stream readout type
2014-04-02 01:30:00.0,2014-04-02 02:00:00.0,1800,,none,Version 1.0,Number of points used in data product mean value,Level-1 FIU measurement stream readout type
2014-04-02 01:30:00.0,2014-04-02 02:00:00.0,0.0150248527421160162076407829090385348536,,degree Celsius,Version 1.0,Temperature Expanded Uncertainty (NEON.DOC.000646),Level-1 FIU measurement stream readout type
2014-04-02 01:30:00.0,2014-04-02 02:00:00.0,0.005870654803598402554642987638544582296162,,degree Celsius,Version 1.0,Temperature Standard Error  (NEON.DOC.000652),Level-1 FIU measurement stream readout type
2014-04-02 01:30:00.0,2014-04-02 02:00:00.0,18.55076199395087499510736961383372545242,,degree Celsius,Version 1.0,Temperature Mean (NEON.DOC.000646),Level-1 FIU measurement stream readout type
2014-04-02 02:00:00.0,2014-04-02 02:30:00.0,18.05290585911886225289890717249363660812,,degree Celsius,Version 1.0,Temperature Mean (NEON.DOC.000646),Level-1 FIU measurement stream readout type
2014-04-02 02:00:00.0,2014-04-02 02:30:00.0,0.0174455232706614941917688810235631535761,,degree Celsius,Version 1.0,Temperature Expanded Uncertainty (NEON.DOC.000646),Level-1 FIU measurement stream readout type
2014-04-02 02:00:00.0,2014-04-02 02:30:00.0,1800,,none,Version 1.0,Number of points used in data product mean value,Level-1 FIU measurement stream readout type
2014-04-02 02:00:00.0,2014-04-02 02:30:00.0,0.007380157446808343832400645112556958338245,,degree Celsius,Version 1.0,Temperature Standard Error  (NEON.DOC.000652),Level-1 FIU measurement stream readout type
2014-04-02 02:30:00.0,2014-04-02 03:00:00.0,0.0339128851827906752092189890390727669,,degree Celsius,Version 1.0,Temperature Expanded Uncertainty (NEON.DOC.000646),Level-1 FIU measurement stream readout type
2014-04-02 02:30:00.0,2014-04-02 03:00:00.0,0.0164144585709738270729030062966558034531,,degree Celsius,Version 1.0,Temperature Standard Error  (NEON.DOC.000652),Level-1 FIU measurement stream readout type
2014-04-02 02:30:00.0,2014-04-02 03:00:00.0,16.91724166911428284265639376826584339141,,degree Celsius,Version 1.0,Temperature Mean (NEON.DOC.000646),Level-1 FIU measurement stream readout type
2014-04-02 02:30:00.0,2014-04-02 03:00:00.0,1800,,none,Version 1.0,Number of points used in data product mean value,Level-1 FIU measurement stream readout type
2014-04-02 03:00:00.0,2014-04-02 03:30:00.0,15.40034409444975693759261048398911952972,,degree Celsius,Version 1.0,Temperature Mean (NEON.DOC.000646),Level-1 FIU measurement stream readout type
2014-04-02 03:00:00.0,2014-04-02 03:30:00.0,0.008159429212048544682867046162755286786705,,degree Celsius,Version 1.0,Temperature Standard Error  (NEON.DOC.000652),Level-1 FIU measurement stream readout type
2014-04-02 03:00:00.0,2014-04-02 03:30:00.0,0.0187297805131482371365780892347174813039,,degree Celsius,Version 1.0,Temperature Expanded Uncertainty (NEON.DOC.000646),Level-1 FIU measurement stream readout type
2014-04-02 03:00:00.0,2014-04-02 03:30:00.0,1800,,none,Version 1.0,Number of points used in data product mean value,Level-1 FIU measurement stream readout type
2014-04-02 03:30:00.0,2014-04-02 04:00:00.0,0.002724776944366435679767413091667549451813,,degree Celsius,Version 1.0,Temperature Standard Error  (NEON.DOC.000652),Level-1 FIU measurement stream readout type
2014-04-02 03:30:00.0,2014-04-02 04:00:00.0,0.0108371117296222497367041981419788498897,,degree Celsius,Version 1.0,Temperature Expanded Uncertainty (NEON.DOC.000646),Level-1 FIU measurement stream readout type
2014-04-02 03:30:00.0,2014-04-02 04:00:00.0,1800,,none,Version 1.0,Number of points used in data product mean value,Level-1 FIU measurement stream readout type
2014-04-02 03:30:00.0,2014-04-02 04:00:00.0,14.57711777988297008334939164342358708381,,degree Celsius,Version 1.0,Temperature Mean (NEON.DOC.000646),Level-1 FIU measurement stream readout type
2014-04-02 04:00:00.0,2014-04-02 04:30:00.0,0.006510844036963625743041905735708496649749,,degree Celsius,Version 1.0,Temperature Standard Error  (NEON.DOC.000652),Level-1 FIU measurement stream readout type
2014-04-02 04:00:00.0,2014-04-02 04:30:00.0,1800,,none,Version 1.0,Number of points used in data product mean value,Level-1 FIU measurement stream readout type
2014-04-02 04:00:00.0,2014-04-02 04:30:00.0,0.0159653701502294846636953451479712384752,,degree Celsius,Version 1.0,Temperature Expanded Uncertainty (NEON.DOC.000646),Level-1 FIU measurement stream readout type
2014-04-02 04:00:00.0,2014-04-02 04:30:00.0,13.84838191216284108975287381326779723167,,degree Celsius,Version 1.0,Temperature Mean (NEON.DOC.000646),Level-1 FIU measurement stream readout type
2014-04-02 04:30:00.0,2014-04-02 05:00:00.0,1800,,none,Version 1.0,Number of points used in data product mean value,Level-1 FIU measurement stream readout type
2014-04-02 04:30:00.0,2014-04-02 05:00:00.0,0.007472114660420552632869028997220084420405,,degree Celsius,Version 1.0,Temperature Standard Error  (NEON.DOC.000652),Level-1 FIU measurement stream readout type
2014-04-02 04:30:00.0,2014-04-02 05:00:00.0,0.017537680218242437946152278982481220737,,degree Celsius,Version 1.0,Temperature Expanded Uncertainty (NEON.DOC.000646),Level-1 FIU measurement stream readout type
2014-04-02 04:30:00.0,2014-04-02 05:00:00.0,13.29108201742836037340111943194642663002,,degree Celsius,Version 1.0,Temperature Mean (NEON.DOC.000646),Level-1 FIU measurement stream readout type
2014-04-02 05:00:00.0,2014-04-02 05:30:00.0,0.003959513952333413959461250186677716556005,,degree Celsius,Version 1.0,Temperature Standard Error  (NEON.DOC.000652),Level-1 FIU measurement stream readout type
2014-04-02 05:00:00.0,2014-04-02 05:30:00.0,0.0122070275248828061243067111263371771201,,degree Celsius,Version 1.0,Temperature Expanded Uncertainty (NEON.DOC.000646),Level-1 FIU measurement stream readout type
2014-04-02 05:00:00.0,2014-04-02 05:30:00.0,12.18221198986157816079867188818752765655,,degree Celsius,Version 1.0,Temperature Mean (NEON.DOC.000646),Level-1 FIU measurement stream readout type
2014-04-02 05:00:00.0,2014-04-02 05:30:00.0,1800,,none,Version 1.0,Number of points used in data product mean value,Level-1 FIU measurement stream readout type
2014-04-02 05:30:00.0,2014-04-02 06:00:00.0,0.0124607898952164408007403650913147430401,,degree Celsius,Version 1.0,Temperature Expanded Uncertainty (NEON.DOC.000646),Level-1 FIU measurement stream readout type
2014-04-02 05:30:00.0,2014-04-02 06:00:00.0,11.71955299712839604353575850836932659149,,degree Celsius,Version 1.0,Temperature Mean (NEON.DOC.000646),Level-1 FIU measurement stream readout type
2014-04-02 05:30:00.0,2014-04-02 06:00:00.0,1800,,none,Version 1.0,Number of points used in data product mean value,Level-1 FIU measurement stream readout type
2014-04-02 05:30:00.0,2014-04-02 06:00:00.0,0.004162216001005722247618745512909299577586,,degree Celsius,Version 1.0,Temperature Standard Error  (NEON.DOC.000652),Level-1 FIU measurement stream readout type
2014-04-02 06:00:00.0,2014-04-02 06:30:00.0,0.0109932989306439771182155595852236729115,,degree Celsius,Version 1.0,Temperature Expanded Uncertainty (NEON.DOC.000646),Level-1 FIU measurement stream readout type
2014-04-02 06:00:00.0,2014-04-02 06:30:00.0,11.37880363230131308682757662609219551086,,degree Celsius,Version 1.0,Temperature Mean (NEON.DOC.000646),Level-1 FIU measurement stream readout type
2014-04-02 06:00:00.0,2014-04-02 06:30:00.0,0.002937803459934064474051718107716624217573,,degree Celsius,Version 1.0,Temperature Standard Error  (NEON.DOC.000652),Level-1 FIU measurement stream readout type
2014-04-02 06:00:00.0,2014-04-02 06:30:00.0,1800,,none,Version 1.0,Number of points used in data product mean value,Level-1 FIU measurement stream readout type
2014-04-02 06:30:00.0,2014-04-02 07:00:00.0,11.17975479582013420554176263976842164993,,degree Celsius,Version 1.0,Temperature Mean (NEON.DOC.000646),Level-1 FIU measurement stream readout type
2014-04-02 06:30:00.0,2014-04-02 07:00:00.0,0.0114240623053936275060893379418303084094,,degree Celsius,Version 1.0,Temperature Expanded Uncertainty (NEON.DOC.000646),Level-1 FIU measurement stream readout type
2014-04-02 06:30:00.0,2014-04-02 07:00:00.0,0.003331419346139860657857179049301521445158,,degree Celsius,Version 1.0,Temperature Standard Error  (NEON.DOC.000652),Level-1 FIU measurement stream readout type
2014-04-02 06:30:00.0,2014-04-02 07:00:00.0,1800,,none,Version 1.0,Number of points used in data product mean value,Level-1 FIU measurement stream readout type
2014-04-02 07:00:00.0,2014-04-02 07:30:00.0,0.0105521947807826546594789363098243484273,,degree Celsius,Version 1.0,Temperature Expanded Uncertainty (NEON.DOC.000646),Level-1 FIU measurement stream readout type
2014-04-02 07:00:00.0,2014-04-02 07:30:00.0,10.8178692493630599358311883406713604927,,degree Celsius,Version 1.0,Temperature Mean (NEON.DOC.000646),Level-1 FIU measurement stream readout type
2014-04-02 07:00:00.0,2014-04-02 07:30:00.0,0.002504624278477947298821026933524080959614,,degree Celsius,Version 1.0,Temperature Standard Error  (NEON.DOC.000652),Level-1 FIU measurement stream readout type
2014-04-02 07:00:00.0,2014-04-02 07:30:00.0,1800,,none,Version 1.0,Number of points used in data product mean value,Level-1 FIU measurement stream readout type
2014-04-02 07:30:00.0,2014-04-02 08:00:00.0,10.81966464009017592218242498347535729408,,degree Celsius,Version 1.0,Temperature Mean (NEON.DOC.000646),Level-1 FIU measurement stream readout type
2014-04-02 07:30:00.0,2014-04-02 08:00:00.0,1800,,none,Version 1.0,Number of points used in data product mean value,Level-1 FIU measurement stream readout type
2014-04-02 07:30:00.0,2014-04-02 08:00:00.0,0.00194042925329498895832547322726213678834,,degree Celsius,Version 1.0,Temperature Standard Error  (NEON.DOC.000652),Level-1 FIU measurement stream readout type
2014-04-02 07:30:00.0,2014-04-02 08:00:00.0,0.0100729194891025115865534900194688816554,,degree Celsius,Version 1.0,Temperature Expanded Uncertainty (NEON.DOC.000646),Level-1 FIU measurement stream readout type
2014-04-02 08:00:00.0,2014-04-02 08:30:00.0,0.006613265812228898837821233769318496342748,,degree Celsius,Version 1.0,Temperature Standard Error  (NEON.DOC.000652),Level-1 FIU measurement stream readout type
2014-04-02 08:00:00.0,2014-04-02 08:30:00.0,0.0160956788231013461776264250602253014221,,degree Celsius,Version 1.0,Temperature Expanded Uncertainty (NEON.DOC.000646),Level-1 FIU measurement stream readout type
2014-04-02 08:00:00.0,2014-04-02 08:30:00.0,11.17920460927805237361098988912999629974,,degree Celsius,Version 1.0,Temperature Mean (NEON.DOC.000646),Level-1 FIU measurement stream readout type
2014-04-02 08:00:00.0,2014-04-02 08:30:00.0,1800,,none,Version 1.0,Number of points used in data product mean value,Level-1 FIU measurement stream readout type
2014-04-02 08:30:00.0,2014-04-02 09:00:00.0,1800,,none,Version 1.0,Number of points used in data product mean value,Level-1 FIU measurement stream readout type
2014-04-02 08:30:00.0,2014-04-02 09:00:00.0,0.0132943388760326901276709321564339916221,,degree Celsius,Version 1.0,Temperature Expanded Uncertainty (NEON.DOC.000646),Level-1 FIU measurement stream readout type
2014-04-02 08:30:00.0,2014-04-02 09:00:00.0,0.004775601008782335947511210605398446205072,,degree Celsius,Version 1.0,Temperature Standard Error  (NEON.DOC.000652),Level-1 FIU measurement stream readout type
2014-04-02 08:30:00.0,2014-04-02 09:00:00.0,11.07273025607683258897395717212930321693,,degree Celsius,Version 1.0,Temperature Mean (NEON.DOC.000646),Level-1 FIU measurement stream readout type
2014-04-02 09:00:00.0,2014-04-02 09:30:00.0,0.0172131654432634527418510828056241734884,,degree Celsius,Version 1.0,Temperature Expanded Uncertainty (NEON.DOC.000646),Level-1 FIU measurement stream readout type
2014-04-02 09:00:00.0,2014-04-02 09:30:00.0,0.007298318827028990249394801992366410559043,,degree Celsius,Version 1.0,Temperature Standard Error  (NEON.DOC.000652),Level-1 FIU measurement stream readout type
2014-04-02 09:00:00.0,2014-04-02 09:30:00.0,10.47567153900736336424870387418195605278,,degree Celsius,Version 1.0,Temperature Mean (NEON.DOC.000646),Level-1 FIU measurement stream readout type
2014-04-02 09:00:00.0,2014-04-02 09:30:00.0,1800,,none,Version 1.0,Number of points used in data product mean value,Level-1 FIU measurement stream readout type
2014-04-02 09:30:00.0,2014-04-02 10:00:00.0,9.94449332333259938820901879807934165,,degree Celsius,Version 1.0,Temperature Mean (NEON.DOC.000646),Level-1 FIU measurement stream readout type
2014-04-02 09:30:00.0,2014-04-02 10:00:00.0,0.002117118653563418960439346250268499716185,,degree Celsius,Version 1.0,Temperature Standard Error  (NEON.DOC.000652),Level-1 FIU measurement stream readout type
2014-04-02 09:30:00.0,2014-04-02 10:00:00.0,1800,,none,Version 1.0,Number of points used in data product mean value,Level-1 FIU measurement stream readout type
2014-04-02 09:30:00.0,2014-04-02 10:00:00.0,0.01019362657149126827338392331512295641,,degree Celsius,Version 1.0,Temperature Expanded Uncertainty (NEON.DOC.000646),Level-1 FIU measurement stream readout type
2014-04-02 10:00:00.0,2014-04-02 10:30:00.0,9.84960477086461949625117995310574769973,,degree Celsius,Version 1.0,Temperature Mean (NEON.DOC.000646),Level-1 FIU measurement stream readout type
2014-04-02 10:00:00.0,2014-04-02 10:30:00.0,0.009561526120288273145053636881129932589828,,degree Celsius,Version 1.0,Temperature Expanded Uncertainty (NEON.DOC.000646),Level-1 FIU measurement stream readout type
2014-04-02 10:00:00.0,2014-04-02 10:30:00.0,0.001152312106587008054200960138757636741502,,degree Celsius,Version 1.0,Temperature Standard Error  (NEON.DOC.000652),Level-1 FIU measurement stream readout type
2014-04-02 10:00:00.0,2014-04-02 10:30:00.0,1800,,none,Version 1.0,Number of points used in data product mean value,Level-1 FIU measurement stream readout type
2014-04-02 10:30:00.0,2014-04-02 11:00:00.0,0.005971410804039341962967668564488121774047,,degree Celsius,Version 1.0,Temperature Standard Error  (NEON.DOC.000652),Level-1 FIU measurement stream readout type
2014-04-02 10:30:00.0,2014-04-02 11:00:00.0,9.64087126841569563850953272776678204536,,degree Celsius,Version 1.0,Temperature Mean (NEON.DOC.000646),Level-1 FIU measurement stream readout type
2014-04-02 10:30:00.0,2014-04-02 11:00:00.0,0.0150519674479044265197336116557380591984,,degree Celsius,Version 1.0,Temperature Expanded Uncertainty (NEON.DOC.000646),Level-1 FIU measurement stream readout type
2014-04-02 10:30:00.0,2014-04-02 11:00:00.0,1800,,none,Version 1.0,Number of points used in data product mean value,Level-1 FIU measurement stream readout type
2014-04-02 11:00:00.0,2014-04-02 11:30:00.0,9.42177554117258431176651356508955359458,,degree Celsius,Version 1.0,Temperature Mean (NEON.DOC.000646),Level-1 FIU measurement stream readout type
2014-04-02 11:00:00.0,2014-04-02 11:30:00.0,0.001854189345559294297555164021673590468708,,degree Celsius,Version 1.0,Temperature Standard Error  (NEON.DOC.000652),Level-1 FIU measurement stream readout type
2014-04-02 11:00:00.0,2014-04-02 11:30:00.0,0.009978994070578504557711418954113469226285,,degree Celsius,Version 1.0,Temperature Expanded Uncertainty (NEON.DOC.000646),Level-1 FIU measurement stream readout type
2014-04-02 11:00:00.0,2014-04-02 11:30:00.0,1800,,none,Version 1.0,Number of points used in data product mean value,Level-1 FIU measurement stream readout type
2014-04-02 11:30:00.0,2014-04-02 12:00:00.0,0.0151578270086043329772929055820895882789,,degree Celsius,Version 1.0,Temperature Expanded Uncertainty (NEON.DOC.000646),Level-1 FIU measurement stream readout type
2014-04-02 11:30:00.0,2014-04-02 12:00:00.0,9.78696495138769861910077452193945646286,,degree Celsius,Version 1.0,Temperature Mean (NEON.DOC.000646),Level-1 FIU measurement stream readout type
2014-04-02 11:30:00.0,2014-04-02 12:00:00.0,0.006036539729356335363952279493560126866213,,degree Celsius,Version 1.0,Temperature Standard Error  (NEON.DOC.000652),Level-1 FIU measurement stream readout type
2014-04-02 11:30:00.0,2014-04-02 12:00:00.0,1800,,none,Version 1.0,Number of points used in data product mean value,Level-1 FIU measurement stream readout type
2014-04-02 12:00:00.0,2014-04-02 12:30:00.0,0.0322610562533268141471864964842097833752,,degree Celsius,Version 1.0,Temperature Expanded Uncertainty (NEON.DOC.000646),Level-1 FIU measurement stream readout type
2014-04-02 12:00:00.0,2014-04-02 12:30:00.0,11.30898662158611323036438989220187067985,,degree Celsius,Version 1.0,Temperature Mean (NEON.DOC.000646),Level-1 FIU measurement stream readout type
2014-04-02 12:00:00.0,2014-04-02 12:30:00.0,1800,,none,Version 1.0,Number of points used in data product mean value,Level-1 FIU measurement stream readout type
2014-04-02 12:00:00.0,2014-04-02 12:30:00.0,0.0155634478748125013036762709361937595531,,degree Celsius,Version 1.0,Temperature Standard Error  (NEON.DOC.000652),Level-1 FIU measurement stream readout type
2014-04-02 12:30:00.0,2014-04-02 13:00:00.0,1800,,none,Version 1.0,Number of points used in data product mean value,Level-1 FIU measurement stream readout type
2014-04-02 12:30:00.0,2014-04-02 13:00:00.0,0.0649924422249142097474106094523449428379,,degree Celsius,Version 1.0,Temperature Expanded Uncertainty (NEON.DOC.000646),Level-1 FIU measurement stream readout type
2014-04-02 12:30:00.0,2014-04-02 13:00:00.0,14.64968227994263827440590830519795417785,,degree Celsius,Version 1.0,Temperature Mean (NEON.DOC.000646),Level-1 FIU measurement stream readout type
2014-04-02 12:30:00.0,2014-04-02 13:00:00.0,0.0324103297892623029574643567229941254481,,degree Celsius,Version 1.0,Temperature Standard Error  (NEON.DOC.000652),Level-1 FIU measurement stream readout type
2014-04-02 13:00:00.0,2014-04-02 13:30:00.0,0.0171172832304674824022150403379782801494,,degree Celsius,Version 1.0,Temperature Standard Error  (NEON.DOC.000652),Level-1 FIU measurement stream readout type
2014-04-02 13:00:00.0,2014-04-02 13:30:00.0,1800,,none,Version 1.0,Number of points used in data product mean value,Level-1 FIU measurement stream readout type
2014-04-02 13:00:00.0,2014-04-02 13:30:00.0,0.0352659222778758524308173605277261231094,,degree Celsius,Version 1.0,Temperature Expanded Uncertainty (NEON.DOC.000646),Level-1 FIU measurement stream readout type
2014-04-02 13:00:00.0,2014-04-02 13:30:00.0,18.32187568846052272419910877943038940429,,degree Celsius,Version 1.0,Temperature Mean (NEON.DOC.000646),Level-1 FIU measurement stream readout type
2014-04-02 13:30:00.0,2014-04-02 14:00:00.0,19.90074782089275373664349899627268314361,,degree Celsius,Version 1.0,Temperature Mean (NEON.DOC.000646),Level-1 FIU measurement stream readout type
2014-04-02 13:30:00.0,2014-04-02 14:00:00.0,0.0203998557131984253887324598508712369948,,degree Celsius,Version 1.0,Temperature Expanded Uncertainty (NEON.DOC.000646),Level-1 FIU measurement stream readout type
2014-04-02 13:30:00.0,2014-04-02 14:00:00.0,0.009091773972864966579798817747359862551093,,degree Celsius,Version 1.0,Temperature Standard Error  (NEON.DOC.000652),Level-1 FIU measurement stream readout type
2014-04-02 13:30:00.0,2014-04-02 14:00:00.0,1800,,none,Version 1.0,Number of points used in data product mean value,Level-1 FIU measurement stream readout type
2014-04-02 14:00:00.0,2014-04-02 14:30:00.0,21.24298661850782821147731738165020942687,,degree Celsius,Version 1.0,Temperature Mean (NEON.DOC.000646),Level-1 FIU measurement stream readout type
2014-04-02 14:00:00.0,2014-04-02 14:30:00.0,0.0285101324278237248932565961467844317667,,degree Celsius,Version 1.0,Temperature Expanded Uncertainty (NEON.DOC.000646),Level-1 FIU measurement stream readout type
2014-04-02 14:00:00.0,2014-04-02 14:30:00.0,1800,,none,Version 1.0,Number of points used in data product mean value,Level-1 FIU measurement stream readout type
2014-04-02 14:00:00.0,2014-04-02 14:30:00.0,0.0135350795177353426523847446105719427578,,degree Celsius,Version 1.0,Temperature Standard Error  (NEON.DOC.000652),Level-1 FIU measurement stream readout type
2014-04-02 14:30:00.0,2014-04-02 15:00:00.0,0.0202257437129785208607124502577789826318,,degree Celsius,Version 1.0,Temperature Expanded Uncertainty (NEON.DOC.000646),Level-1 FIU measurement stream readout type
2014-04-02 14:30:00.0,2014-04-02 15:00:00.0,1800,,none,Version 1.0,Number of points used in data product mean value,Level-1 FIU measurement stream readout type
2014-04-02 14:30:00.0,2014-04-02 15:00:00.0,0.008972800206952425208783985510763159254565,,degree Celsius,Version 1.0,Temperature Standard Error  (NEON.DOC.000652),Level-1 FIU measurement stream readout type
2014-04-02 14:30:00.0,2014-04-02 15:00:00.0,22.45037102425850505937887646723538637161,,degree Celsius,Version 1.0,Temperature Mean (NEON.DOC.000646),Level-1 FIU measurement stream readout type
2014-04-02 15:00:00.0,2014-04-02 15:30:00.0,23.58723969692423949595649901311844587326,,degree Celsius,Version 1.0,Temperature Mean (NEON.DOC.000646),Level-1 FIU measurement stream readout type
2014-04-02 15:00:00.0,2014-04-02 15:30:00.0,0.0116049676706948285548337551631448150146,,degree Celsius,Version 1.0,Temperature Standard Error  (NEON.DOC.000652),Level-1 FIU measurement stream readout type
2014-04-02 15:00:00.0,2014-04-02 15:30:00.0,0.0249534334059279411244247626200376544147,,degree Celsius,Version 1.0,Temperature Expanded Uncertainty (NEON.DOC.000646),Level-1 FIU measurement stream readout type
2014-04-02 15:00:00.0,2014-04-02 15:30:00.0,1800,,none,Version 1.0,Number of points used in data product mean value,Level-1 FIU measurement stream readout type
2014-04-02 15:30:00.0,2014-04-02 16:00:00.0,0.0121603197354281603731473992979772447142,,degree Celsius,Version 1.0,Temperature Standard Error  (NEON.DOC.000652),Level-1 FIU measurement stream readout type
2014-04-02 15:30:00.0,2014-04-02 16:00:00.0,24.57946437438866027491712884511798620223,,degree Celsius,Version 1.0,Temperature Mean (NEON.DOC.000646),Level-1 FIU measurement stream readout type
2014-04-02 15:30:00.0,2014-04-02 16:00:00.0,0.0259818960240223544022608592740652966313,,degree Celsius,Version 1.0,Temperature Expanded Uncertainty (NEON.DOC.000646),Level-1 FIU measurement stream readout type
2014-04-02 15:30:00.0,2014-04-02 16:00:00.0,1800,,none,Version 1.0,Number of points used in data product mean value,Level-1 FIU measurement stream readout type
2014-04-02 16:00:00.0,2014-04-02 16:30:00.0,0.0121364339470624842814983068706169433426,,degree Celsius,Version 1.0,Temperature Standard Error  (NEON.DOC.000652),Level-1 FIU measurement stream readout type
2014-04-02 16:00:00.0,2014-04-02 16:30:00.0,25.1944858191328222574156825430691242218,,degree Celsius,Version 1.0,Temperature Mean (NEON.DOC.000646),Level-1 FIU measurement stream readout type
2014-04-02 16:00:00.0,2014-04-02 16:30:00.0,1800,,none,Version 1.0,Number of points used in data product mean value,Level-1 FIU measurement stream readout type
2014-04-02 16:00:00.0,2014-04-02 16:30:00.0,0.0259450803613651970191966711354325525462,,degree Celsius,Version 1.0,Temperature Expanded Uncertainty (NEON.DOC.000646),Level-1 FIU measurement stream readout type
2014-04-02 16:30:00.0,2014-04-02 17:00:00.0,0.0279704036667754625533621748445511911995,,degree Celsius,Version 1.0,Temperature Expanded Uncertainty (NEON.DOC.000646),Level-1 FIU measurement stream readout type
2014-04-02 16:30:00.0,2014-04-02 17:00:00.0,0.0132269666042488139023891591250503552146,,degree Celsius,Version 1.0,Temperature Standard Error  (NEON.DOC.000652),Level-1 FIU measurement stream readout type
2014-04-02 16:30:00.0,2014-04-02 17:00:00.0,25.86416541878243791074964974541217088699,,degree Celsius,Version 1.0,Temperature Mean (NEON.DOC.000646),Level-1 FIU measurement stream readout type
2014-04-02 16:30:00.0,2014-04-02 17:00:00.0,1800,,none,Version 1.0,Number of points used in data product mean value,Level-1 FIU measurement stream readout type
2014-04-02 17:00:00.0,2014-04-02 17:30:00.0,0.0315356354679811393126875884718174347653,,degree Celsius,Version 1.0,Temperature Expanded Uncertainty (NEON.DOC.000646),Level-1 FIU measurement stream readout type
2014-04-02 17:00:00.0,2014-04-02 17:30:00.0,0.015122648068423732645171320143617776921,,degree Celsius,Version 1.0,Temperature Standard Error  (NEON.DOC.000652),Level-1 FIU measurement stream readout type
2014-04-02 17:00:00.0,2014-04-02 17:30:00.0,26.50938489789523089257272658869624137878,,degree Celsius,Version 1.0,Temperature Mean (NEON.DOC.000646),Level-1 FIU measurement stream readout type
2014-04-02 17:00:00.0,2014-04-02 17:30:00.0,1800,,none,Version 1.0,Number of points used in data product mean value,Level-1 FIU measurement stream readout type
2014-04-02 17:30:00.0,2014-04-02 18:00:00.0,0.025377973397345637146527153049646585714,,degree Celsius,Version 1.0,Temperature Expanded Uncertainty (NEON.DOC.000646),Level-1 FIU measurement stream readout type
2014-04-02 17:30:00.0,2014-04-02 18:00:00.0,1800,,none,Version 1.0,Number of points used in data product mean value,Level-1 FIU measurement stream readout type
2014-04-02 17:30:00.0,2014-04-02 18:00:00.0,26.89324217588179166682493814732879400253,,degree Celsius,Version 1.0,Temperature Mean (NEON.DOC.000646),Level-1 FIU measurement stream readout type
2014-04-02 17:30:00.0,2014-04-02 18:00:00.0,0.0118195435782733806323596681409071607049,,degree Celsius,Version 1.0,Temperature Standard Error  (NEON.DOC.000652),Level-1 FIU measurement stream readout type
2014-04-02 18:00:00.0,2014-04-02 18:30:00.0,1800,,none,Version 1.0,Number of points used in data product mean value,Level-1 FIU measurement stream readout type
2014-04-02 18:00:00.0,2014-04-02 18:30:00.0,27.56088018826509156156134849879890680313,,degree Celsius,Version 1.0,Temperature Mean (NEON.DOC.000646),Level-1 FIU measurement stream readout type
2014-04-02 18:00:00.0,2014-04-02 18:30:00.0,0.009668336708977095378392263569367059972137,,degree Celsius,Version 1.0,Temperature Standard Error  (NEON.DOC.000652),Level-1 FIU measurement stream readout type
2014-04-02 18:00:00.0,2014-04-02 18:30:00.0,0.0214974822158880279898696130658208858221,,degree Celsius,Version 1.0,Temperature Expanded Uncertainty (NEON.DOC.000646),Level-1 FIU measurement stream readout type
2014-04-02 18:30:00.0,2014-04-02 19:00:00.0,0.0313759838140994715138809567633870756253,,degree Celsius,Version 1.0,Temperature Expanded Uncertainty (NEON.DOC.000646),Level-1 FIU measurement stream readout type
2014-04-02 18:30:00.0,2014-04-02 19:00:00.0,0.015034063574318294598253231697526643984,,degree Celsius,Version 1.0,Temperature Standard Error  (NEON.DOC.000652),Level-1 FIU measurement stream readout type
2014-04-02 18:30:00.0,2014-04-02 19:00:00.0,28.07531073529723997239671007264405488967,,degree Celsius,Version 1.0,Temperature Mean (NEON.DOC.000646),Level-1 FIU measurement stream readout type
2014-04-02 18:30:00.0,2014-04-02 19:00:00.0,1800,,none,Version 1.0,Number of points used in data product mean value,Level-1 FIU measurement stream readout type
2014-04-02 19:00:00.0,2014-04-02 19:30:00.0,0.0309743594989372074410827195833917357958,,degree Celsius,Version 1.0,Temperature Expanded Uncertainty (NEON.DOC.000646),Level-1 FIU measurement stream readout type
2014-04-02 19:00:00.0,2014-04-02 19:30:00.0,28.38280874481063520420320855919271707534,,degree Celsius,Version 1.0,Temperature Mean (NEON.DOC.000646),Level-1 FIU measurement stream readout type
2014-04-02 19:00:00.0,2014-04-02 19:30:00.0,1800,,none,Version 1.0,Number of points used in data product mean value,Level-1 FIU measurement stream readout type
2014-04-02 19:00:00.0,2014-04-02 19:30:00.0,0.0148208686788045950616377055553130048792,,degree Celsius,Version 1.0,Temperature Standard Error  (NEON.DOC.000652),Level-1 FIU measurement stream readout type
2014-04-02 19:30:00.0,2014-04-02 20:00:00.0,0.0107069179931837381997139502232130325865,,degree Celsius,Version 1.0,Temperature Standard Error  (NEON.DOC.000652),Level-1 FIU measurement stream readout type
2014-04-02 19:30:00.0,2014-04-02 20:00:00.0,0.0233704992139386023841662876066038734279,,degree Celsius,Version 1.0,Temperature Expanded Uncertainty (NEON.DOC.000646),Level-1 FIU measurement stream readout type
2014-04-02 19:30:00.0,2014-04-02 20:00:00.0,28.89448989555546631891047582030296325683,,degree Celsius,Version 1.0,Temperature Mean (NEON.DOC.000646),Level-1 FIU measurement stream readout type
2014-04-02 19:30:00.0,2014-04-02 20:00:00.0,1800,,none,Version 1.0,Number of points used in data product mean value,Level-1 FIU measurement stream readout type
2014-04-02 20:00:00.0,2014-04-02 20:30:00.0,1800,,none,Version 1.0,Number of points used in data product mean value,Level-1 FIU measurement stream readout type
2014-04-02 20:00:00.0,2014-04-02 20:30:00.0,0.0100633238938377476273666744077672774437,,degree Celsius,Version 1.0,Temperature Standard Error  (NEON.DOC.000652),Level-1 FIU measurement stream readout type
2014-04-02 20:00:00.0,2014-04-02 20:30:00.0,28.81651897399430595214653294533491134643,,degree Celsius,Version 1.0,Temperature Mean (NEON.DOC.000646),Level-1 FIU measurement stream readout type
2014-04-02 20:00:00.0,2014-04-02 20:30:00.0,0.022213975395070657131713076637424819637,,degree Celsius,Version 1.0,Temperature Expanded Uncertainty (NEON.DOC.000646),Level-1 FIU measurement stream readout type
2014-04-02 20:30:00.0,2014-04-02 21:00:00.0,0.0220131654155247408199969072484236676245,,degree Celsius,Version 1.0,Temperature Expanded Uncertainty (NEON.DOC.000646),Level-1 FIU measurement stream readout type
2014-04-02 20:30:00.0,2014-04-02 21:00:00.0,0.009950789905345029662253608648825320415198,,degree Celsius,Version 1.0,Temperature Standard Error  (NEON.DOC.000652),Level-1 FIU measurement stream readout type
2014-04-02 20:30:00.0,2014-04-02 21:00:00.0,28.97956823921554203593586862552911043167,,degree Celsius,Version 1.0,Temperature Mean (NEON.DOC.000646),Level-1 FIU measurement stream readout type
2014-04-02 20:30:00.0,2014-04-02 21:00:00.0,1800,,none,Version 1.0,Number of points used in data product mean value,Level-1 FIU measurement stream readout type
2014-04-02 21:00:00.0,2014-04-02 21:30:00.0,0.0199976206554075691679273063527944032102,,degree Celsius,Version 1.0,Temperature Expanded Uncertainty (NEON.DOC.000646),Level-1 FIU measurement stream readout type
2014-04-02 21:00:00.0,2014-04-02 21:30:00.0,29.13912109617072232481405080761760473251,,degree Celsius,Version 1.0,Temperature Mean (NEON.DOC.000646),Level-1 FIU measurement stream readout type
2014-04-02 21:00:00.0,2014-04-02 21:30:00.0,0.008801426060152172520245628106749791186302,,degree Celsius,Version 1.0,Temperature Standard Error  (NEON.DOC.000652),Level-1 FIU measurement stream readout type
2014-04-02 21:00:00.0,2014-04-02 21:30:00.0,1800,,none,Version 1.0,Number of points used in data product mean value,Level-1 FIU measurement stream readout type
2014-04-02 21:30:00.0,2014-04-02 22:00:00.0,1800,,none,Version 1.0,Number of points used in data product mean value,Level-1 FIU measurement stream readout type
2014-04-02 21:30:00.0,2014-04-02 22:00:00.0,0.0155952451535560678019809444094789796508,,degree Celsius,Version 1.0,Temperature Expanded Uncertainty (NEON.DOC.000646),Level-1 FIU measurement stream readout type
2014-04-02 21:30:00.0,2014-04-02 22:00:00.0,28.88472279832560118961737316567450761795,,degree Celsius,Version 1.0,Temperature Mean (NEON.DOC.000646),Level-1 FIU measurement stream readout type
2014-04-02 21:30:00.0,2014-04-02 22:00:00.0,0.006145195810876926366395078815685337758623,,degree Celsius,Version 1.0,Temperature Standard Error  (NEON.DOC.000652),Level-1 FIU measurement stream readout type
2014-04-02 22:00:00.0,2014-04-02 22:30:00.0,0.0122827174483527735981969186696005635894,,degree Celsius,Version 1.0,Temperature Expanded Uncertainty (NEON.DOC.000646),Level-1 FIU measurement stream readout type
2014-04-02 22:00:00.0,2014-04-02 22:30:00.0,0.003788946270889633708561783365098563081119,,degree Celsius,Version 1.0,Temperature Standard Error  (NEON.DOC.000652),Level-1 FIU measurement stream readout type
2014-04-02 22:00:00.0,2014-04-02 22:30:00.0,1800,,none,Version 1.0,Number of points used in data product mean value,Level-1 FIU measurement stream readout type
2014-04-02 22:00:00.0,2014-04-02 22:30:00.0,28.34769268944427267342689447104930877685,,degree Celsius,Version 1.0,Temperature Mean (NEON.DOC.000646),Level-1 FIU measurement stream readout type
2014-04-02 22:30:00.0,2014-04-02 23:00:00.0,27.97663067175855289292485394980758428573,,degree Celsius,Version 1.0,Temperature Mean (NEON.DOC.000646),Level-1 FIU measurement stream readout type
2014-04-02 22:30:00.0,2014-04-02 23:00:00.0,0.003580175825503593110832323276326860650442,,degree Celsius,Version 1.0,Temperature Standard Error  (NEON.DOC.000652),Level-1 FIU measurement stream readout type
2014-04-02 22:30:00.0,2014-04-02 23:00:00.0,1800,,none,Version 1.0,Number of points used in data product mean value,Level-1 FIU measurement stream readout type
2014-04-02 22:30:00.0,2014-04-02 23:00:00.0,0.0120240062244487515286106571466007153503,,degree Celsius,Version 1.0,Temperature Expanded Uncertainty (NEON.DOC.000646),Level-1 FIU measurement stream readout type
2014-04-02 23:00:00.0,2014-04-02 23:30:00.0,0.019915869442180256926322456934030924458,,degree Celsius,Version 1.0,Temperature Standard Error  (NEON.DOC.000652),Level-1 FIU measurement stream readout type
2014-04-02 23:00:00.0,2014-04-02 23:30:00.0,1800,,none,Version 1.0,Number of points used in data product mean value,Level-1 FIU measurement stream readout type
2014-04-02 23:00:00.0,2014-04-02 23:30:00.0,26.39063828080196216774311324115842580795,,degree Celsius,Version 1.0,Temperature Mean (NEON.DOC.000646),Level-1 FIU measurement stream readout type
2014-04-02 23:00:00.0,2014-04-02 23:30:00.0,0.0406821800229740168641789921366580529138,,degree Celsius,Version 1.0,Temperature Expanded Uncertainty (NEON.DOC.000646),Level-1 FIU measurement stream readout type
2014-04-02 23:30:00.0,2014-04-03 00:00:00.0,23.47357938569579971499479142948985099792,,degree Celsius,Version 1.0,Temperature Mean (NEON.DOC.000646),Level-1 FIU measurement stream readout type
2014-04-02 23:30:00.0,2014-04-03 00:00:00.0,1800,,none,Version 1.0,Number of points used in data product mean value,Level-1 FIU measurement stream readout type
2014-04-02 23:30:00.0,2014-04-03 00:00:00.0,0.0196059651489641530164309557449087151326,,degree Celsius,Version 1.0,Temperature Standard Error  (NEON.DOC.000652),Level-1 FIU measurement stream readout type
2014-04-02 23:30:00.0,2014-04-03 00:00:00.0,0.0400704661850910734410824431961373193189,,degree Celsius,Version 1.0,Temperature Expanded Uncertainty (NEON.DOC.000646),Level-1 FIU measurement stream readout type
2014-04-03 00:00:00.0,2014-04-03 00:30:00.0,1800,,none,Version 1.0,Number of points used in data product mean value,Level-1 FIU measurement stream readout type
2014-04-03 00:00:00.0,2014-04-03 00:30:00.0,0.005966637589656363996337695709826220991089,,degree Celsius,Version 1.0,Temperature Standard Error  (NEON.DOC.000652),Level-1 FIU measurement stream readout type
2014-04-03 00:00:00.0,2014-04-03 00:30:00.0,0.0152388002900032595160473292139613477047,,degree Celsius,Version 1.0,Temperature Expanded Uncertainty (NEON.DOC.000646),Level-1 FIU measurement stream readout type
2014-04-03 00:00:00.0,2014-04-03 00:30:00.0,23.24644394482271536617190577089786529541,,degree Celsius,Version 1.0,Temperature Mean (NEON.DOC.000646),Level-1 FIU measurement stream readout type
