# Data from NEON Inc.
# These data are provided under the terms of the NEON data policy included in this data download.
# Data Product ID: NEON.D03.CS1.DP1.00002.001.002.001.002
# Data Product Name: 30 minutes minimum temperature tower level 1
# Site: Ordway-Swisher Biological Station Site, CORE (FL)
# Geographic coordinates (lat/long): 29.68927/-81.99343
# Domain: Domain 03
# Query Citation Code: E84311018FEB4D63B42F74C58C4DC9C3
# Date-Time of Query Submission: 2014-07-10 14:23 (UTC)
# Start Date-Time for Data: 2014-04-02 00:00 (UTC)
# End Date-Time for Data: 2014-04-03 00:00 (UTC)
# 
### Sensor Metadata Below
### Sensor information: Thermometrics Climate RTD 100  Omega  Probe and Met One 076B aspirated radiation shield
### Units: deg C
### Sampling Rate (Hz): 1
### Assembly repeatability (precision) in deg C: 0.0025
### Assembly refers to the sensor(s) and relevant components (e.g. DAS); here repeatability represents the maximum expected assembly noise given at 95% confidence.
### Boom Level: 1
### Height Above Ground Level (m): 0.41
### Lat/Lon: 29.68923562/-81.99340703
### Threshold For Range test (Hard): min:  -89.2 (deg C) max:  56.7 (deg C)
### Threshold for Range test (soft): min: -27.2 (deg C) max: 44.4 (deg C)
### Threshold For Step test: 0.5 (deg C)
#
Start Date,End Date,Data 1,Data 2,Units,Readout Version,Value Name,Measurement Readout Type Name
2014-04-02 00:00:00.0,2014-04-02 00:30:00.0,15.47230874852815141196060721995308995246,,degree Celsius,Version 1.0,Temperature Min (NEON.DOC.000646),Level-1 FIU measurement stream readout type
2014-04-02 00:30:00.0,2014-04-02 01:00:00.0,14.81662690428342976645126327639445662498,,degree Celsius,Version 1.0,Temperature Min (NEON.DOC.000646),Level-1 FIU measurement stream readout type
2014-04-02 01:00:00.0,2014-04-02 01:30:00.0,14.62625015741913259148532233666628599166,,degree Celsius,Version 1.0,Temperature Min (NEON.DOC.000646),Level-1 FIU measurement stream readout type
2014-04-02 01:30:00.0,2014-04-02 02:00:00.0,14.35044640887966238551598507910966873168,,degree Celsius,Version 1.0,Temperature Min (NEON.DOC.000646),Level-1 FIU measurement stream readout type
2014-04-02 02:00:00.0,2014-04-02 02:30:00.0,15.56811452506413218088709982112050056457,,degree Celsius,Version 1.0,Temperature Min (NEON.DOC.000646),Level-1 FIU measurement stream readout type
2014-04-02 02:30:00.0,2014-04-02 03:00:00.0,12.83375466115725949123316240729764103889,,degree Celsius,Version 1.0,Temperature Min (NEON.DOC.000646),Level-1 FIU measurement stream readout type
2014-04-02 03:00:00.0,2014-04-02 03:30:00.0,12.14350218944437287404980452265590429306,,degree Celsius,Version 1.0,Temperature Min (NEON.DOC.000646),Level-1 FIU measurement stream readout type
2014-04-02 03:30:00.0,2014-04-02 04:00:00.0,11.6490751151068092639206952298991382122,,degree Celsius,Version 1.0,Temperature Min (NEON.DOC.000646),Level-1 FIU measurement stream readout type
2014-04-02 04:00:00.0,2014-04-02 04:30:00.0,11.33703002240670087985563441179692745208,,degree Celsius,Version 1.0,Temperature Min (NEON.DOC.000646),Level-1 FIU measurement stream readout type
2014-04-02 04:30:00.0,2014-04-02 05:00:00.0,10.7608350348277319596945744706317782402,,degree Celsius,Version 1.0,Temperature Min (NEON.DOC.000646),Level-1 FIU measurement stream readout type
2014-04-02 05:00:00.0,2014-04-02 05:30:00.0,10.25906041006475000187947443919256329536,,degree Celsius,Version 1.0,Temperature Min (NEON.DOC.000646),Level-1 FIU measurement stream readout type
2014-04-02 05:30:00.0,2014-04-02 06:00:00.0,9.86237191974023019724882033187896013259,,degree Celsius,Version 1.0,Temperature Min (NEON.DOC.000646),Level-1 FIU measurement stream readout type
2014-04-02 06:00:00.0,2014-04-02 06:30:00.0,9.68340126444697624208401975920423865318,,degree Celsius,Version 1.0,Temperature Min (NEON.DOC.000646),Level-1 FIU measurement stream readout type
2014-04-02 06:30:00.0,2014-04-02 07:00:00.0,9.51950723623929206951288506388664245605,,degree Celsius,Version 1.0,Temperature Min (NEON.DOC.000646),Level-1 FIU measurement stream readout type
2014-04-02 07:00:00.0,2014-04-02 07:30:00.0,9.28845960976888918025906605180352926254,,degree Celsius,Version 1.0,Temperature Min (NEON.DOC.000646),Level-1 FIU measurement stream readout type
2014-04-02 07:30:00.0,2014-04-02 08:00:00.0,9.26327143450669510116313176695257425308,,degree Celsius,Version 1.0,Temperature Min (NEON.DOC.000646),Level-1 FIU measurement stream readout type
2014-04-02 08:00:00.0,2014-04-02 08:30:00.0,9.24906752643171437000546575291082262992,,degree Celsius,Version 1.0,Temperature Min (NEON.DOC.000646),Level-1 FIU measurement stream readout type
2014-04-02 08:30:00.0,2014-04-02 09:00:00.0,9.02898381300951591299508436350151896476,,degree Celsius,Version 1.0,Temperature Min (NEON.DOC.000646),Level-1 FIU measurement stream readout type
2014-04-02 09:00:00.0,2014-04-02 09:30:00.0,8.73425676035443743217001610901206731796,,degree Celsius,Version 1.0,Temperature Min (NEON.DOC.000646),Level-1 FIU measurement stream readout type
2014-04-02 09:30:00.0,2014-04-02 10:00:00.0,8.56252698013120294717737124301493167877,,degree Celsius,Version 1.0,Temperature Min (NEON.DOC.000646),Level-1 FIU measurement stream readout type
2014-04-02 10:00:00.0,2014-04-02 10:30:00.0,8.46233963568985458891802409198135137557,,degree Celsius,Version 1.0,Temperature Min (NEON.DOC.000646),Level-1 FIU measurement stream readout type
2014-04-02 10:30:00.0,2014-04-02 11:00:00.0,8.54813176568183230585873388918116688728,,degree Celsius,Version 1.0,Temperature Min (NEON.DOC.000646),Level-1 FIU measurement stream readout type
2014-04-02 11:00:00.0,2014-04-02 11:30:00.0,8.56586371287327708046177576761692762374,,degree Celsius,Version 1.0,Temperature Min (NEON.DOC.000646),Level-1 FIU measurement stream readout type
2014-04-02 11:30:00.0,2014-04-02 12:00:00.0,8.86935430552760983857751853065565228462,,degree Celsius,Version 1.0,Temperature Min (NEON.DOC.000646),Level-1 FIU measurement stream readout type
2014-04-02 12:00:00.0,2014-04-02 12:30:00.0,10.34915364361955525396297161933034658432,,degree Celsius,Version 1.0,Temperature Min (NEON.DOC.000646),Level-1 FIU measurement stream readout type
2014-04-02 12:30:00.0,2014-04-02 13:00:00.0,12.72669948961383390440005314303562045097,,degree Celsius,Version 1.0,Temperature Min (NEON.DOC.000646),Level-1 FIU measurement stream readout type
2014-04-02 13:00:00.0,2014-04-02 13:30:00.0,17.08392638686823516991353244520723819732,,degree Celsius,Version 1.0,Temperature Min (NEON.DOC.000646),Level-1 FIU measurement stream readout type
2014-04-02 13:30:00.0,2014-04-02 14:00:00.0,19.50721774449129242157141561619937419891,,degree Celsius,Version 1.0,Temperature Min (NEON.DOC.000646),Level-1 FIU measurement stream readout type
2014-04-02 14:00:00.0,2014-04-02 14:30:00.0,20.7741443887237409171575563959777355194,,degree Celsius,Version 1.0,Temperature Min (NEON.DOC.000646),Level-1 FIU measurement stream readout type
2014-04-02 14:30:00.0,2014-04-02 15:00:00.0,23.25109349569256877998668642248958349227,,degree Celsius,Version 1.0,Temperature Min (NEON.DOC.000646),Level-1 FIU measurement stream readout type
2014-04-02 15:00:00.0,2014-04-02 15:30:00.0,24.43265244568690519599840627051889896392,,degree Celsius,Version 1.0,Temperature Min (NEON.DOC.000646),Level-1 FIU measurement stream readout type
2014-04-02 15:30:00.0,2014-04-02 16:00:00.0,24.80554454726648572204794618301093578338,,degree Celsius,Version 1.0,Temperature Min (NEON.DOC.000646),Level-1 FIU measurement stream readout type
2014-04-02 16:00:00.0,2014-04-02 16:30:00.0,25.79987308833069903357682051137089729309,,degree Celsius,Version 1.0,Temperature Min (NEON.DOC.000646),Level-1 FIU measurement stream readout type
2014-04-02 16:30:00.0,2014-04-02 17:00:00.0,26.21869129120651109587925020605325698852,,degree Celsius,Version 1.0,Temperature Min (NEON.DOC.000646),Level-1 FIU measurement stream readout type
2014-04-02 17:00:00.0,2014-04-02 17:30:00.0,26.33028237710944807759005925618112087249,,degree Celsius,Version 1.0,Temperature Min (NEON.DOC.000646),Level-1 FIU measurement stream readout type
2014-04-02 17:30:00.0,2014-04-02 18:00:00.0,26.41057649261385265049284498672932386398,,degree Celsius,Version 1.0,Temperature Min (NEON.DOC.000646),Level-1 FIU measurement stream readout type
2014-04-02 18:00:00.0,2014-04-02 18:30:00.0,27.52038848257407011033137678168714046478,,degree Celsius,Version 1.0,Temperature Min (NEON.DOC.000646),Level-1 FIU measurement stream readout type
2014-04-02 18:30:00.0,2014-04-02 19:00:00.0,28.26086092518156434039156010840088129043,,degree Celsius,Version 1.0,Temperature Min (NEON.DOC.000646),Level-1 FIU measurement stream readout type
2014-04-02 19:00:00.0,2014-04-02 19:30:00.0,28.05688143319067862080373743083328008651,,degree Celsius,Version 1.0,Temperature Min (NEON.DOC.000646),Level-1 FIU measurement stream readout type
2014-04-02 19:30:00.0,2014-04-02 20:00:00.0,29.23943718263619118147289555054157972335,,degree Celsius,Version 1.0,Temperature Min (NEON.DOC.000646),Level-1 FIU measurement stream readout type
2014-04-02 20:00:00.0,2014-04-02 20:30:00.0,29.37095645927497855609544785693287849426,,degree Celsius,Version 1.0,Temperature Min (NEON.DOC.000646),Level-1 FIU measurement stream readout type
2014-04-02 20:30:00.0,2014-04-02 21:00:00.0,29.82870150371718409587629139423370361328,,degree Celsius,Version 1.0,Temperature Min (NEON.DOC.000646),Level-1 FIU measurement stream readout type
2014-04-02 21:00:00.0,2014-04-02 21:30:00.0,29.92199815780248783880779228638857603073,,degree Celsius,Version 1.0,Temperature Min (NEON.DOC.000646),Level-1 FIU measurement stream readout type
2014-04-02 21:30:00.0,2014-04-02 22:00:00.0,28.84973910234882055192429106682538986206,,degree Celsius,Version 1.0,Temperature Min (NEON.DOC.000646),Level-1 FIU measurement stream readout type
2014-04-02 22:00:00.0,2014-04-02 22:30:00.0,28.30562352296418282548984279856085777282,,degree Celsius,Version 1.0,Temperature Min (NEON.DOC.000646),Level-1 FIU measurement stream readout type
2014-04-02 22:30:00.0,2014-04-02 23:00:00.0,27.70724636207698665657517267391085624694,,degree Celsius,Version 1.0,Temperature Min (NEON.DOC.000646),Level-1 FIU measurement stream readout type
2014-04-02 23:00:00.0,2014-04-02 23:30:00.0,21.70628078771203561814218119252473115921,,degree Celsius,Version 1.0,Temperature Min (NEON.DOC.000646),Level-1 FIU measurement stream readout type
2014-04-02 23:30:00.0,2014-04-03 00:00:00.0,19.51133000282364449162741948384791612625,,degree Celsius,Version 1.0,Temperature Min (NEON.DOC.000646),Level-1 FIU measurement stream readout type
2014-04-03 00:00:00.0,2014-04-03 00:30:00.0,20.75589784502079382377814908977597951889,,degree Celsius,Version 1.0,Temperature Min (NEON.DOC.000646),Level-1 FIU measurement stream readout type
