# Data from NEON Inc.
# These data are provided under the terms of the NEON data policy included in this data download.
# Data Product ID: NEON.D10.RS1.DP1.00002.001.001.002.002
# Data Product Name: 30 minutes mean temperature tower level 2
# Site: Sterling Site, RELOCATABLE (CO)
# Geographic coordinates (lat/long): 40.4619/-103.0293
# Domain: Domain 10
# Query Citation Code: 8F1ADE0018B74FAF9F43D4B53FB5D477
# Date-Time of Query Submission: 2014-07-09 19:52 (UTC)
# Start Date-Time for Data: 2014-04-01 00:00 (UTC)
# End Date-Time for Data: 2014-04-02 00:00 (UTC)
# 
### Sensor Metadata Below
### Sensor information: Thermometrics Climate RTD 100  Omega  Probe and Met One 076B aspirated radiation shield
### Units: deg C
### Sampling Rate (Hz): 1
### Assembly repeatability (precision) in deg C: 0.0025
### Assembly refers to the sensor(s) and relevant components (e.g. DAS); here repeatability represents the maximum expected assembly noise given at 95% confidence.
### Boom Level: 2
### Height Above Ground Level (m): 1.497
### Lat/Lon: 40.46187291/-103.0293535
### Threshold For Range test (Hard): min:  -89.2 (deg C) max:  56.7 (deg C)
### Threshold for Range test (soft): min: -54.4 (deg C) max: 46.1 (deg C)
### Threshold For Step test: 0.5 (deg C)
#
Start Date,End Date,Data 1,Data 2,Units,Readout Version,Value Name,Measurement Readout Type Name
2014-04-01 00:00:00.0,2014-04-01 00:30:00.0,0.006226739647539982804025360252353493706323,,degree Celsius,Version 1.0,Temperature Standard Error  (NEON.DOC.000652),Temperature Mean measurement stream value type (NEON.DOC.000646)
2014-04-01 00:00:00.0,2014-04-01 00:30:00.0,1800,,none,Version 1.0,Number of points used in data product mean value,Temperature Mean measurement stream value type (NEON.DOC.000646)
2014-04-01 00:00:00.0,2014-04-01 00:30:00.0,0.0154089931973561446165721378065427416004,,degree Celsius,Version 1.0,Temperature Expanded Uncertainty (NEON.DOC.000646),Temperature Mean measurement stream value type (NEON.DOC.000646)
2014-04-01 00:00:00.0,2014-04-01 00:30:00.0,5.96517480435359725987609635922126471996,,degree Celsius,Version 1.0,Temperature Mean (NEON.DOC.000646),Temperature Mean measurement stream value type (NEON.DOC.000646)
2014-04-01 00:30:00.0,2014-04-01 01:00:00.0,0.0217529949714005896299617859313002554699,,degree Celsius,Version 1.0,Temperature Expanded Uncertainty (NEON.DOC.000646),Temperature Mean measurement stream value type (NEON.DOC.000646)
2014-04-01 00:30:00.0,2014-04-01 01:00:00.0,1800,,none,Version 1.0,Number of points used in data product mean value,Temperature Mean measurement stream value type (NEON.DOC.000646)
2014-04-01 00:30:00.0,2014-04-01 01:00:00.0,0.009938035574653806755729412714117643190547,,degree Celsius,Version 1.0,Temperature Standard Error  (NEON.DOC.000652),Temperature Mean measurement stream value type (NEON.DOC.000646)
2014-04-01 00:30:00.0,2014-04-01 01:00:00.0,4.81830658342341511257700403803028166294,,degree Celsius,Version 1.0,Temperature Mean (NEON.DOC.000646),Temperature Mean measurement stream value type (NEON.DOC.000646)
2014-04-01 01:00:00.0,2014-04-01 01:30:00.0,3.34616652337538766914804000407457351684,,degree Celsius,Version 1.0,Temperature Mean (NEON.DOC.000646),Temperature Mean measurement stream value type (NEON.DOC.000646)
2014-04-01 01:00:00.0,2014-04-01 01:30:00.0,1800,,none,Version 1.0,Number of points used in data product mean value,Temperature Mean measurement stream value type (NEON.DOC.000646)
2014-04-01 01:00:00.0,2014-04-01 01:30:00.0,0.008808820659446669337766522289712156634777,,degree Celsius,Version 1.0,Temperature Standard Error  (NEON.DOC.000652),Temperature Mean measurement stream value type (NEON.DOC.000646)
2014-04-01 01:00:00.0,2014-04-01 01:30:00.0,0.0197305673151573733592467618791488348506,,degree Celsius,Version 1.0,Temperature Expanded Uncertainty (NEON.DOC.000646),Temperature Mean measurement stream value type (NEON.DOC.000646)
2014-04-01 01:30:00.0,2014-04-01 02:00:00.0,1800,,none,Version 1.0,Number of points used in data product mean value,Temperature Mean measurement stream value type (NEON.DOC.000646)
2014-04-01 01:30:00.0,2014-04-01 02:00:00.0,0.006655445591349928510793709790505090495571,,degree Celsius,Version 1.0,Temperature Standard Error  (NEON.DOC.000652),Temperature Mean measurement stream value type (NEON.DOC.000646)
2014-04-01 01:30:00.0,2014-04-01 02:00:00.0,2.1912145814250423292435243638465180993,,degree Celsius,Version 1.0,Temperature Mean (NEON.DOC.000646),Temperature Mean measurement stream value type (NEON.DOC.000646)
2014-04-01 01:30:00.0,2014-04-01 02:00:00.0,0.016051831820411359419420449512472259812,,degree Celsius,Version 1.0,Temperature Expanded Uncertainty (NEON.DOC.000646),Temperature Mean measurement stream value type (NEON.DOC.000646)
2014-04-01 02:00:00.0,2014-04-01 02:30:00.0,1800,,none,Version 1.0,Number of points used in data product mean value,Temperature Mean measurement stream value type (NEON.DOC.000646)
2014-04-01 02:00:00.0,2014-04-01 02:30:00.0,1.3047225034322984527079825056716799736,,degree Celsius,Version 1.0,Temperature Mean (NEON.DOC.000646),Temperature Mean measurement stream value type (NEON.DOC.000646)
2014-04-01 02:00:00.0,2014-04-01 02:30:00.0,0.006564700689649341676379368237803646479733,,degree Celsius,Version 1.0,Temperature Standard Error  (NEON.DOC.000652),Temperature Mean measurement stream value type (NEON.DOC.000646)
2014-04-01 02:00:00.0,2014-04-01 02:30:00.0,0.0158915122742775138942050716650555841624,,degree Celsius,Version 1.0,Temperature Expanded Uncertainty (NEON.DOC.000646),Temperature Mean measurement stream value type (NEON.DOC.000646)
2014-04-01 02:30:00.0,2014-04-01 03:00:00.0,0.4620027546443827293209949402807978913187,,degree Celsius,Version 1.0,Temperature Mean (NEON.DOC.000646),Temperature Mean measurement stream value type (NEON.DOC.000646)
2014-04-01 02:30:00.0,2014-04-01 03:00:00.0,1800,,none,Version 1.0,Number of points used in data product mean value,Temperature Mean measurement stream value type (NEON.DOC.000646)
2014-04-01 02:30:00.0,2014-04-01 03:00:00.0,0.004664731642650543110006911007303642691113,,degree Celsius,Version 1.0,Temperature Standard Error  (NEON.DOC.000652),Temperature Mean measurement stream value type (NEON.DOC.000646)
2014-04-01 02:30:00.0,2014-04-01 03:00:00.0,0.0129704792169491323061691900875302962958,,degree Celsius,Version 1.0,Temperature Expanded Uncertainty (NEON.DOC.000646),Temperature Mean measurement stream value type (NEON.DOC.000646)
2014-04-01 03:00:00.0,2014-04-01 03:30:00.0,1800,,none,Version 1.0,Number of points used in data product mean value,Temperature Mean measurement stream value type (NEON.DOC.000646)
2014-04-01 03:00:00.0,2014-04-01 03:30:00.0,0.0156886175852023954102598679583024932071,,degree Celsius,Version 1.0,Temperature Expanded Uncertainty (NEON.DOC.000646),Temperature Mean measurement stream value type (NEON.DOC.000646)
2014-04-01 03:00:00.0,2014-04-01 03:30:00.0,0.006450061060222997584567838913471859996207,,degree Celsius,Version 1.0,Temperature Standard Error  (NEON.DOC.000652),Temperature Mean measurement stream value type (NEON.DOC.000646)
2014-04-01 03:00:00.0,2014-04-01 03:30:00.0,-0.1819594016480154952120074085542000830173,,degree Celsius,Version 1.0,Temperature Mean (NEON.DOC.000646),Temperature Mean measurement stream value type (NEON.DOC.000646)
2014-04-01 03:30:00.0,2014-04-01 04:00:00.0,0.007057588685242895468197055208747769938781,,degree Celsius,Version 1.0,Temperature Standard Error  (NEON.DOC.000652),Temperature Mean measurement stream value type (NEON.DOC.000646)
2014-04-01 03:30:00.0,2014-04-01 04:00:00.0,1800,,none,Version 1.0,Number of points used in data product mean value,Temperature Mean measurement stream value type (NEON.DOC.000646)
2014-04-01 03:30:00.0,2014-04-01 04:00:00.0,0.016675768813334976292672706676967209205,,degree Celsius,Version 1.0,Temperature Expanded Uncertainty (NEON.DOC.000646),Temperature Mean measurement stream value type (NEON.DOC.000646)
2014-04-01 03:30:00.0,2014-04-01 04:00:00.0,-1.08425212748462684864136917894938960671,,degree Celsius,Version 1.0,Temperature Mean (NEON.DOC.000646),Temperature Mean measurement stream value type (NEON.DOC.000646)
2014-04-01 04:00:00.0,2014-04-01 04:30:00.0,1800,,none,Version 1.0,Number of points used in data product mean value,Temperature Mean measurement stream value type (NEON.DOC.000646)
2014-04-01 04:00:00.0,2014-04-01 04:30:00.0,-1.32090695156584270186783669487340375781,,degree Celsius,Version 1.0,Temperature Mean (NEON.DOC.000646),Temperature Mean measurement stream value type (NEON.DOC.000646)
2014-04-01 04:00:00.0,2014-04-01 04:30:00.0,0.001880877936245525317363047612673199182609,,degree Celsius,Version 1.0,Temperature Standard Error  (NEON.DOC.000652),Temperature Mean measurement stream value type (NEON.DOC.000646)
2014-04-01 04:00:00.0,2014-04-01 04:30:00.0,0.009783035499998416623101959999075916130095,,degree Celsius,Version 1.0,Temperature Expanded Uncertainty (NEON.DOC.000646),Temperature Mean measurement stream value type (NEON.DOC.000646)
2014-04-01 04:30:00.0,2014-04-01 05:00:00.0,1800,,none,Version 1.0,Number of points used in data product mean value,Temperature Mean measurement stream value type (NEON.DOC.000646)
2014-04-01 04:30:00.0,2014-04-01 05:00:00.0,-1.6694174341038936493220035117701627314,,degree Celsius,Version 1.0,Temperature Mean (NEON.DOC.000646),Temperature Mean measurement stream value type (NEON.DOC.000646)
2014-04-01 04:30:00.0,2014-04-01 05:00:00.0,0.0128113318772849187759943490050318359863,,degree Celsius,Version 1.0,Temperature Expanded Uncertainty (NEON.DOC.000646),Temperature Mean measurement stream value type (NEON.DOC.000646)
2014-04-01 04:30:00.0,2014-04-01 05:00:00.0,0.00457564990566803123095418470711592817679,,degree Celsius,Version 1.0,Temperature Standard Error  (NEON.DOC.000652),Temperature Mean measurement stream value type (NEON.DOC.000646)
2014-04-01 05:00:00.0,2014-04-01 05:30:00.0,0.001771625126846966720439713327550634858198,,degree Celsius,Version 1.0,Temperature Standard Error  (NEON.DOC.000652),Temperature Mean measurement stream value type (NEON.DOC.000646)
2014-04-01 05:00:00.0,2014-04-01 05:30:00.0,-1.83772343339752786128826755884801968932,,degree Celsius,Version 1.0,Temperature Mean (NEON.DOC.000646),Temperature Mean measurement stream value type (NEON.DOC.000646)
2014-04-01 05:00:00.0,2014-04-01 05:30:00.0,0.009690517000521108384458734974487015279009,,degree Celsius,Version 1.0,Temperature Expanded Uncertainty (NEON.DOC.000646),Temperature Mean measurement stream value type (NEON.DOC.000646)
2014-04-01 05:00:00.0,2014-04-01 05:30:00.0,1800,,none,Version 1.0,Number of points used in data product mean value,Temperature Mean measurement stream value type (NEON.DOC.000646)
2014-04-01 05:30:00.0,2014-04-01 06:00:00.0,1800,,none,Version 1.0,Number of points used in data product mean value,Temperature Mean measurement stream value type (NEON.DOC.000646)
2014-04-01 05:30:00.0,2014-04-01 06:00:00.0,-1.93059364153208878889245170284993946552,,degree Celsius,Version 1.0,Temperature Mean (NEON.DOC.000646),Temperature Mean measurement stream value type (NEON.DOC.000646)
2014-04-01 05:30:00.0,2014-04-01 06:00:00.0,0.0108351737036458221907775367753856698982,,degree Celsius,Version 1.0,Temperature Expanded Uncertainty (NEON.DOC.000646),Temperature Mean measurement stream value type (NEON.DOC.000646)
2014-04-01 05:30:00.0,2014-04-01 06:00:00.0,0.003016499264423487189357153681612544460222,,degree Celsius,Version 1.0,Temperature Standard Error  (NEON.DOC.000652),Temperature Mean measurement stream value type (NEON.DOC.000646)
2014-04-01 06:00:00.0,2014-04-01 06:30:00.0,1800,,none,Version 1.0,Number of points used in data product mean value,Temperature Mean measurement stream value type (NEON.DOC.000646)
2014-04-01 06:00:00.0,2014-04-01 06:30:00.0,0.001628530603427723365619894657640998048009,,degree Celsius,Version 1.0,Temperature Standard Error  (NEON.DOC.000652),Temperature Mean measurement stream value type (NEON.DOC.000646)
2014-04-01 06:00:00.0,2014-04-01 06:30:00.0,0.009596957918062991657603966189071797998622,,degree Celsius,Version 1.0,Temperature Expanded Uncertainty (NEON.DOC.000646),Temperature Mean measurement stream value type (NEON.DOC.000646)
2014-04-01 06:00:00.0,2014-04-01 06:30:00.0,-1.56227961003215831681245617801323533058,,degree Celsius,Version 1.0,Temperature Mean (NEON.DOC.000646),Temperature Mean measurement stream value type (NEON.DOC.000646)
2014-04-01 06:30:00.0,2014-04-01 07:00:00.0,0.009784655546342330492692873633586714277043,,degree Celsius,Version 1.0,Temperature Expanded Uncertainty (NEON.DOC.000646),Temperature Mean measurement stream value type (NEON.DOC.000646)
2014-04-01 06:30:00.0,2014-04-01 07:00:00.0,1800,,none,Version 1.0,Number of points used in data product mean value,Temperature Mean measurement stream value type (NEON.DOC.000646)
2014-04-01 06:30:00.0,2014-04-01 07:00:00.0,0.001893207410289760765989552915300464519532,,degree Celsius,Version 1.0,Temperature Standard Error  (NEON.DOC.000652),Temperature Mean measurement stream value type (NEON.DOC.000646)
2014-04-01 06:30:00.0,2014-04-01 07:00:00.0,-1.66874529609794630680141835910035297274,,degree Celsius,Version 1.0,Temperature Mean (NEON.DOC.000646),Temperature Mean measurement stream value type (NEON.DOC.000646)
2014-04-01 07:00:00.0,2014-04-01 07:30:00.0,1800,,none,Version 1.0,Number of points used in data product mean value,Temperature Mean measurement stream value type (NEON.DOC.000646)
2014-04-01 07:00:00.0,2014-04-01 07:30:00.0,0.003352137031246751105312275953451717214193,,degree Celsius,Version 1.0,Temperature Standard Error  (NEON.DOC.000652),Temperature Mean measurement stream value type (NEON.DOC.000646)
2014-04-01 07:00:00.0,2014-04-01 07:30:00.0,-1.941075681664989449615177363739348948,,degree Celsius,Version 1.0,Temperature Mean (NEON.DOC.000646),Temperature Mean measurement stream value type (NEON.DOC.000646)
2014-04-01 07:00:00.0,2014-04-01 07:30:00.0,0.0112156697251431167194901661332551157101,,degree Celsius,Version 1.0,Temperature Expanded Uncertainty (NEON.DOC.000646),Temperature Mean measurement stream value type (NEON.DOC.000646)
2014-04-01 07:30:00.0,2014-04-01 08:00:00.0,1800,,none,Version 1.0,Number of points used in data product mean value,Temperature Mean measurement stream value type (NEON.DOC.000646)
2014-04-01 07:30:00.0,2014-04-01 08:00:00.0,0.0106396857373071557217869553824129980057,,degree Celsius,Version 1.0,Temperature Expanded Uncertainty (NEON.DOC.000646),Temperature Mean measurement stream value type (NEON.DOC.000646)
2014-04-01 07:30:00.0,2014-04-01 08:00:00.0,-2.05715277742987501241600512003060430288,,degree Celsius,Version 1.0,Temperature Mean (NEON.DOC.000646),Temperature Mean measurement stream value type (NEON.DOC.000646)
2014-04-01 07:30:00.0,2014-04-01 08:00:00.0,0.002837996313013934832070184199892537435516,,degree Celsius,Version 1.0,Temperature Standard Error  (NEON.DOC.000652),Temperature Mean measurement stream value type (NEON.DOC.000646)
2014-04-01 08:00:00.0,2014-04-01 08:30:00.0,0.006494660375494364090709353831698535941541,,degree Celsius,Version 1.0,Temperature Standard Error  (NEON.DOC.000652),Temperature Mean measurement stream value type (NEON.DOC.000646)
2014-04-01 08:00:00.0,2014-04-01 08:30:00.0,1800,,none,Version 1.0,Number of points used in data product mean value,Temperature Mean measurement stream value type (NEON.DOC.000646)
2014-04-01 08:00:00.0,2014-04-01 08:30:00.0,-2.52481951914361291144928145513404160737,,degree Celsius,Version 1.0,Temperature Mean (NEON.DOC.000646),Temperature Mean measurement stream value type (NEON.DOC.000646)
2014-04-01 08:00:00.0,2014-04-01 08:30:00.0,0.0157291457125628350577351000083581311628,,degree Celsius,Version 1.0,Temperature Expanded Uncertainty (NEON.DOC.000646),Temperature Mean measurement stream value type (NEON.DOC.000646)
2014-04-01 08:30:00.0,2014-04-01 09:00:00.0,0.003230312998220200015886405253695556893944,,degree Celsius,Version 1.0,Temperature Standard Error  (NEON.DOC.000652),Temperature Mean measurement stream value type (NEON.DOC.000646)
2014-04-01 08:30:00.0,2014-04-01 09:00:00.0,-2.88966609473774171945592570409644395112,,degree Celsius,Version 1.0,Temperature Mean (NEON.DOC.000646),Temperature Mean measurement stream value type (NEON.DOC.000646)
2014-04-01 08:30:00.0,2014-04-01 09:00:00.0,1800,,none,Version 1.0,Number of points used in data product mean value,Temperature Mean measurement stream value type (NEON.DOC.000646)
2014-04-01 08:30:00.0,2014-04-01 09:00:00.0,0.0110575477738943887123790332793760171625,,degree Celsius,Version 1.0,Temperature Expanded Uncertainty (NEON.DOC.000646),Temperature Mean measurement stream value type (NEON.DOC.000646)
2014-04-01 09:00:00.0,2014-04-01 09:30:00.0,-3.42292726637031741176997456932440400123,,degree Celsius,Version 1.0,Temperature Mean (NEON.DOC.000646),Temperature Mean measurement stream value type (NEON.DOC.000646)
2014-04-01 09:00:00.0,2014-04-01 09:30:00.0,1800,,none,Version 1.0,Number of points used in data product mean value,Temperature Mean measurement stream value type (NEON.DOC.000646)
2014-04-01 09:00:00.0,2014-04-01 09:30:00.0,0.0173361845686137716615604631442693062126,,degree Celsius,Version 1.0,Temperature Expanded Uncertainty (NEON.DOC.000646),Temperature Mean measurement stream value type (NEON.DOC.000646)
2014-04-01 09:00:00.0,2014-04-01 09:30:00.0,0.007466964613699676560354401289032466593198,,degree Celsius,Version 1.0,Temperature Standard Error  (NEON.DOC.000652),Temperature Mean measurement stream value type (NEON.DOC.000646)
2014-04-01 09:30:00.0,2014-04-01 10:00:00.0,0.006148120653222813487837061785512560163624,,degree Celsius,Version 1.0,Temperature Standard Error  (NEON.DOC.000652),Temperature Mean measurement stream value type (NEON.DOC.000646)
2014-04-01 09:30:00.0,2014-04-01 10:00:00.0,0.0151486651587468962310012443595041986554,,degree Celsius,Version 1.0,Temperature Expanded Uncertainty (NEON.DOC.000646),Temperature Mean measurement stream value type (NEON.DOC.000646)
2014-04-01 09:30:00.0,2014-04-01 10:00:00.0,-4.55241863961910731006810237886384129524,,degree Celsius,Version 1.0,Temperature Mean (NEON.DOC.000646),Temperature Mean measurement stream value type (NEON.DOC.000646)
2014-04-01 09:30:00.0,2014-04-01 10:00:00.0,1800,,none,Version 1.0,Number of points used in data product mean value,Temperature Mean measurement stream value type (NEON.DOC.000646)
2014-04-01 10:00:00.0,2014-04-01 10:30:00.0,1800,,none,Version 1.0,Number of points used in data product mean value,Temperature Mean measurement stream value type (NEON.DOC.000646)
2014-04-01 10:00:00.0,2014-04-01 10:30:00.0,-4.49123891811154063447020234889350831508,,degree Celsius,Version 1.0,Temperature Mean (NEON.DOC.000646),Temperature Mean measurement stream value type (NEON.DOC.000646)
2014-04-01 10:00:00.0,2014-04-01 10:30:00.0,0.005080746465543865310332538598458995693363,,degree Celsius,Version 1.0,Temperature Standard Error  (NEON.DOC.000652),Temperature Mean measurement stream value type (NEON.DOC.000646)
2014-04-01 10:00:00.0,2014-04-01 10:30:00.0,0.0134995374350098569504741163882499677129,,degree Celsius,Version 1.0,Temperature Expanded Uncertainty (NEON.DOC.000646),Temperature Mean measurement stream value type (NEON.DOC.000646)
2014-04-01 10:30:00.0,2014-04-01 11:00:00.0,1800,,none,Version 1.0,Number of points used in data product mean value,Temperature Mean measurement stream value type (NEON.DOC.000646)
2014-04-01 10:30:00.0,2014-04-01 11:00:00.0,-3.99200730842880346926904167048633098602,,degree Celsius,Version 1.0,Temperature Mean (NEON.DOC.000646),Temperature Mean measurement stream value type (NEON.DOC.000646)
2014-04-01 10:30:00.0,2014-04-01 11:00:00.0,0.002356422218924551174185078039613472355995,,degree Celsius,Version 1.0,Temperature Standard Error  (NEON.DOC.000652),Temperature Mean measurement stream value type (NEON.DOC.000646)
2014-04-01 10:30:00.0,2014-04-01 11:00:00.0,0.0101313267166089054222011256456426053773,,degree Celsius,Version 1.0,Temperature Expanded Uncertainty (NEON.DOC.000646),Temperature Mean measurement stream value type (NEON.DOC.000646)
2014-04-01 11:00:00.0,2014-04-01 11:30:00.0,0.000858361825635979049098356341573889949358,,degree Celsius,Version 1.0,Temperature Standard Error  (NEON.DOC.000652),Temperature Mean measurement stream value type (NEON.DOC.000646)
2014-04-01 11:00:00.0,2014-04-01 11:30:00.0,-3.65628893923713116365092901105526834726,,degree Celsius,Version 1.0,Temperature Mean (NEON.DOC.000646),Temperature Mean measurement stream value type (NEON.DOC.000646)
2014-04-01 11:00:00.0,2014-04-01 11:30:00.0,1800,,none,Version 1.0,Number of points used in data product mean value,Temperature Mean measurement stream value type (NEON.DOC.000646)
2014-04-01 11:00:00.0,2014-04-01 11:30:00.0,0.009150726456454878754431803145052981562912,,degree Celsius,Version 1.0,Temperature Expanded Uncertainty (NEON.DOC.000646),Temperature Mean measurement stream value type (NEON.DOC.000646)
2014-04-01 11:30:00.0,2014-04-01 12:00:00.0,0.00225426531075991311639517000742216623621,,degree Celsius,Version 1.0,Temperature Standard Error  (NEON.DOC.000652),Temperature Mean measurement stream value type (NEON.DOC.000646)
2014-04-01 11:30:00.0,2014-04-01 12:00:00.0,-3.73731346407698161726784746861085295677,,degree Celsius,Version 1.0,Temperature Mean (NEON.DOC.000646),Temperature Mean measurement stream value type (NEON.DOC.000646)
2014-04-01 11:30:00.0,2014-04-01 12:00:00.0,1800,,none,Version 1.0,Number of points used in data product mean value,Temperature Mean measurement stream value type (NEON.DOC.000646)
2014-04-01 11:30:00.0,2014-04-01 12:00:00.0,0.0100424112801078008888611137194857292342,,degree Celsius,Version 1.0,Temperature Expanded Uncertainty (NEON.DOC.000646),Temperature Mean measurement stream value type (NEON.DOC.000646)
2014-04-01 12:00:00.0,2014-04-01 12:30:00.0,0.000832587178123965205960022029074707461404,,degree Celsius,Version 1.0,Temperature Standard Error  (NEON.DOC.000652),Temperature Mean measurement stream value type (NEON.DOC.000646)
2014-04-01 12:00:00.0,2014-04-01 12:30:00.0,0.009139405223564978780759204823880281765013,,degree Celsius,Version 1.0,Temperature Expanded Uncertainty (NEON.DOC.000646),Temperature Mean measurement stream value type (NEON.DOC.000646)
2014-04-01 12:00:00.0,2014-04-01 12:30:00.0,1800,,none,Version 1.0,Number of points used in data product mean value,Temperature Mean measurement stream value type (NEON.DOC.000646)
2014-04-01 12:00:00.0,2014-04-01 12:30:00.0,-3.77642206999552554336219145625364035367,,degree Celsius,Version 1.0,Temperature Mean (NEON.DOC.000646),Temperature Mean measurement stream value type (NEON.DOC.000646)
2014-04-01 12:30:00.0,2014-04-01 13:00:00.0,0.001958058780859910519983602128490929317194,,degree Celsius,Version 1.0,Temperature Standard Error  (NEON.DOC.000652),Temperature Mean measurement stream value type (NEON.DOC.000646)
2014-04-01 12:30:00.0,2014-04-01 13:00:00.0,-3.93822657008898246999706316273659467697,,degree Celsius,Version 1.0,Temperature Mean (NEON.DOC.000646),Temperature Mean measurement stream value type (NEON.DOC.000646)
2014-04-01 12:30:00.0,2014-04-01 13:00:00.0,0.009789833015030618632024150826964614680036,,degree Celsius,Version 1.0,Temperature Expanded Uncertainty (NEON.DOC.000646),Temperature Mean measurement stream value type (NEON.DOC.000646)
2014-04-01 12:30:00.0,2014-04-01 13:00:00.0,1800,,none,Version 1.0,Number of points used in data product mean value,Temperature Mean measurement stream value type (NEON.DOC.000646)
2014-04-01 13:00:00.0,2014-04-01 13:30:00.0,0.006212549406877010751970580315628467360511,,degree Celsius,Version 1.0,Temperature Standard Error  (NEON.DOC.000652),Temperature Mean measurement stream value type (NEON.DOC.000646)
2014-04-01 13:00:00.0,2014-04-01 13:30:00.0,0.0152626077931458589698188177408155752345,,degree Celsius,Version 1.0,Temperature Expanded Uncertainty (NEON.DOC.000646),Temperature Mean measurement stream value type (NEON.DOC.000646)
2014-04-01 13:00:00.0,2014-04-01 13:30:00.0,-3.50731836671972319052770217240322381258,,degree Celsius,Version 1.0,Temperature Mean (NEON.DOC.000646),Temperature Mean measurement stream value type (NEON.DOC.000646)
2014-04-01 13:00:00.0,2014-04-01 13:30:00.0,1800,,none,Version 1.0,Number of points used in data product mean value,Temperature Mean measurement stream value type (NEON.DOC.000646)
2014-04-01 13:30:00.0,2014-04-01 14:00:00.0,1800,,none,Version 1.0,Number of points used in data product mean value,Temperature Mean measurement stream value type (NEON.DOC.000646)
2014-04-01 13:30:00.0,2014-04-01 14:00:00.0,0.0154009469130100690170692701030930038541,,degree Celsius,Version 1.0,Temperature Expanded Uncertainty (NEON.DOC.000646),Temperature Mean measurement stream value type (NEON.DOC.000646)
2014-04-01 13:30:00.0,2014-04-01 14:00:00.0,-2.83119204035994975754420011071488261222,,degree Celsius,Version 1.0,Temperature Mean (NEON.DOC.000646),Temperature Mean measurement stream value type (NEON.DOC.000646)
2014-04-01 13:30:00.0,2014-04-01 14:00:00.0,0.006292265553842904708681249559276693616993,,degree Celsius,Version 1.0,Temperature Standard Error  (NEON.DOC.000652),Temperature Mean measurement stream value type (NEON.DOC.000646)
2014-04-01 14:00:00.0,2014-04-01 14:30:00.0,-1.51581017171631993178948505374137312173,,degree Celsius,Version 1.0,Temperature Mean (NEON.DOC.000646),Temperature Mean measurement stream value type (NEON.DOC.000646)
2014-04-01 14:00:00.0,2014-04-01 14:30:00.0,1800,,none,Version 1.0,Number of points used in data product mean value,Temperature Mean measurement stream value type (NEON.DOC.000646)
2014-04-01 14:00:00.0,2014-04-01 14:30:00.0,0.0228956862976275182797181173555145505815,,degree Celsius,Version 1.0,Temperature Expanded Uncertainty (NEON.DOC.000646),Temperature Mean measurement stream value type (NEON.DOC.000646)
2014-04-01 14:00:00.0,2014-04-01 14:30:00.0,0.0105991949635556616249321137956940219737,,degree Celsius,Version 1.0,Temperature Standard Error  (NEON.DOC.000652),Temperature Mean measurement stream value type (NEON.DOC.000646)
2014-04-01 14:30:00.0,2014-04-01 15:00:00.0,-0.1015681020285554292392760089569492265582,,degree Celsius,Version 1.0,Temperature Mean (NEON.DOC.000646),Temperature Mean measurement stream value type (NEON.DOC.000646)
2014-04-01 14:30:00.0,2014-04-01 15:00:00.0,0.0189220453633745094856877244637871626764,,degree Celsius,Version 1.0,Temperature Expanded Uncertainty (NEON.DOC.000646),Temperature Mean measurement stream value type (NEON.DOC.000646)
2014-04-01 14:30:00.0,2014-04-01 15:00:00.0,0.008366012381333630398838607789002708159387,,degree Celsius,Version 1.0,Temperature Standard Error  (NEON.DOC.000652),Temperature Mean measurement stream value type (NEON.DOC.000646)
2014-04-01 14:30:00.0,2014-04-01 15:00:00.0,1800,,none,Version 1.0,Number of points used in data product mean value,Temperature Mean measurement stream value type (NEON.DOC.000646)
2014-04-01 15:00:00.0,2014-04-01 15:30:00.0,1800,,none,Version 1.0,Number of points used in data product mean value,Temperature Mean measurement stream value type (NEON.DOC.000646)
2014-04-01 15:00:00.0,2014-04-01 15:30:00.0,0.0344720213220120336172769270888238679617,,degree Celsius,Version 1.0,Temperature Expanded Uncertainty (NEON.DOC.000646),Temperature Mean measurement stream value type (NEON.DOC.000646)
2014-04-01 15:00:00.0,2014-04-01 15:30:00.0,1.34237448376001666794365974055835977196,,degree Celsius,Version 1.0,Temperature Mean (NEON.DOC.000646),Temperature Mean measurement stream value type (NEON.DOC.000646)
2014-04-01 15:00:00.0,2014-04-01 15:30:00.0,0.0167542014649153733762965146070200717076,,degree Celsius,Version 1.0,Temperature Standard Error  (NEON.DOC.000652),Temperature Mean measurement stream value type (NEON.DOC.000646)
2014-04-01 15:30:00.0,2014-04-01 16:00:00.0,0.02247701932360175042235894693476438988,,degree Celsius,Version 1.0,Temperature Expanded Uncertainty (NEON.DOC.000646),Temperature Mean measurement stream value type (NEON.DOC.000646)
2014-04-01 15:30:00.0,2014-04-01 16:00:00.0,1800,,none,Version 1.0,Number of points used in data product mean value,Temperature Mean measurement stream value type (NEON.DOC.000646)
2014-04-01 15:30:00.0,2014-04-01 16:00:00.0,2.4911411995260190899159624677849933505,,degree Celsius,Version 1.0,Temperature Mean (NEON.DOC.000646),Temperature Mean measurement stream value type (NEON.DOC.000646)
2014-04-01 15:30:00.0,2014-04-01 16:00:00.0,0.0103471941246534495512099383063286950346,,degree Celsius,Version 1.0,Temperature Standard Error  (NEON.DOC.000652),Temperature Mean measurement stream value type (NEON.DOC.000646)
2014-04-01 16:00:00.0,2014-04-01 16:30:00.0,0.0224358813317148825250413324283726979047,,degree Celsius,Version 1.0,Temperature Expanded Uncertainty (NEON.DOC.000646),Temperature Mean measurement stream value type (NEON.DOC.000646)
2014-04-01 16:00:00.0,2014-04-01 16:30:00.0,0.0103153354353318089248192634954648383427,,degree Celsius,Version 1.0,Temperature Standard Error  (NEON.DOC.000652),Temperature Mean measurement stream value type (NEON.DOC.000646)
2014-04-01 16:00:00.0,2014-04-01 16:30:00.0,1800,,none,Version 1.0,Number of points used in data product mean value,Temperature Mean measurement stream value type (NEON.DOC.000646)
2014-04-01 16:00:00.0,2014-04-01 16:30:00.0,4.84829581460734981845916991005651652812,,degree Celsius,Version 1.0,Temperature Mean (NEON.DOC.000646),Temperature Mean measurement stream value type (NEON.DOC.000646)
2014-04-01 16:30:00.0,2014-04-01 17:00:00.0,5.78932412692754727601140984916128218173,,degree Celsius,Version 1.0,Temperature Mean (NEON.DOC.000646),Temperature Mean measurement stream value type (NEON.DOC.000646)
2014-04-01 16:30:00.0,2014-04-01 17:00:00.0,0.0220911207241933742195794110330098192207,,degree Celsius,Version 1.0,Temperature Expanded Uncertainty (NEON.DOC.000646),Temperature Mean measurement stream value type (NEON.DOC.000646)
2014-04-01 16:30:00.0,2014-04-01 17:00:00.0,1800,,none,Version 1.0,Number of points used in data product mean value,Temperature Mean measurement stream value type (NEON.DOC.000646)
2014-04-01 16:30:00.0,2014-04-01 17:00:00.0,0.0101192227045444910898952528555128083098,,degree Celsius,Version 1.0,Temperature Standard Error  (NEON.DOC.000652),Temperature Mean measurement stream value type (NEON.DOC.000646)
2014-04-01 17:00:00.0,2014-04-01 17:30:00.0,6.45914503527247241265740740345790982246,,degree Celsius,Version 1.0,Temperature Mean (NEON.DOC.000646),Temperature Mean measurement stream value type (NEON.DOC.000646)
2014-04-01 17:00:00.0,2014-04-01 17:30:00.0,0.015526311009356750722498752281808265252,,degree Celsius,Version 1.0,Temperature Expanded Uncertainty (NEON.DOC.000646),Temperature Mean measurement stream value type (NEON.DOC.000646)
2014-04-01 17:00:00.0,2014-04-01 17:30:00.0,0.006294106781952661308632279713037860346958,,degree Celsius,Version 1.0,Temperature Standard Error  (NEON.DOC.000652),Temperature Mean measurement stream value type (NEON.DOC.000646)
2014-04-01 17:00:00.0,2014-04-01 17:30:00.0,1800,,none,Version 1.0,Number of points used in data product mean value,Temperature Mean measurement stream value type (NEON.DOC.000646)
2014-04-01 17:30:00.0,2014-04-01 18:00:00.0,0.0202470219494796516146450926498800981789,,degree Celsius,Version 1.0,Temperature Expanded Uncertainty (NEON.DOC.000646),Temperature Mean measurement stream value type (NEON.DOC.000646)
2014-04-01 17:30:00.0,2014-04-01 18:00:00.0,0.009080847937220836926797140620237769326195,,degree Celsius,Version 1.0,Temperature Standard Error  (NEON.DOC.000652),Temperature Mean measurement stream value type (NEON.DOC.000646)
2014-04-01 17:30:00.0,2014-04-01 18:00:00.0,1800,,none,Version 1.0,Number of points used in data product mean value,Temperature Mean measurement stream value type (NEON.DOC.000646)
2014-04-01 17:30:00.0,2014-04-01 18:00:00.0,6.78804110794339798928831442026421427726,,degree Celsius,Version 1.0,Temperature Mean (NEON.DOC.000646),Temperature Mean measurement stream value type (NEON.DOC.000646)
2014-04-01 18:00:00.0,2014-04-01 18:30:00.0,7.60443223978757565362229797756299376487,,degree Celsius,Version 1.0,Temperature Mean (NEON.DOC.000646),Temperature Mean measurement stream value type (NEON.DOC.000646)
2014-04-01 18:00:00.0,2014-04-01 18:30:00.0,0.008791661594422741157761613806087552802637,,degree Celsius,Version 1.0,Temperature Standard Error  (NEON.DOC.000652),Temperature Mean measurement stream value type (NEON.DOC.000646)
2014-04-01 18:00:00.0,2014-04-01 18:30:00.0,0.0197483696500395239370462263650551903992,,degree Celsius,Version 1.0,Temperature Expanded Uncertainty (NEON.DOC.000646),Temperature Mean measurement stream value type (NEON.DOC.000646)
2014-04-01 18:00:00.0,2014-04-01 18:30:00.0,1800,,none,Version 1.0,Number of points used in data product mean value,Temperature Mean measurement stream value type (NEON.DOC.000646)
2014-04-01 18:30:00.0,2014-04-01 19:00:00.0,0.0199574759809827764756029466752806911244,,degree Celsius,Version 1.0,Temperature Expanded Uncertainty (NEON.DOC.000646),Temperature Mean measurement stream value type (NEON.DOC.000646)
2014-04-01 18:30:00.0,2014-04-01 19:00:00.0,1800,,none,Version 1.0,Number of points used in data product mean value,Temperature Mean measurement stream value type (NEON.DOC.000646)
2014-04-01 18:30:00.0,2014-04-01 19:00:00.0,8.80003200227893778162524540675804018974,,degree Celsius,Version 1.0,Temperature Mean (NEON.DOC.000646),Temperature Mean measurement stream value type (NEON.DOC.000646)
2014-04-01 18:30:00.0,2014-04-01 19:00:00.0,0.008904792936810101630640268410843418678268,,degree Celsius,Version 1.0,Temperature Standard Error  (NEON.DOC.000652),Temperature Mean measurement stream value type (NEON.DOC.000646)
2014-04-01 19:00:00.0,2014-04-01 19:30:00.0,0.0102535993369602430880238586041741655208,,degree Celsius,Version 1.0,Temperature Standard Error  (NEON.DOC.000652),Temperature Mean measurement stream value type (NEON.DOC.000646)
2014-04-01 19:00:00.0,2014-04-01 19:30:00.0,9.99315746631685009049306245287880301475,,degree Celsius,Version 1.0,Temperature Mean (NEON.DOC.000646),Temperature Mean measurement stream value type (NEON.DOC.000646)
2014-04-01 19:00:00.0,2014-04-01 19:30:00.0,1800,,none,Version 1.0,Number of points used in data product mean value,Temperature Mean measurement stream value type (NEON.DOC.000646)
2014-04-01 19:00:00.0,2014-04-01 19:30:00.0,0.0223710027259376026398385306492855306714,,degree Celsius,Version 1.0,Temperature Expanded Uncertainty (NEON.DOC.000646),Temperature Mean measurement stream value type (NEON.DOC.000646)
2014-04-01 19:30:00.0,2014-04-01 20:00:00.0,1800,,none,Version 1.0,Number of points used in data product mean value,Temperature Mean measurement stream value type (NEON.DOC.000646)
2014-04-01 19:30:00.0,2014-04-01 20:00:00.0,10.96060949780616766702223685570061206817,,degree Celsius,Version 1.0,Temperature Mean (NEON.DOC.000646),Temperature Mean measurement stream value type (NEON.DOC.000646)
2014-04-01 19:30:00.0,2014-04-01 20:00:00.0,0.0218042175006923875935083145805037929676,,degree Celsius,Version 1.0,Temperature Expanded Uncertainty (NEON.DOC.000646),Temperature Mean measurement stream value type (NEON.DOC.000646)
2014-04-01 19:30:00.0,2014-04-01 20:00:00.0,0.009932609969051757470293040341857704333961,,degree Celsius,Version 1.0,Temperature Standard Error  (NEON.DOC.000652),Temperature Mean measurement stream value type (NEON.DOC.000646)
2014-04-01 20:00:00.0,2014-04-01 20:30:00.0,1800,,none,Version 1.0,Number of points used in data product mean value,Temperature Mean measurement stream value type (NEON.DOC.000646)
2014-04-01 20:00:00.0,2014-04-01 20:30:00.0,0.007105317236144307116441076743740268284454,,degree Celsius,Version 1.0,Temperature Standard Error  (NEON.DOC.000652),Temperature Mean measurement stream value type (NEON.DOC.000646)
2014-04-01 20:00:00.0,2014-04-01 20:30:00.0,11.55728677609999088815584400435909628868,,degree Celsius,Version 1.0,Temperature Mean (NEON.DOC.000646),Temperature Mean measurement stream value type (NEON.DOC.000646)
2014-04-01 20:00:00.0,2014-04-01 20:30:00.0,0.016912899690603305780101095479039940983,,degree Celsius,Version 1.0,Temperature Expanded Uncertainty (NEON.DOC.000646),Temperature Mean measurement stream value type (NEON.DOC.000646)
2014-04-01 20:30:00.0,2014-04-01 21:00:00.0,11.86513129126377918964863056316971778869,,degree Celsius,Version 1.0,Temperature Mean (NEON.DOC.000646),Temperature Mean measurement stream value type (NEON.DOC.000646)
2014-04-01 20:30:00.0,2014-04-01 21:00:00.0,0.020126190101178630109668432623948319815,,degree Celsius,Version 1.0,Temperature Expanded Uncertainty (NEON.DOC.000646),Temperature Mean measurement stream value type (NEON.DOC.000646)
2014-04-01 20:30:00.0,2014-04-01 21:00:00.0,0.008983803046603774933309694006311474367976,,degree Celsius,Version 1.0,Temperature Standard Error  (NEON.DOC.000652),Temperature Mean measurement stream value type (NEON.DOC.000646)
2014-04-01 20:30:00.0,2014-04-01 21:00:00.0,1800,,none,Version 1.0,Number of points used in data product mean value,Temperature Mean measurement stream value type (NEON.DOC.000646)
2014-04-01 21:00:00.0,2014-04-01 21:30:00.0,1800,,none,Version 1.0,Number of points used in data product mean value,Temperature Mean measurement stream value type (NEON.DOC.000646)
2014-04-01 21:00:00.0,2014-04-01 21:30:00.0,0.015997536469228954003618525803176453337,,degree Celsius,Version 1.0,Temperature Expanded Uncertainty (NEON.DOC.000646),Temperature Mean measurement stream value type (NEON.DOC.000646)
2014-04-01 21:00:00.0,2014-04-01 21:30:00.0,0.006541257739628698539280371448967343894764,,degree Celsius,Version 1.0,Temperature Standard Error  (NEON.DOC.000652),Temperature Mean measurement stream value type (NEON.DOC.000646)
2014-04-01 21:00:00.0,2014-04-01 21:30:00.0,12.26947635809912462434567714808508753776,,degree Celsius,Version 1.0,Temperature Mean (NEON.DOC.000646),Temperature Mean measurement stream value type (NEON.DOC.000646)
2014-04-01 21:30:00.0,2014-04-01 22:00:00.0,0.0194286598375908274582979373690250213257,,degree Celsius,Version 1.0,Temperature Expanded Uncertainty (NEON.DOC.000646),Temperature Mean measurement stream value type (NEON.DOC.000646)
2014-04-01 21:30:00.0,2014-04-01 22:00:00.0,12.45240651796022923747386812465265393257,,degree Celsius,Version 1.0,Temperature Mean (NEON.DOC.000646),Temperature Mean measurement stream value type (NEON.DOC.000646)
2014-04-01 21:30:00.0,2014-04-01 22:00:00.0,1800,,none,Version 1.0,Number of points used in data product mean value,Temperature Mean measurement stream value type (NEON.DOC.000646)
2014-04-01 21:30:00.0,2014-04-01 22:00:00.0,0.008579870151041734532837423898854467552155,,degree Celsius,Version 1.0,Temperature Standard Error  (NEON.DOC.000652),Temperature Mean measurement stream value type (NEON.DOC.000646)
2014-04-01 22:00:00.0,2014-04-01 22:30:00.0,0.0173347141365779548738412785269247251562,,degree Celsius,Version 1.0,Temperature Expanded Uncertainty (NEON.DOC.000646),Temperature Mean measurement stream value type (NEON.DOC.000646)
2014-04-01 22:00:00.0,2014-04-01 22:30:00.0,11.97761687284781828566337935626506805419,,degree Celsius,Version 1.0,Temperature Mean (NEON.DOC.000646),Temperature Mean measurement stream value type (NEON.DOC.000646)
2014-04-01 22:00:00.0,2014-04-01 22:30:00.0,0.007353807063684288276850242738191809621639,,degree Celsius,Version 1.0,Temperature Standard Error  (NEON.DOC.000652),Temperature Mean measurement stream value type (NEON.DOC.000646)
2014-04-01 22:00:00.0,2014-04-01 22:30:00.0,1800,,none,Version 1.0,Number of points used in data product mean value,Temperature Mean measurement stream value type (NEON.DOC.000646)
2014-04-01 22:30:00.0,2014-04-01 23:00:00.0,11.35468460885939379068076959811151027679,,degree Celsius,Version 1.0,Temperature Mean (NEON.DOC.000646),Temperature Mean measurement stream value type (NEON.DOC.000646)
2014-04-01 22:30:00.0,2014-04-01 23:00:00.0,0.0102589639887730194739434708139924623537,,degree Celsius,Version 1.0,Temperature Standard Error  (NEON.DOC.000652),Temperature Mean measurement stream value type (NEON.DOC.000646)
2014-04-01 22:30:00.0,2014-04-01 23:00:00.0,0.0223942160403518934763678061017344589345,,degree Celsius,Version 1.0,Temperature Expanded Uncertainty (NEON.DOC.000646),Temperature Mean measurement stream value type (NEON.DOC.000646)
2014-04-01 22:30:00.0,2014-04-01 23:00:00.0,1800,,none,Version 1.0,Number of points used in data product mean value,Temperature Mean measurement stream value type (NEON.DOC.000646)
2014-04-01 23:00:00.0,2014-04-01 23:30:00.0,0.004211688400592179977455220551973980036564,,degree Celsius,Version 1.0,Temperature Standard Error  (NEON.DOC.000652),Temperature Mean measurement stream value type (NEON.DOC.000646)
2014-04-01 23:00:00.0,2014-04-01 23:30:00.0,1800,,none,Version 1.0,Number of points used in data product mean value,Temperature Mean measurement stream value type (NEON.DOC.000646)
2014-04-01 23:00:00.0,2014-04-01 23:30:00.0,10.6761835012108079467907373327761888504,,degree Celsius,Version 1.0,Temperature Mean (NEON.DOC.000646),Temperature Mean measurement stream value type (NEON.DOC.000646)
2014-04-01 23:00:00.0,2014-04-01 23:30:00.0,0.0125108208888697752803054186188091989606,,degree Celsius,Version 1.0,Temperature Expanded Uncertainty (NEON.DOC.000646),Temperature Mean measurement stream value type (NEON.DOC.000646)
2014-04-01 23:30:00.0,2014-04-02 00:00:00.0,1800,,none,Version 1.0,Number of points used in data product mean value,Temperature Mean measurement stream value type (NEON.DOC.000646)
2014-04-01 23:30:00.0,2014-04-02 00:00:00.0,0.005464607980197207920403101866213546600192,,degree Celsius,Version 1.0,Temperature Standard Error  (NEON.DOC.000652),Temperature Mean measurement stream value type (NEON.DOC.000646)
2014-04-01 23:30:00.0,2014-04-02 00:00:00.0,0.0142816446555478811925032900376208999659,,degree Celsius,Version 1.0,Temperature Expanded Uncertainty (NEON.DOC.000646),Temperature Mean measurement stream value type (NEON.DOC.000646)
2014-04-01 23:30:00.0,2014-04-02 00:00:00.0,9.98624461714397071432358643505722284317,,degree Celsius,Version 1.0,Temperature Mean (NEON.DOC.000646),Temperature Mean measurement stream value type (NEON.DOC.000646)
2014-04-02 00:00:00.0,2014-04-02 00:30:00.0,0.007581137497006469778970672024343002703972,,degree Celsius,Version 1.0,Temperature Standard Error  (NEON.DOC.000652),Temperature Mean measurement stream value type (NEON.DOC.000646)
2014-04-02 00:00:00.0,2014-04-02 00:30:00.0,1800,,none,Version 1.0,Number of points used in data product mean value,Temperature Mean measurement stream value type (NEON.DOC.000646)
2014-04-02 00:00:00.0,2014-04-02 00:30:00.0,0.0176716460199348376902683810385497054085,,degree Celsius,Version 1.0,Temperature Expanded Uncertainty (NEON.DOC.000646),Temperature Mean measurement stream value type (NEON.DOC.000646)
2014-04-02 00:00:00.0,2014-04-02 00:30:00.0,8.89655545084903387476060743210837244987,,degree Celsius,Version 1.0,Temperature Mean (NEON.DOC.000646),Temperature Mean measurement stream value type (NEON.DOC.000646)
