# Data from NEON Inc.
# These data are provided under the terms of the NEON data policy included in this data download.
# Data Product ID: NEON.D10.RS1.DP1.00002.001.001.001.002
# Data Product Name: 30 minutes mean temperature tower level 1
# Site: Sterling Site, RELOCATABLE (CO)
# Geographic coordinates (lat/long): 40.4619/-103.0293
# Domain: Domain 10
# Query Citation Code: 8F1ADE0018B74FAF9F43D4B53FB5D477
# Date-Time of Query Submission: 2014-07-09 19:52 (UTC)
# Start Date-Time for Data: 2014-04-01 00:00 (UTC)
# End Date-Time for Data: 2014-04-02 00:00 (UTC)
# 
### Sensor Metadata Below
### Sensor information: Thermometrics Climate RTD 100  Omega  Probe and Met One 076B aspirated radiation shield
### Units: deg C
### Sampling Rate (Hz): 1
### Assembly repeatability (precision) in deg C: 0.0025
### Assembly refers to the sensor(s) and relevant components (e.g. DAS); here repeatability represents the maximum expected assembly noise given at 95% confidence.
### Boom Level: 1
### Height Above Ground Level (m): 0.127
### Lat/Lon: 40.46187242/-103.0293536
### Threshold For Range test (Hard): min:  -89.2 (deg C) max:  56.7 (deg C)
### Threshold for Range test (soft): min: -54.4 (deg C) max: 46.1 (deg C)
### Threshold For Step test: 0.5 (deg C)
#
Start Date,End Date,Data 1,Data 2,Units,Readout Version,Value Name,Measurement Readout Type Name
2014-04-01 00:00:00.0,2014-04-01 00:30:00.0,6.17507394036945189697007663198746740818,,degree Celsius,Version 1.0,Temperature Mean (NEON.DOC.000646),Temperature Mean measurement stream value type (NEON.DOC.000646)
2014-04-01 00:00:00.0,2014-04-01 00:30:00.0,1800,,none,Version 1.0,Number of points used in data product mean value,Temperature Mean measurement stream value type (NEON.DOC.000646)
2014-04-01 00:00:00.0,2014-04-01 00:30:00.0,0.008081176507137601688901540342158114071935,,degree Celsius,Version 1.0,Temperature Standard Error  (NEON.DOC.000652),Temperature Mean measurement stream value type (NEON.DOC.000646)
2014-04-01 00:00:00.0,2014-04-01 00:30:00.0,0.0184921954002051219800861758812970947474,,degree Celsius,Version 1.0,Temperature Expanded Uncertainty (NEON.DOC.000646),Temperature Mean measurement stream value type (NEON.DOC.000646)
2014-04-01 00:30:00.0,2014-04-01 01:00:00.0,4.7345356467681849466089261113665997982,,degree Celsius,Version 1.0,Temperature Mean (NEON.DOC.000646),Temperature Mean measurement stream value type (NEON.DOC.000646)
2014-04-01 00:30:00.0,2014-04-01 01:00:00.0,0.0252115740927970552465176012901793001219,,degree Celsius,Version 1.0,Temperature Expanded Uncertainty (NEON.DOC.000646),Temperature Mean measurement stream value type (NEON.DOC.000646)
2014-04-01 00:30:00.0,2014-04-01 01:00:00.0,0.0118337023090251472479117467173637123778,,degree Celsius,Version 1.0,Temperature Standard Error  (NEON.DOC.000652),Temperature Mean measurement stream value type (NEON.DOC.000646)
2014-04-01 00:30:00.0,2014-04-01 01:00:00.0,1800,,none,Version 1.0,Number of points used in data product mean value,Temperature Mean measurement stream value type (NEON.DOC.000646)
2014-04-01 01:00:00.0,2014-04-01 01:30:00.0,0.009819583547028302647485809018235158873721,,degree Celsius,Version 1.0,Temperature Standard Error  (NEON.DOC.000652),Temperature Mean measurement stream value type (NEON.DOC.000646)
2014-04-01 01:00:00.0,2014-04-01 01:30:00.0,0.0215236452426281789362949581345674232579,,degree Celsius,Version 1.0,Temperature Expanded Uncertainty (NEON.DOC.000646),Temperature Mean measurement stream value type (NEON.DOC.000646)
2014-04-01 01:00:00.0,2014-04-01 01:30:00.0,3.02396544445293757874537732277531176805,,degree Celsius,Version 1.0,Temperature Mean (NEON.DOC.000646),Temperature Mean measurement stream value type (NEON.DOC.000646)
2014-04-01 01:00:00.0,2014-04-01 01:30:00.0,1800,,none,Version 1.0,Number of points used in data product mean value,Temperature Mean measurement stream value type (NEON.DOC.000646)
2014-04-01 01:30:00.0,2014-04-01 02:00:00.0,0.0149287049948788365372198683189708390273,,degree Celsius,Version 1.0,Temperature Expanded Uncertainty (NEON.DOC.000646),Temperature Mean measurement stream value type (NEON.DOC.000646)
2014-04-01 01:30:00.0,2014-04-01 02:00:00.0,1.81628546523090306230585611046990379691,,degree Celsius,Version 1.0,Temperature Mean (NEON.DOC.000646),Temperature Mean measurement stream value type (NEON.DOC.000646)
2014-04-01 01:30:00.0,2014-04-01 02:00:00.0,1800,,none,Version 1.0,Number of points used in data product mean value,Temperature Mean measurement stream value type (NEON.DOC.000646)
2014-04-01 01:30:00.0,2014-04-01 02:00:00.0,0.005958911768428738070513261959604278672486,,degree Celsius,Version 1.0,Temperature Standard Error  (NEON.DOC.000652),Temperature Mean measurement stream value type (NEON.DOC.000646)
2014-04-01 02:00:00.0,2014-04-01 02:30:00.0,1800,,none,Version 1.0,Number of points used in data product mean value,Temperature Mean measurement stream value type (NEON.DOC.000646)
2014-04-01 02:00:00.0,2014-04-01 02:30:00.0,1.01374132853050036295883273851359263062,,degree Celsius,Version 1.0,Temperature Mean (NEON.DOC.000646),Temperature Mean measurement stream value type (NEON.DOC.000646)
2014-04-01 02:00:00.0,2014-04-01 02:30:00.0,0.0148984799185180542130391145860812684986,,degree Celsius,Version 1.0,Temperature Expanded Uncertainty (NEON.DOC.000646),Temperature Mean measurement stream value type (NEON.DOC.000646)
2014-04-01 02:00:00.0,2014-04-01 02:30:00.0,0.005947394369179438700090400971021153964102,,degree Celsius,Version 1.0,Temperature Standard Error  (NEON.DOC.000652),Temperature Mean measurement stream value type (NEON.DOC.000646)
2014-04-01 02:30:00.0,2014-04-01 03:00:00.0,0.2491442991020922648193192117105354554951,,degree Celsius,Version 1.0,Temperature Mean (NEON.DOC.000646),Temperature Mean measurement stream value type (NEON.DOC.000646)
2014-04-01 02:30:00.0,2014-04-01 03:00:00.0,0.0128331544579733097116713835816881328355,,degree Celsius,Version 1.0,Temperature Expanded Uncertainty (NEON.DOC.000646),Temperature Mean measurement stream value type (NEON.DOC.000646)
2014-04-01 02:30:00.0,2014-04-01 03:00:00.0,0.00457122258807032746247278609530440007802,,degree Celsius,Version 1.0,Temperature Standard Error  (NEON.DOC.000652),Temperature Mean measurement stream value type (NEON.DOC.000646)
2014-04-01 02:30:00.0,2014-04-01 03:00:00.0,1800,,none,Version 1.0,Number of points used in data product mean value,Temperature Mean measurement stream value type (NEON.DOC.000646)
2014-04-01 03:00:00.0,2014-04-01 03:30:00.0,1800,,none,Version 1.0,Number of points used in data product mean value,Temperature Mean measurement stream value type (NEON.DOC.000646)
2014-04-01 03:00:00.0,2014-04-01 03:30:00.0,0.0165435725570435218645393149472511140629,,degree Celsius,Version 1.0,Temperature Expanded Uncertainty (NEON.DOC.000646),Temperature Mean measurement stream value type (NEON.DOC.000646)
2014-04-01 03:00:00.0,2014-04-01 03:30:00.0,0.006974039494826640185609623046048000105656,,degree Celsius,Version 1.0,Temperature Standard Error  (NEON.DOC.000652),Temperature Mean measurement stream value type (NEON.DOC.000646)
2014-04-01 03:00:00.0,2014-04-01 03:30:00.0,-0.3890417209455761526903927460807608440518,,degree Celsius,Version 1.0,Temperature Mean (NEON.DOC.000646),Temperature Mean measurement stream value type (NEON.DOC.000646)
2014-04-01 03:30:00.0,2014-04-01 04:00:00.0,-1.44320089762800285448918202746426686644,,degree Celsius,Version 1.0,Temperature Mean (NEON.DOC.000646),Temperature Mean measurement stream value type (NEON.DOC.000646)
2014-04-01 03:30:00.0,2014-04-01 04:00:00.0,0.008911023974051935150897385540247341850772,,degree Celsius,Version 1.0,Temperature Standard Error  (NEON.DOC.000652),Temperature Mean measurement stream value type (NEON.DOC.000646)
2014-04-01 03:30:00.0,2014-04-01 04:00:00.0,1800,,none,Version 1.0,Number of points used in data product mean value,Temperature Mean measurement stream value type (NEON.DOC.000646)
2014-04-01 03:30:00.0,2014-04-01 04:00:00.0,0.0198592052212967738744620049828881747089,,degree Celsius,Version 1.0,Temperature Expanded Uncertainty (NEON.DOC.000646),Temperature Mean measurement stream value type (NEON.DOC.000646)
2014-04-01 04:00:00.0,2014-04-01 04:30:00.0,0.002782909373121664718675472016684580012224,,degree Celsius,Version 1.0,Temperature Standard Error  (NEON.DOC.000652),Temperature Mean measurement stream value type (NEON.DOC.000646)
2014-04-01 04:00:00.0,2014-04-01 04:30:00.0,0.0105878810962814901008854917563439812511,,degree Celsius,Version 1.0,Temperature Expanded Uncertainty (NEON.DOC.000646),Temperature Mean measurement stream value type (NEON.DOC.000646)
2014-04-01 04:00:00.0,2014-04-01 04:30:00.0,-1.66259609439648881057394191884668543934,,degree Celsius,Version 1.0,Temperature Mean (NEON.DOC.000646),Temperature Mean measurement stream value type (NEON.DOC.000646)
2014-04-01 04:00:00.0,2014-04-01 04:30:00.0,1800,,none,Version 1.0,Number of points used in data product mean value,Temperature Mean measurement stream value type (NEON.DOC.000646)
2014-04-01 04:30:00.0,2014-04-01 05:00:00.0,1800,,none,Version 1.0,Number of points used in data product mean value,Temperature Mean measurement stream value type (NEON.DOC.000646)
2014-04-01 04:30:00.0,2014-04-01 05:00:00.0,0.0118367370327159722454002377389770117588,,degree Celsius,Version 1.0,Temperature Expanded Uncertainty (NEON.DOC.000646),Temperature Mean measurement stream value type (NEON.DOC.000646)
2014-04-01 04:30:00.0,2014-04-01 05:00:00.0,0.003855967316747924405334613240370345010887,,degree Celsius,Version 1.0,Temperature Standard Error  (NEON.DOC.000652),Temperature Mean measurement stream value type (NEON.DOC.000646)
2014-04-01 04:30:00.0,2014-04-01 05:00:00.0,-1.84773953356399900371798139531165361404,,degree Celsius,Version 1.0,Temperature Mean (NEON.DOC.000646),Temperature Mean measurement stream value type (NEON.DOC.000646)
2014-04-01 05:00:00.0,2014-04-01 05:30:00.0,-1.99825975170841618755446233990369364619,,degree Celsius,Version 1.0,Temperature Mean (NEON.DOC.000646),Temperature Mean measurement stream value type (NEON.DOC.000646)
2014-04-01 05:00:00.0,2014-04-01 05:30:00.0,1800,,none,Version 1.0,Number of points used in data product mean value,Temperature Mean measurement stream value type (NEON.DOC.000646)
2014-04-01 05:00:00.0,2014-04-01 05:30:00.0,0.002013476699723442103068249409147938422393,,degree Celsius,Version 1.0,Temperature Standard Error  (NEON.DOC.000652),Temperature Mean measurement stream value type (NEON.DOC.000646)
2014-04-01 05:00:00.0,2014-04-01 05:30:00.0,0.009869229224427034444233619581154925981536,,degree Celsius,Version 1.0,Temperature Expanded Uncertainty (NEON.DOC.000646),Temperature Mean measurement stream value type (NEON.DOC.000646)
2014-04-01 05:30:00.0,2014-04-01 06:00:00.0,0.0118078157961422642446835951091088645625,,degree Celsius,Version 1.0,Temperature Expanded Uncertainty (NEON.DOC.000646),Temperature Mean measurement stream value type (NEON.DOC.000646)
2014-04-01 05:30:00.0,2014-04-01 06:00:00.0,1800,,none,Version 1.0,Number of points used in data product mean value,Temperature Mean measurement stream value type (NEON.DOC.000646)
2014-04-01 05:30:00.0,2014-04-01 06:00:00.0,0.003835879231049014927851237288791708124335,,degree Celsius,Version 1.0,Temperature Standard Error  (NEON.DOC.000652),Temperature Mean measurement stream value type (NEON.DOC.000646)
2014-04-01 05:30:00.0,2014-04-01 06:00:00.0,-2.08088561890514833763177193759474903345,,degree Celsius,Version 1.0,Temperature Mean (NEON.DOC.000646),Temperature Mean measurement stream value type (NEON.DOC.000646)
2014-04-01 06:00:00.0,2014-04-01 06:30:00.0,0.0103838071524065978651352182282607827801,,degree Celsius,Version 1.0,Temperature Expanded Uncertainty (NEON.DOC.000646),Temperature Mean measurement stream value type (NEON.DOC.000646)
2014-04-01 06:00:00.0,2014-04-01 06:30:00.0,-1.70062708375966908924681320058880373835,,degree Celsius,Version 1.0,Temperature Mean (NEON.DOC.000646),Temperature Mean measurement stream value type (NEON.DOC.000646)
2014-04-01 06:00:00.0,2014-04-01 06:30:00.0,0.002581486376170288084969106634503077657427,,degree Celsius,Version 1.0,Temperature Standard Error  (NEON.DOC.000652),Temperature Mean measurement stream value type (NEON.DOC.000646)
2014-04-01 06:00:00.0,2014-04-01 06:30:00.0,1800,,none,Version 1.0,Number of points used in data product mean value,Temperature Mean measurement stream value type (NEON.DOC.000646)
2014-04-01 06:30:00.0,2014-04-01 07:00:00.0,-1.87392607816714229507226718851597979664,,degree Celsius,Version 1.0,Temperature Mean (NEON.DOC.000646),Temperature Mean measurement stream value type (NEON.DOC.000646)
2014-04-01 06:30:00.0,2014-04-01 07:00:00.0,0.0111091262980265760573761468776865513063,,degree Celsius,Version 1.0,Temperature Expanded Uncertainty (NEON.DOC.000646),Temperature Mean measurement stream value type (NEON.DOC.000646)
2014-04-01 06:30:00.0,2014-04-01 07:00:00.0,1800,,none,Version 1.0,Number of points used in data product mean value,Temperature Mean measurement stream value type (NEON.DOC.000646)
2014-04-01 06:30:00.0,2014-04-01 07:00:00.0,0.003261834136284390804616517556269172928296,,degree Celsius,Version 1.0,Temperature Standard Error  (NEON.DOC.000652),Temperature Mean measurement stream value type (NEON.DOC.000646)
2014-04-01 07:00:00.0,2014-04-01 07:30:00.0,-2.20109092007585172012795737828128039836,,degree Celsius,Version 1.0,Temperature Mean (NEON.DOC.000646),Temperature Mean measurement stream value type (NEON.DOC.000646)
2014-04-01 07:00:00.0,2014-04-01 07:30:00.0,0.002840599384853159398850452888041218102443,,degree Celsius,Version 1.0,Temperature Standard Error  (NEON.DOC.000652),Temperature Mean measurement stream value type (NEON.DOC.000646)
2014-04-01 07:00:00.0,2014-04-01 07:30:00.0,0.01063817890096558846368957063077687053,,degree Celsius,Version 1.0,Temperature Expanded Uncertainty (NEON.DOC.000646),Temperature Mean measurement stream value type (NEON.DOC.000646)
2014-04-01 07:00:00.0,2014-04-01 07:30:00.0,1800,,none,Version 1.0,Number of points used in data product mean value,Temperature Mean measurement stream value type (NEON.DOC.000646)
2014-04-01 07:30:00.0,2014-04-01 08:00:00.0,0.003551709442039452466893800774982992152217,,degree Celsius,Version 1.0,Temperature Standard Error  (NEON.DOC.000652),Temperature Mean measurement stream value type (NEON.DOC.000646)
2014-04-01 07:30:00.0,2014-04-01 08:00:00.0,1800,,none,Version 1.0,Number of points used in data product mean value,Temperature Mean measurement stream value type (NEON.DOC.000646)
2014-04-01 07:30:00.0,2014-04-01 08:00:00.0,-2.22736837343125282373534901125822216272,,degree Celsius,Version 1.0,Temperature Mean (NEON.DOC.000646),Temperature Mean measurement stream value type (NEON.DOC.000646)
2014-04-01 07:30:00.0,2014-04-01 08:00:00.0,0.0114474775020554329907351842621210380457,,degree Celsius,Version 1.0,Temperature Expanded Uncertainty (NEON.DOC.000646),Temperature Mean measurement stream value type (NEON.DOC.000646)
2014-04-01 08:00:00.0,2014-04-01 08:30:00.0,-3.37225040764941086379735679656732827425,,degree Celsius,Version 1.0,Temperature Mean (NEON.DOC.000646),Temperature Mean measurement stream value type (NEON.DOC.000646)
2014-04-01 08:00:00.0,2014-04-01 08:30:00.0,0.0196141110528450651750986821753031108528,,degree Celsius,Version 1.0,Temperature Expanded Uncertainty (NEON.DOC.000646),Temperature Mean measurement stream value type (NEON.DOC.000646)
2014-04-01 08:00:00.0,2014-04-01 08:30:00.0,1800,,none,Version 1.0,Number of points used in data product mean value,Temperature Mean measurement stream value type (NEON.DOC.000646)
2014-04-01 08:00:00.0,2014-04-01 08:30:00.0,0.008781618154058522598970348838065547170117,,degree Celsius,Version 1.0,Temperature Standard Error  (NEON.DOC.000652),Temperature Mean measurement stream value type (NEON.DOC.000646)
2014-04-01 08:30:00.0,2014-04-01 09:00:00.0,0.0121087449730289294091978291589839500375,,degree Celsius,Version 1.0,Temperature Expanded Uncertainty (NEON.DOC.000646),Temperature Mean measurement stream value type (NEON.DOC.000646)
2014-04-01 08:30:00.0,2014-04-01 09:00:00.0,0.00408496732755684113791438960561208659783,,degree Celsius,Version 1.0,Temperature Standard Error  (NEON.DOC.000652),Temperature Mean measurement stream value type (NEON.DOC.000646)
2014-04-01 08:30:00.0,2014-04-01 09:00:00.0,-3.53724837259076618778408374055288732051,,degree Celsius,Version 1.0,Temperature Mean (NEON.DOC.000646),Temperature Mean measurement stream value type (NEON.DOC.000646)
2014-04-01 08:30:00.0,2014-04-01 09:00:00.0,1800,,none,Version 1.0,Number of points used in data product mean value,Temperature Mean measurement stream value type (NEON.DOC.000646)
2014-04-01 09:00:00.0,2014-04-01 09:30:00.0,1800,,none,Version 1.0,Number of points used in data product mean value,Temperature Mean measurement stream value type (NEON.DOC.000646)
2014-04-01 09:00:00.0,2014-04-01 09:30:00.0,0.009799606307077313865905310308335174340754,,degree Celsius,Version 1.0,Temperature Standard Error  (NEON.DOC.000652),Temperature Mean measurement stream value type (NEON.DOC.000646)
2014-04-01 09:00:00.0,2014-04-01 09:30:00.0,0.0214231505030658617161343215684610186144,,degree Celsius,Version 1.0,Temperature Expanded Uncertainty (NEON.DOC.000646),Temperature Mean measurement stream value type (NEON.DOC.000646)
2014-04-01 09:00:00.0,2014-04-01 09:30:00.0,-3.80096848741513637648381518374662846326,,degree Celsius,Version 1.0,Temperature Mean (NEON.DOC.000646),Temperature Mean measurement stream value type (NEON.DOC.000646)
2014-04-01 09:30:00.0,2014-04-01 10:00:00.0,0.005664215239196565554458118185721104964613,,degree Celsius,Version 1.0,Temperature Standard Error  (NEON.DOC.000652),Temperature Mean measurement stream value type (NEON.DOC.000646)
2014-04-01 09:30:00.0,2014-04-01 10:00:00.0,1800,,none,Version 1.0,Number of points used in data product mean value,Temperature Mean measurement stream value type (NEON.DOC.000646)
2014-04-01 09:30:00.0,2014-04-01 10:00:00.0,-5.07671889902988304754671844420954585075,,degree Celsius,Version 1.0,Temperature Mean (NEON.DOC.000646),Temperature Mean measurement stream value type (NEON.DOC.000646)
2014-04-01 09:30:00.0,2014-04-01 10:00:00.0,0.0143780360746208618616392982403340283781,,degree Celsius,Version 1.0,Temperature Expanded Uncertainty (NEON.DOC.000646),Temperature Mean measurement stream value type (NEON.DOC.000646)
2014-04-01 10:00:00.0,2014-04-01 10:30:00.0,-4.75094210116888682193803106201812624931,,degree Celsius,Version 1.0,Temperature Mean (NEON.DOC.000646),Temperature Mean measurement stream value type (NEON.DOC.000646)
2014-04-01 10:00:00.0,2014-04-01 10:30:00.0,1800,,none,Version 1.0,Number of points used in data product mean value,Temperature Mean measurement stream value type (NEON.DOC.000646)
2014-04-01 10:00:00.0,2014-04-01 10:30:00.0,0.007507977074506158934874555654914729529991,,degree Celsius,Version 1.0,Temperature Standard Error  (NEON.DOC.000652),Temperature Mean measurement stream value type (NEON.DOC.000646)
2014-04-01 10:00:00.0,2014-04-01 10:30:00.0,0.0173894692116539142934250605776469456031,,degree Celsius,Version 1.0,Temperature Expanded Uncertainty (NEON.DOC.000646),Temperature Mean measurement stream value type (NEON.DOC.000646)
2014-04-01 10:30:00.0,2014-04-01 11:00:00.0,0.002409754909974883268358736287950705445837,,degree Celsius,Version 1.0,Temperature Standard Error  (NEON.DOC.000652),Temperature Mean measurement stream value type (NEON.DOC.000646)
2014-04-01 10:30:00.0,2014-04-01 11:00:00.0,0.0101751919332372948306941751184240274596,,degree Celsius,Version 1.0,Temperature Expanded Uncertainty (NEON.DOC.000646),Temperature Mean measurement stream value type (NEON.DOC.000646)
2014-04-01 10:30:00.0,2014-04-01 11:00:00.0,1800,,none,Version 1.0,Number of points used in data product mean value,Temperature Mean measurement stream value type (NEON.DOC.000646)
2014-04-01 10:30:00.0,2014-04-01 11:00:00.0,-4.12281665167052935316860384773463010787,,degree Celsius,Version 1.0,Temperature Mean (NEON.DOC.000646),Temperature Mean measurement stream value type (NEON.DOC.000646)
2014-04-01 11:00:00.0,2014-04-01 11:30:00.0,1800,,none,Version 1.0,Number of points used in data product mean value,Temperature Mean measurement stream value type (NEON.DOC.000646)
2014-04-01 11:00:00.0,2014-04-01 11:30:00.0,0.009295156557590151732983763110951258568093,,degree Celsius,Version 1.0,Temperature Expanded Uncertainty (NEON.DOC.000646),Temperature Mean measurement stream value type (NEON.DOC.000646)
2014-04-01 11:00:00.0,2014-04-01 11:30:00.0,0.001200978909944782615712433049282026331638,,degree Celsius,Version 1.0,Temperature Standard Error  (NEON.DOC.000652),Temperature Mean measurement stream value type (NEON.DOC.000646)
2014-04-01 11:00:00.0,2014-04-01 11:30:00.0,-3.82033213520946457464333434472791850566,,degree Celsius,Version 1.0,Temperature Mean (NEON.DOC.000646),Temperature Mean measurement stream value type (NEON.DOC.000646)
2014-04-01 11:30:00.0,2014-04-01 12:00:00.0,1800,,none,Version 1.0,Number of points used in data product mean value,Temperature Mean measurement stream value type (NEON.DOC.000646)
2014-04-01 11:30:00.0,2014-04-01 12:00:00.0,-3.92613842977422367042095174838323146104,,degree Celsius,Version 1.0,Temperature Mean (NEON.DOC.000646),Temperature Mean measurement stream value type (NEON.DOC.000646)
2014-04-01 11:30:00.0,2014-04-01 12:00:00.0,0.009696432749829789893292186775397567544132,,degree Celsius,Version 1.0,Temperature Expanded Uncertainty (NEON.DOC.000646),Temperature Mean measurement stream value type (NEON.DOC.000646)
2014-04-01 11:30:00.0,2014-04-01 12:00:00.0,0.001838323971911840068113597190802011027699,,degree Celsius,Version 1.0,Temperature Standard Error  (NEON.DOC.000652),Temperature Mean measurement stream value type (NEON.DOC.000646)
2014-04-01 12:00:00.0,2014-04-01 12:30:00.0,1800,,none,Version 1.0,Number of points used in data product mean value,Temperature Mean measurement stream value type (NEON.DOC.000646)
2014-04-01 12:00:00.0,2014-04-01 12:30:00.0,-3.91989987493574210120073075813706964254,,degree Celsius,Version 1.0,Temperature Mean (NEON.DOC.000646),Temperature Mean measurement stream value type (NEON.DOC.000646)
2014-04-01 12:00:00.0,2014-04-01 12:30:00.0,0.000999053466375573757246586481528538570273,,degree Celsius,Version 1.0,Temperature Standard Error  (NEON.DOC.000652),Temperature Mean measurement stream value type (NEON.DOC.000646)
2014-04-01 12:00:00.0,2014-04-01 12:30:00.0,0.009198612135095785360960896070992021122947,,degree Celsius,Version 1.0,Temperature Expanded Uncertainty (NEON.DOC.000646),Temperature Mean measurement stream value type (NEON.DOC.000646)
2014-04-01 12:30:00.0,2014-04-01 13:00:00.0,0.0100699777038632618669788953980059886816,,degree Celsius,Version 1.0,Temperature Expanded Uncertainty (NEON.DOC.000646),Temperature Mean measurement stream value type (NEON.DOC.000646)
2014-04-01 12:30:00.0,2014-04-01 13:00:00.0,0.00229534439542581226306738884090918872971,,degree Celsius,Version 1.0,Temperature Standard Error  (NEON.DOC.000652),Temperature Mean measurement stream value type (NEON.DOC.000646)
2014-04-01 12:30:00.0,2014-04-01 13:00:00.0,1800,,none,Version 1.0,Number of points used in data product mean value,Temperature Mean measurement stream value type (NEON.DOC.000646)
2014-04-01 12:30:00.0,2014-04-01 13:00:00.0,-4.06543498782621526288494351319968700408,,degree Celsius,Version 1.0,Temperature Mean (NEON.DOC.000646),Temperature Mean measurement stream value type (NEON.DOC.000646)
2014-04-01 13:00:00.0,2014-04-01 13:30:00.0,1800,,none,Version 1.0,Number of points used in data product mean value,Temperature Mean measurement stream value type (NEON.DOC.000646)
2014-04-01 13:00:00.0,2014-04-01 13:30:00.0,-3.55760984733396679047245925175957381725,,degree Celsius,Version 1.0,Temperature Mean (NEON.DOC.000646),Temperature Mean measurement stream value type (NEON.DOC.000646)
2014-04-01 13:00:00.0,2014-04-01 13:30:00.0,0.0161267768512070933106805625811830395832,,degree Celsius,Version 1.0,Temperature Expanded Uncertainty (NEON.DOC.000646),Temperature Mean measurement stream value type (NEON.DOC.000646)
2014-04-01 13:00:00.0,2014-04-01 13:30:00.0,0.006745522529862400806788258478263742290437,,degree Celsius,Version 1.0,Temperature Standard Error  (NEON.DOC.000652),Temperature Mean measurement stream value type (NEON.DOC.000646)
2014-04-01 13:30:00.0,2014-04-01 14:00:00.0,1800,,none,Version 1.0,Number of points used in data product mean value,Temperature Mean measurement stream value type (NEON.DOC.000646)
2014-04-01 13:30:00.0,2014-04-01 14:00:00.0,-2.7925171344565828945860630483366549015,,degree Celsius,Version 1.0,Temperature Mean (NEON.DOC.000646),Temperature Mean measurement stream value type (NEON.DOC.000646)
2014-04-01 13:30:00.0,2014-04-01 14:00:00.0,0.0197091529911163944321916829949259408749,,degree Celsius,Version 1.0,Temperature Expanded Uncertainty (NEON.DOC.000646),Temperature Mean measurement stream value type (NEON.DOC.000646)
2014-04-01 13:30:00.0,2014-04-01 14:00:00.0,0.008832065276643064413719663718893571058288,,degree Celsius,Version 1.0,Temperature Standard Error  (NEON.DOC.000652),Temperature Mean measurement stream value type (NEON.DOC.000646)
2014-04-01 14:00:00.0,2014-04-01 14:30:00.0,0.0267138227223441722391061858843386289663,,degree Celsius,Version 1.0,Temperature Expanded Uncertainty (NEON.DOC.000646),Temperature Mean measurement stream value type (NEON.DOC.000646)
2014-04-01 14:00:00.0,2014-04-01 14:30:00.0,0.0126654011018582906417107025731638714205,,degree Celsius,Version 1.0,Temperature Standard Error  (NEON.DOC.000652),Temperature Mean measurement stream value type (NEON.DOC.000646)
2014-04-01 14:00:00.0,2014-04-01 14:30:00.0,1800,,none,Version 1.0,Number of points used in data product mean value,Temperature Mean measurement stream value type (NEON.DOC.000646)
2014-04-01 14:00:00.0,2014-04-01 14:30:00.0,-1.12495923521124829846939974231645464897,,degree Celsius,Version 1.0,Temperature Mean (NEON.DOC.000646),Temperature Mean measurement stream value type (NEON.DOC.000646)
2014-04-01 14:30:00.0,2014-04-01 15:00:00.0,1800,,none,Version 1.0,Number of points used in data product mean value,Temperature Mean measurement stream value type (NEON.DOC.000646)
2014-04-01 14:30:00.0,2014-04-01 15:00:00.0,0.8381921307019739586507967032957822084426,,degree Celsius,Version 1.0,Temperature Mean (NEON.DOC.000646),Temperature Mean measurement stream value type (NEON.DOC.000646)
2014-04-01 14:30:00.0,2014-04-01 15:00:00.0,0.0255786358194409930988388879313788493163,,degree Celsius,Version 1.0,Temperature Expanded Uncertainty (NEON.DOC.000646),Temperature Mean measurement stream value type (NEON.DOC.000646)
2014-04-01 14:30:00.0,2014-04-01 15:00:00.0,0.0120480752900779444075629598387422447558,,degree Celsius,Version 1.0,Temperature Standard Error  (NEON.DOC.000652),Temperature Mean measurement stream value type (NEON.DOC.000646)
2014-04-01 15:00:00.0,2014-04-01 15:30:00.0,2.6142119120044604585473280167207121849,,degree Celsius,Version 1.0,Temperature Mean (NEON.DOC.000646),Temperature Mean measurement stream value type (NEON.DOC.000646)
2014-04-01 15:00:00.0,2014-04-01 15:30:00.0,0.0170910258311049306767515076899144332855,,degree Celsius,Version 1.0,Temperature Standard Error  (NEON.DOC.000652),Temperature Mean measurement stream value type (NEON.DOC.000646)
2014-04-01 15:00:00.0,2014-04-01 15:30:00.0,1800,,none,Version 1.0,Number of points used in data product mean value,Temperature Mean measurement stream value type (NEON.DOC.000646)
2014-04-01 15:00:00.0,2014-04-01 15:30:00.0,0.0351227137309622142180565163016581209376,,degree Celsius,Version 1.0,Temperature Expanded Uncertainty (NEON.DOC.000646),Temperature Mean measurement stream value type (NEON.DOC.000646)
2014-04-01 15:30:00.0,2014-04-01 16:00:00.0,0.0226822494551185659117376047788638970814,,degree Celsius,Version 1.0,Temperature Expanded Uncertainty (NEON.DOC.000646),Temperature Mean measurement stream value type (NEON.DOC.000646)
2014-04-01 15:30:00.0,2014-04-01 16:00:00.0,3.88164513997288240787497670680750161409,,degree Celsius,Version 1.0,Temperature Mean (NEON.DOC.000646),Temperature Mean measurement stream value type (NEON.DOC.000646)
2014-04-01 15:30:00.0,2014-04-01 16:00:00.0,1800,,none,Version 1.0,Number of points used in data product mean value,Temperature Mean measurement stream value type (NEON.DOC.000646)
2014-04-01 15:30:00.0,2014-04-01 16:00:00.0,0.0104551258890797169748276829182032088283,,degree Celsius,Version 1.0,Temperature Standard Error  (NEON.DOC.000652),Temperature Mean measurement stream value type (NEON.DOC.000646)
2014-04-01 16:00:00.0,2014-04-01 16:30:00.0,6.17930153869080456274787138681858777999,,degree Celsius,Version 1.0,Temperature Mean (NEON.DOC.000646),Temperature Mean measurement stream value type (NEON.DOC.000646)
2014-04-01 16:00:00.0,2014-04-01 16:30:00.0,0.0232461312861348655400828278061453602276,,degree Celsius,Version 1.0,Temperature Expanded Uncertainty (NEON.DOC.000646),Temperature Mean measurement stream value type (NEON.DOC.000646)
2014-04-01 16:00:00.0,2014-04-01 16:30:00.0,1800,,none,Version 1.0,Number of points used in data product mean value,Temperature Mean measurement stream value type (NEON.DOC.000646)
2014-04-01 16:00:00.0,2014-04-01 16:30:00.0,0.0107552940537755745836756560152025485876,,degree Celsius,Version 1.0,Temperature Standard Error  (NEON.DOC.000652),Temperature Mean measurement stream value type (NEON.DOC.000646)
2014-04-01 16:30:00.0,2014-04-01 17:00:00.0,0.0213247527383496025821241204312173067592,,degree Celsius,Version 1.0,Temperature Expanded Uncertainty (NEON.DOC.000646),Temperature Mean measurement stream value type (NEON.DOC.000646)
2014-04-01 16:30:00.0,2014-04-01 17:00:00.0,1800,,none,Version 1.0,Number of points used in data product mean value,Temperature Mean measurement stream value type (NEON.DOC.000646)
2014-04-01 16:30:00.0,2014-04-01 17:00:00.0,0.00968600990381904627946063612853322410956,,degree Celsius,Version 1.0,Temperature Standard Error  (NEON.DOC.000652),Temperature Mean measurement stream value type (NEON.DOC.000646)
2014-04-01 16:30:00.0,2014-04-01 17:00:00.0,7.19849335087285968626247267820872366428,,degree Celsius,Version 1.0,Temperature Mean (NEON.DOC.000646),Temperature Mean measurement stream value type (NEON.DOC.000646)
2014-04-01 17:00:00.0,2014-04-01 17:30:00.0,0.006116383093450812602487332014788989908993,,degree Celsius,Version 1.0,Temperature Standard Error  (NEON.DOC.000652),Temperature Mean measurement stream value type (NEON.DOC.000646)
2014-04-01 17:00:00.0,2014-04-01 17:30:00.0,7.87376020909260621039038596791215240955,,degree Celsius,Version 1.0,Temperature Mean (NEON.DOC.000646),Temperature Mean measurement stream value type (NEON.DOC.000646)
2014-04-01 17:00:00.0,2014-04-01 17:30:00.0,1800,,none,Version 1.0,Number of points used in data product mean value,Temperature Mean measurement stream value type (NEON.DOC.000646)
2014-04-01 17:00:00.0,2014-04-01 17:30:00.0,0.0152603385864577782010664819267731218133,,degree Celsius,Version 1.0,Temperature Expanded Uncertainty (NEON.DOC.000646),Temperature Mean measurement stream value type (NEON.DOC.000646)
2014-04-01 17:30:00.0,2014-04-01 18:00:00.0,8.294969442119382918576775409746915102,,degree Celsius,Version 1.0,Temperature Mean (NEON.DOC.000646),Temperature Mean measurement stream value type (NEON.DOC.000646)
2014-04-01 17:30:00.0,2014-04-01 18:00:00.0,0.009299119416065504753476922417121386388316,,degree Celsius,Version 1.0,Temperature Standard Error  (NEON.DOC.000652),Temperature Mean measurement stream value type (NEON.DOC.000646)
2014-04-01 17:30:00.0,2014-04-01 18:00:00.0,0.0206485739693225527069397884361023898236,,degree Celsius,Version 1.0,Temperature Expanded Uncertainty (NEON.DOC.000646),Temperature Mean measurement stream value type (NEON.DOC.000646)
2014-04-01 17:30:00.0,2014-04-01 18:00:00.0,1800,,none,Version 1.0,Number of points used in data product mean value,Temperature Mean measurement stream value type (NEON.DOC.000646)
2014-04-01 18:00:00.0,2014-04-01 18:30:00.0,1800,,none,Version 1.0,Number of points used in data product mean value,Temperature Mean measurement stream value type (NEON.DOC.000646)
2014-04-01 18:00:00.0,2014-04-01 18:30:00.0,9.15019048094789688718719844473525881767,,degree Celsius,Version 1.0,Temperature Mean (NEON.DOC.000646),Temperature Mean measurement stream value type (NEON.DOC.000646)
2014-04-01 18:00:00.0,2014-04-01 18:30:00.0,0.0191872357907643537044961590254388283938,,degree Celsius,Version 1.0,Temperature Expanded Uncertainty (NEON.DOC.000646),Temperature Mean measurement stream value type (NEON.DOC.000646)
2014-04-01 18:00:00.0,2014-04-01 18:30:00.0,0.008461414161998156643895718787007353967055,,degree Celsius,Version 1.0,Temperature Standard Error  (NEON.DOC.000652),Temperature Mean measurement stream value type (NEON.DOC.000646)
2014-04-01 18:30:00.0,2014-04-01 19:00:00.0,0.008925766819385033690181785459571983665227,,degree Celsius,Version 1.0,Temperature Standard Error  (NEON.DOC.000652),Temperature Mean measurement stream value type (NEON.DOC.000646)
2014-04-01 18:30:00.0,2014-04-01 19:00:00.0,10.39167639671603105000485811615362763404,,degree Celsius,Version 1.0,Temperature Mean (NEON.DOC.000646),Temperature Mean measurement stream value type (NEON.DOC.000646)
2014-04-01 18:30:00.0,2014-04-01 19:00:00.0,0.0200098320286449596339117817933583864942,,degree Celsius,Version 1.0,Temperature Expanded Uncertainty (NEON.DOC.000646),Temperature Mean measurement stream value type (NEON.DOC.000646)
2014-04-01 18:30:00.0,2014-04-01 19:00:00.0,1800,,none,Version 1.0,Number of points used in data product mean value,Temperature Mean measurement stream value type (NEON.DOC.000646)
2014-04-01 19:00:00.0,2014-04-01 19:30:00.0,11.67524046183053698655385232996195554733,,degree Celsius,Version 1.0,Temperature Mean (NEON.DOC.000646),Temperature Mean measurement stream value type (NEON.DOC.000646)
2014-04-01 19:00:00.0,2014-04-01 19:30:00.0,0.0229975750414661700427032542393135372549,,degree Celsius,Version 1.0,Temperature Expanded Uncertainty (NEON.DOC.000646),Temperature Mean measurement stream value type (NEON.DOC.000646)
2014-04-01 19:00:00.0,2014-04-01 19:30:00.0,0.0105925312264636643094783963192639930639,,degree Celsius,Version 1.0,Temperature Standard Error  (NEON.DOC.000652),Temperature Mean measurement stream value type (NEON.DOC.000646)
2014-04-01 19:00:00.0,2014-04-01 19:30:00.0,1800,,none,Version 1.0,Number of points used in data product mean value,Temperature Mean measurement stream value type (NEON.DOC.000646)
2014-04-01 19:30:00.0,2014-04-01 20:00:00.0,1800,,none,Version 1.0,Number of points used in data product mean value,Temperature Mean measurement stream value type (NEON.DOC.000646)
2014-04-01 19:30:00.0,2014-04-01 20:00:00.0,0.0208665884122964905011965441872234805487,,degree Celsius,Version 1.0,Temperature Expanded Uncertainty (NEON.DOC.000646),Temperature Mean measurement stream value type (NEON.DOC.000646)
2014-04-01 19:30:00.0,2014-04-01 20:00:00.0,0.009398213263216615917516882916515896795317,,degree Celsius,Version 1.0,Temperature Standard Error  (NEON.DOC.000652),Temperature Mean measurement stream value type (NEON.DOC.000646)
2014-04-01 19:30:00.0,2014-04-01 20:00:00.0,12.6842460813673891806274696136824786663,,degree Celsius,Version 1.0,Temperature Mean (NEON.DOC.000646),Temperature Mean measurement stream value type (NEON.DOC.000646)
2014-04-01 20:00:00.0,2014-04-01 20:30:00.0,0.006419156351612979698184613397415887448005,,degree Celsius,Version 1.0,Temperature Standard Error  (NEON.DOC.000652),Temperature Mean measurement stream value type (NEON.DOC.000646)
2014-04-01 20:00:00.0,2014-04-01 20:30:00.0,13.05214937479406955844751792028546333312,,degree Celsius,Version 1.0,Temperature Mean (NEON.DOC.000646),Temperature Mean measurement stream value type (NEON.DOC.000646)
2014-04-01 20:00:00.0,2014-04-01 20:30:00.0,1800,,none,Version 1.0,Number of points used in data product mean value,Temperature Mean measurement stream value type (NEON.DOC.000646)
2014-04-01 20:00:00.0,2014-04-01 20:30:00.0,0.0158104093108731753869466984951941412873,,degree Celsius,Version 1.0,Temperature Expanded Uncertainty (NEON.DOC.000646),Temperature Mean measurement stream value type (NEON.DOC.000646)
2014-04-01 20:30:00.0,2014-04-01 21:00:00.0,0.0283246501035115325062285762669489486142,,degree Celsius,Version 1.0,Temperature Expanded Uncertainty (NEON.DOC.000646),Temperature Mean measurement stream value type (NEON.DOC.000646)
2014-04-01 20:30:00.0,2014-04-01 21:00:00.0,0.0134701954874515972271353803080273792147,,degree Celsius,Version 1.0,Temperature Standard Error  (NEON.DOC.000652),Temperature Mean measurement stream value type (NEON.DOC.000646)
2014-04-01 20:30:00.0,2014-04-01 21:00:00.0,1800,,none,Version 1.0,Number of points used in data product mean value,Temperature Mean measurement stream value type (NEON.DOC.000646)
2014-04-01 20:30:00.0,2014-04-01 21:00:00.0,13.3043638504751893236743853776715695858,,degree Celsius,Version 1.0,Temperature Mean (NEON.DOC.000646),Temperature Mean measurement stream value type (NEON.DOC.000646)
2014-04-01 21:00:00.0,2014-04-01 21:30:00.0,0.0139761004613458521272928436474103364162,,degree Celsius,Version 1.0,Temperature Expanded Uncertainty (NEON.DOC.000646),Temperature Mean measurement stream value type (NEON.DOC.000646)
2014-04-01 21:00:00.0,2014-04-01 21:30:00.0,13.31988454311814606967345753218978643417,,degree Celsius,Version 1.0,Temperature Mean (NEON.DOC.000646),Temperature Mean measurement stream value type (NEON.DOC.000646)
2014-04-01 21:00:00.0,2014-04-01 21:30:00.0,0.005225488582104064090583239732268339139409,,degree Celsius,Version 1.0,Temperature Standard Error  (NEON.DOC.000652),Temperature Mean measurement stream value type (NEON.DOC.000646)
2014-04-01 21:00:00.0,2014-04-01 21:30:00.0,1800,,none,Version 1.0,Number of points used in data product mean value,Temperature Mean measurement stream value type (NEON.DOC.000646)
2014-04-01 21:30:00.0,2014-04-01 22:00:00.0,13.36030536741239593823138420702889561653,,degree Celsius,Version 1.0,Temperature Mean (NEON.DOC.000646),Temperature Mean measurement stream value type (NEON.DOC.000646)
2014-04-01 21:30:00.0,2014-04-01 22:00:00.0,0.009734195107390633885935393720956199103966,,degree Celsius,Version 1.0,Temperature Standard Error  (NEON.DOC.000652),Temperature Mean measurement stream value type (NEON.DOC.000646)
2014-04-01 21:30:00.0,2014-04-01 22:00:00.0,0.0214720984770495337823348336314666084945,,degree Celsius,Version 1.0,Temperature Expanded Uncertainty (NEON.DOC.000646),Temperature Mean measurement stream value type (NEON.DOC.000646)
2014-04-01 21:30:00.0,2014-04-01 22:00:00.0,1800,,none,Version 1.0,Number of points used in data product mean value,Temperature Mean measurement stream value type (NEON.DOC.000646)
2014-04-01 22:00:00.0,2014-04-01 22:30:00.0,0.0105260169834904115243601196993949997704,,degree Celsius,Version 1.0,Temperature Standard Error  (NEON.DOC.000652),Temperature Mean measurement stream value type (NEON.DOC.000646)
2014-04-01 22:00:00.0,2014-04-01 22:30:00.0,1800,,none,Version 1.0,Number of points used in data product mean value,Temperature Mean measurement stream value type (NEON.DOC.000646)
2014-04-01 22:00:00.0,2014-04-01 22:30:00.0,0.0228933370175816927605261241751577472314,,degree Celsius,Version 1.0,Temperature Expanded Uncertainty (NEON.DOC.000646),Temperature Mean measurement stream value type (NEON.DOC.000646)
2014-04-01 22:00:00.0,2014-04-01 22:30:00.0,12.58682258870501513570161478128284215927,,degree Celsius,Version 1.0,Temperature Mean (NEON.DOC.000646),Temperature Mean measurement stream value type (NEON.DOC.000646)
2014-04-01 22:30:00.0,2014-04-01 23:00:00.0,0.0139714787363206926346093084134736272972,,degree Celsius,Version 1.0,Temperature Standard Error  (NEON.DOC.000652),Temperature Mean measurement stream value type (NEON.DOC.000646)
2014-04-01 22:30:00.0,2014-04-01 23:00:00.0,11.73964505875705910398210107814520597457,,degree Celsius,Version 1.0,Temperature Mean (NEON.DOC.000646),Temperature Mean measurement stream value type (NEON.DOC.000646)
2014-04-01 22:30:00.0,2014-04-01 23:00:00.0,0.0292538768563594224481061445430896128527,,degree Celsius,Version 1.0,Temperature Expanded Uncertainty (NEON.DOC.000646),Temperature Mean measurement stream value type (NEON.DOC.000646)
2014-04-01 22:30:00.0,2014-04-01 23:00:00.0,1800,,none,Version 1.0,Number of points used in data product mean value,Temperature Mean measurement stream value type (NEON.DOC.000646)
2014-04-01 23:00:00.0,2014-04-01 23:30:00.0,10.72771472754309485253543243743479251861,,degree Celsius,Version 1.0,Temperature Mean (NEON.DOC.000646),Temperature Mean measurement stream value type (NEON.DOC.000646)
2014-04-01 23:00:00.0,2014-04-01 23:30:00.0,0.0140239648410347070295323135269427439197,,degree Celsius,Version 1.0,Temperature Expanded Uncertainty (NEON.DOC.000646),Temperature Mean measurement stream value type (NEON.DOC.000646)
2014-04-01 23:00:00.0,2014-04-01 23:30:00.0,1800,,none,Version 1.0,Number of points used in data product mean value,Temperature Mean measurement stream value type (NEON.DOC.000646)
2014-04-01 23:00:00.0,2014-04-01 23:30:00.0,0.00528638687651505553843911400235811015591,,degree Celsius,Version 1.0,Temperature Standard Error  (NEON.DOC.000652),Temperature Mean measurement stream value type (NEON.DOC.000646)
2014-04-01 23:30:00.0,2014-04-02 00:00:00.0,9.91508036182797702906555059598758816719,,degree Celsius,Version 1.0,Temperature Mean (NEON.DOC.000646),Temperature Mean measurement stream value type (NEON.DOC.000646)
2014-04-01 23:30:00.0,2014-04-02 00:00:00.0,1800,,none,Version 1.0,Number of points used in data product mean value,Temperature Mean measurement stream value type (NEON.DOC.000646)
2014-04-01 23:30:00.0,2014-04-02 00:00:00.0,0.0147680440328313618975064613891845510806,,degree Celsius,Version 1.0,Temperature Expanded Uncertainty (NEON.DOC.000646),Temperature Mean measurement stream value type (NEON.DOC.000646)
2014-04-01 23:30:00.0,2014-04-02 00:00:00.0,0.005785248038605157044900195728587277699261,,degree Celsius,Version 1.0,Temperature Standard Error  (NEON.DOC.000652),Temperature Mean measurement stream value type (NEON.DOC.000646)
2014-04-02 00:00:00.0,2014-04-02 00:30:00.0,0.00804160584433708837404086722244755947031,,degree Celsius,Version 1.0,Temperature Standard Error  (NEON.DOC.000652),Temperature Mean measurement stream value type (NEON.DOC.000646)
2014-04-02 00:00:00.0,2014-04-02 00:30:00.0,0.0184531562114253130935104252330347662791,,degree Celsius,Version 1.0,Temperature Expanded Uncertainty (NEON.DOC.000646),Temperature Mean measurement stream value type (NEON.DOC.000646)
2014-04-02 00:00:00.0,2014-04-02 00:30:00.0,1800,,none,Version 1.0,Number of points used in data product mean value,Temperature Mean measurement stream value type (NEON.DOC.000646)
2014-04-02 00:00:00.0,2014-04-02 00:30:00.0,8.77153911813014275367095251567661762237,,degree Celsius,Version 1.0,Temperature Mean (NEON.DOC.000646),Temperature Mean measurement stream value type (NEON.DOC.000646)
