# Data from NEON Inc.
# These data are provided under the terms of the NEON data policy included in this data download.
# Data Product ID: NEON.D10.RS1.DP1.00002.001.001.003.002
# Data Product Name: 30 minutes mean temperature tower level 3
# Site: Sterling Site, RELOCATABLE (CO)
# Geographic coordinates (lat/long): 40.4619/-103.0293
# Domain: Domain 10
# Query Citation Code: 8F1ADE0018B74FAF9F43D4B53FB5D477
# Date-Time of Query Submission: 2014-07-09 19:52 (UTC)
# Start Date-Time for Data: 2014-04-01 00:00 (UTC)
# End Date-Time for Data: 2014-04-02 00:00 (UTC)
# 
### Sensor Metadata Below
### Sensor information: Thermometrics Climate RTD 100  Omega  Probe and Met One 076B aspirated radiation shield
### Units: deg C
### Sampling Rate (Hz): 1
### Assembly repeatability (precision) in deg C: 0.0025
### Assembly refers to the sensor(s) and relevant components (e.g. DAS); here repeatability represents the maximum expected assembly noise given at 95% confidence.
### Boom Level: 3
### Height Above Ground Level (m): 4.606
### Lat/Lon: 40.46187293/-103.0293535
### Threshold For Range test (Hard): min:  -89.2 (deg C) max:  56.7 (deg C)
### Threshold for Range test (soft): min: -54.4 (deg C) max: 46.1 (deg C)
### Threshold For Step test: 0.5 (deg C)
#
Start Date,End Date,Data 1,Data 2,Units,Readout Version,Value Name,Measurement Readout Type Name
2014-04-01 00:00:00.0,2014-04-01 00:30:00.0,0.0140738546922621853008106285187750472687,,degree Celsius,Version 1.0,Temperature Expanded Uncertainty (NEON.DOC.000646),Temperature Mean measurement stream value type (NEON.DOC.000646)
2014-04-01 00:00:00.0,2014-04-01 00:30:00.0,1800,,none,Version 1.0,Number of points used in data product mean value,Temperature Mean measurement stream value type (NEON.DOC.000646)
2014-04-01 00:00:00.0,2014-04-01 00:30:00.0,0.005367102559695090084612711933687023702077,,degree Celsius,Version 1.0,Temperature Standard Error  (NEON.DOC.000652),Temperature Mean measurement stream value type (NEON.DOC.000646)
2014-04-01 00:00:00.0,2014-04-01 00:30:00.0,5.78356657926355222087977381306700408458,,degree Celsius,Version 1.0,Temperature Mean (NEON.DOC.000646),Temperature Mean measurement stream value type (NEON.DOC.000646)
2014-04-01 00:30:00.0,2014-04-01 01:00:00.0,0.008648852851761425555854323476978606777265,,degree Celsius,Version 1.0,Temperature Standard Error  (NEON.DOC.000652),Temperature Mean measurement stream value type (NEON.DOC.000646)
2014-04-01 00:30:00.0,2014-04-01 01:00:00.0,4.81964106462966412891546497121453285217,,degree Celsius,Version 1.0,Temperature Mean (NEON.DOC.000646),Temperature Mean measurement stream value type (NEON.DOC.000646)
2014-04-01 00:30:00.0,2014-04-01 01:00:00.0,0.0194620715360498373891484646946992143057,,degree Celsius,Version 1.0,Temperature Expanded Uncertainty (NEON.DOC.000646),Temperature Mean measurement stream value type (NEON.DOC.000646)
2014-04-01 00:30:00.0,2014-04-01 01:00:00.0,1800,,none,Version 1.0,Number of points used in data product mean value,Temperature Mean measurement stream value type (NEON.DOC.000646)
2014-04-01 01:00:00.0,2014-04-01 01:30:00.0,0.0184350689812114269805487509756858344189,,degree Celsius,Version 1.0,Temperature Expanded Uncertainty (NEON.DOC.000646),Temperature Mean measurement stream value type (NEON.DOC.000646)
2014-04-01 01:00:00.0,2014-04-01 01:30:00.0,3.5074797531732841981977344403276219964,,degree Celsius,Version 1.0,Temperature Mean (NEON.DOC.000646),Temperature Mean measurement stream value type (NEON.DOC.000646)
2014-04-01 01:00:00.0,2014-04-01 01:30:00.0,1800,,none,Version 1.0,Number of points used in data product mean value,Temperature Mean measurement stream value type (NEON.DOC.000646)
2014-04-01 01:00:00.0,2014-04-01 01:30:00.0,0.008064629269632984584492696455981786129996,,degree Celsius,Version 1.0,Temperature Standard Error  (NEON.DOC.000652),Temperature Mean measurement stream value type (NEON.DOC.000646)
2014-04-01 01:30:00.0,2014-04-01 02:00:00.0,0.0165182400470546553172823678323766216635,,degree Celsius,Version 1.0,Temperature Expanded Uncertainty (NEON.DOC.000646),Temperature Mean measurement stream value type (NEON.DOC.000646)
2014-04-01 01:30:00.0,2014-04-01 02:00:00.0,0.006938793126256458804190785372156824450939,,degree Celsius,Version 1.0,Temperature Standard Error  (NEON.DOC.000652),Temperature Mean measurement stream value type (NEON.DOC.000646)
2014-04-01 01:30:00.0,2014-04-01 02:00:00.0,1800,,none,Version 1.0,Number of points used in data product mean value,Temperature Mean measurement stream value type (NEON.DOC.000646)
2014-04-01 01:30:00.0,2014-04-01 02:00:00.0,2.40288537747151931256439638673327863216,,degree Celsius,Version 1.0,Temperature Mean (NEON.DOC.000646),Temperature Mean measurement stream value type (NEON.DOC.000646)
2014-04-01 02:00:00.0,2014-04-01 02:30:00.0,0.006805156454105909698271137386882401187904,,degree Celsius,Version 1.0,Temperature Standard Error  (NEON.DOC.000652),Temperature Mean measurement stream value type (NEON.DOC.000646)
2014-04-01 02:00:00.0,2014-04-01 02:30:00.0,1.45103793474887976522325061523588374257,,degree Celsius,Version 1.0,Temperature Mean (NEON.DOC.000646),Temperature Mean measurement stream value type (NEON.DOC.000646)
2014-04-01 02:00:00.0,2014-04-01 02:30:00.0,1800,,none,Version 1.0,Number of points used in data product mean value,Temperature Mean measurement stream value type (NEON.DOC.000646)
2014-04-01 02:00:00.0,2014-04-01 02:30:00.0,0.0162850461910266086640319826983613893389,,degree Celsius,Version 1.0,Temperature Expanded Uncertainty (NEON.DOC.000646),Temperature Mean measurement stream value type (NEON.DOC.000646)
2014-04-01 02:30:00.0,2014-04-01 03:00:00.0,0.0127987799373310649070356603829168307129,,degree Celsius,Version 1.0,Temperature Expanded Uncertainty (NEON.DOC.000646),Temperature Mean measurement stream value type (NEON.DOC.000646)
2014-04-01 02:30:00.0,2014-04-01 03:00:00.0,0.00454333270509328472630539152987694251351,,degree Celsius,Version 1.0,Temperature Standard Error  (NEON.DOC.000652),Temperature Mean measurement stream value type (NEON.DOC.000646)
2014-04-01 02:30:00.0,2014-04-01 03:00:00.0,1800,,none,Version 1.0,Number of points used in data product mean value,Temperature Mean measurement stream value type (NEON.DOC.000646)
2014-04-01 02:30:00.0,2014-04-01 03:00:00.0,0.5773171172322147937094882763631176203489,,degree Celsius,Version 1.0,Temperature Mean (NEON.DOC.000646),Temperature Mean measurement stream value type (NEON.DOC.000646)
2014-04-01 03:00:00.0,2014-04-01 03:30:00.0,0.0147446664048867890489669107978443207684,,degree Celsius,Version 1.0,Temperature Expanded Uncertainty (NEON.DOC.000646),Temperature Mean measurement stream value type (NEON.DOC.000646)
2014-04-01 03:00:00.0,2014-04-01 03:30:00.0,0.005857439306810789322876864559930254472419,,degree Celsius,Version 1.0,Temperature Standard Error  (NEON.DOC.000652),Temperature Mean measurement stream value type (NEON.DOC.000646)
2014-04-01 03:00:00.0,2014-04-01 03:30:00.0,-0.0694246246953333090434767882470623590052,,degree Celsius,Version 1.0,Temperature Mean (NEON.DOC.000646),Temperature Mean measurement stream value type (NEON.DOC.000646)
2014-04-01 03:00:00.0,2014-04-01 03:30:00.0,1800,,none,Version 1.0,Number of points used in data product mean value,Temperature Mean measurement stream value type (NEON.DOC.000646)
2014-04-01 03:30:00.0,2014-04-01 04:00:00.0,0.014631630642482100143619838661379617406,,degree Celsius,Version 1.0,Temperature Expanded Uncertainty (NEON.DOC.000646),Temperature Mean measurement stream value type (NEON.DOC.000646)
2014-04-01 03:30:00.0,2014-04-01 04:00:00.0,-0.8829311980688256955573933737468905746936,,degree Celsius,Version 1.0,Temperature Mean (NEON.DOC.000646),Temperature Mean measurement stream value type (NEON.DOC.000646)
2014-04-01 03:30:00.0,2014-04-01 04:00:00.0,0.005792328927003142884089026409810685436241,,degree Celsius,Version 1.0,Temperature Standard Error  (NEON.DOC.000652),Temperature Mean measurement stream value type (NEON.DOC.000646)
2014-04-01 03:30:00.0,2014-04-01 04:00:00.0,1800,,none,Version 1.0,Number of points used in data product mean value,Temperature Mean measurement stream value type (NEON.DOC.000646)
2014-04-01 04:00:00.0,2014-04-01 04:30:00.0,0.009352671390724329528176816950235661352053,,degree Celsius,Version 1.0,Temperature Expanded Uncertainty (NEON.DOC.000646),Temperature Mean measurement stream value type (NEON.DOC.000646)
2014-04-01 04:00:00.0,2014-04-01 04:30:00.0,-1.13575232679070059482739907252835109829,,degree Celsius,Version 1.0,Temperature Mean (NEON.DOC.000646),Temperature Mean measurement stream value type (NEON.DOC.000646)
2014-04-01 04:00:00.0,2014-04-01 04:30:00.0,0.001202866251815170846664604376030638377415,,degree Celsius,Version 1.0,Temperature Standard Error  (NEON.DOC.000652),Temperature Mean measurement stream value type (NEON.DOC.000646)
2014-04-01 04:00:00.0,2014-04-01 04:30:00.0,1800,,none,Version 1.0,Number of points used in data product mean value,Temperature Mean measurement stream value type (NEON.DOC.000646)
2014-04-01 04:30:00.0,2014-04-01 05:00:00.0,0.0141720000678752424544404320272406039293,,degree Celsius,Version 1.0,Temperature Expanded Uncertainty (NEON.DOC.000646),Temperature Mean measurement stream value type (NEON.DOC.000646)
2014-04-01 04:30:00.0,2014-04-01 05:00:00.0,1800,,none,Version 1.0,Number of points used in data product mean value,Temperature Mean measurement stream value type (NEON.DOC.000646)
2014-04-01 04:30:00.0,2014-04-01 05:00:00.0,-1.60748330162328278980510276596760377287,,degree Celsius,Version 1.0,Temperature Mean (NEON.DOC.000646),Temperature Mean measurement stream value type (NEON.DOC.000646)
2014-04-01 04:30:00.0,2014-04-01 05:00:00.0,0.005501616087919337580447454172372090397402,,degree Celsius,Version 1.0,Temperature Standard Error  (NEON.DOC.000652),Temperature Mean measurement stream value type (NEON.DOC.000646)
2014-04-01 05:00:00.0,2014-04-01 05:30:00.0,-1.76489873207606740024289138091262429952,,degree Celsius,Version 1.0,Temperature Mean (NEON.DOC.000646),Temperature Mean measurement stream value type (NEON.DOC.000646)
2014-04-01 05:00:00.0,2014-04-01 05:30:00.0,0.009631281286303156746742004656880453694611,,degree Celsius,Version 1.0,Temperature Expanded Uncertainty (NEON.DOC.000646),Temperature Mean measurement stream value type (NEON.DOC.000646)
2014-04-01 05:00:00.0,2014-04-01 05:30:00.0,1800,,none,Version 1.0,Number of points used in data product mean value,Temperature Mean measurement stream value type (NEON.DOC.000646)
2014-04-01 05:00:00.0,2014-04-01 05:30:00.0,0.001689645911456195926866885592687594908056,,degree Celsius,Version 1.0,Temperature Standard Error  (NEON.DOC.000652),Temperature Mean measurement stream value type (NEON.DOC.000646)
2014-04-01 05:30:00.0,2014-04-01 06:00:00.0,0.0100134587541507273644736386586373555473,,degree Celsius,Version 1.0,Temperature Expanded Uncertainty (NEON.DOC.000646),Temperature Mean measurement stream value type (NEON.DOC.000646)
2014-04-01 05:30:00.0,2014-04-01 06:00:00.0,-1.87298080676664491228677889012033119797,,degree Celsius,Version 1.0,Temperature Mean (NEON.DOC.000646),Temperature Mean measurement stream value type (NEON.DOC.000646)
2014-04-01 05:30:00.0,2014-04-01 06:00:00.0,1800,,none,Version 1.0,Number of points used in data product mean value,Temperature Mean measurement stream value type (NEON.DOC.000646)
2014-04-01 05:30:00.0,2014-04-01 06:00:00.0,0.002182039050675830919867603796546973171643,,degree Celsius,Version 1.0,Temperature Standard Error  (NEON.DOC.000652),Temperature Mean measurement stream value type (NEON.DOC.000646)
2014-04-01 06:00:00.0,2014-04-01 06:30:00.0,0.001114946286782483517163733210963982855901,,degree Celsius,Version 1.0,Temperature Standard Error  (NEON.DOC.000652),Temperature Mean measurement stream value type (NEON.DOC.000646)
2014-04-01 06:00:00.0,2014-04-01 06:30:00.0,-1.57099322538299523976945692993467673659,,degree Celsius,Version 1.0,Temperature Mean (NEON.DOC.000646),Temperature Mean measurement stream value type (NEON.DOC.000646)
2014-04-01 06:00:00.0,2014-04-01 06:30:00.0,1800,,none,Version 1.0,Number of points used in data product mean value,Temperature Mean measurement stream value type (NEON.DOC.000646)
2014-04-01 06:00:00.0,2014-04-01 06:30:00.0,0.009300195310513979796152028711730963550508,,degree Celsius,Version 1.0,Temperature Expanded Uncertainty (NEON.DOC.000646),Temperature Mean measurement stream value type (NEON.DOC.000646)
2014-04-01 06:30:00.0,2014-04-01 07:00:00.0,-1.62749272176054349259288756002206355333,,degree Celsius,Version 1.0,Temperature Mean (NEON.DOC.000646),Temperature Mean measurement stream value type (NEON.DOC.000646)
2014-04-01 06:30:00.0,2014-04-01 07:00:00.0,0.009168487249136891142908822871504526119679,,degree Celsius,Version 1.0,Temperature Expanded Uncertainty (NEON.DOC.000646),Temperature Mean measurement stream value type (NEON.DOC.000646)
2014-04-01 06:30:00.0,2014-04-01 07:00:00.0,0.000797076721253159054675352379604191810358,,degree Celsius,Version 1.0,Temperature Standard Error  (NEON.DOC.000652),Temperature Mean measurement stream value type (NEON.DOC.000646)
2014-04-01 06:30:00.0,2014-04-01 07:00:00.0,1800,,none,Version 1.0,Number of points used in data product mean value,Temperature Mean measurement stream value type (NEON.DOC.000646)
2014-04-01 07:00:00.0,2014-04-01 07:30:00.0,0.0109551873516081539616795481606459361501,,degree Celsius,Version 1.0,Temperature Expanded Uncertainty (NEON.DOC.000646),Temperature Mean measurement stream value type (NEON.DOC.000646)
2014-04-01 07:00:00.0,2014-04-01 07:30:00.0,1800,,none,Version 1.0,Number of points used in data product mean value,Temperature Mean measurement stream value type (NEON.DOC.000646)
2014-04-01 07:00:00.0,2014-04-01 07:30:00.0,0.003127026539520400775368225154693391232285,,degree Celsius,Version 1.0,Temperature Standard Error  (NEON.DOC.000652),Temperature Mean measurement stream value type (NEON.DOC.000646)
2014-04-01 07:00:00.0,2014-04-01 07:30:00.0,-1.83652031593026743294672087358776479959,,degree Celsius,Version 1.0,Temperature Mean (NEON.DOC.000646),Temperature Mean measurement stream value type (NEON.DOC.000646)
2014-04-01 07:30:00.0,2014-04-01 08:00:00.0,-2.02981843599453570803348156914580613374,,degree Celsius,Version 1.0,Temperature Mean (NEON.DOC.000646),Temperature Mean measurement stream value type (NEON.DOC.000646)
2014-04-01 07:30:00.0,2014-04-01 08:00:00.0,0.0102720711012137498607810215389690711162,,degree Celsius,Version 1.0,Temperature Expanded Uncertainty (NEON.DOC.000646),Temperature Mean measurement stream value type (NEON.DOC.000646)
2014-04-01 07:30:00.0,2014-04-01 08:00:00.0,0.002472615132888762549956407355011833715252,,degree Celsius,Version 1.0,Temperature Standard Error  (NEON.DOC.000652),Temperature Mean measurement stream value type (NEON.DOC.000646)
2014-04-01 07:30:00.0,2014-04-01 08:00:00.0,1800,,none,Version 1.0,Number of points used in data product mean value,Temperature Mean measurement stream value type (NEON.DOC.000646)
2014-04-01 08:00:00.0,2014-04-01 08:30:00.0,0.003526310996132031409799889587475263397209,,degree Celsius,Version 1.0,Temperature Standard Error  (NEON.DOC.000652),Temperature Mean measurement stream value type (NEON.DOC.000646)
2014-04-01 08:00:00.0,2014-04-01 08:30:00.0,0.0114161440578154724928561236652058141771,,degree Celsius,Version 1.0,Temperature Expanded Uncertainty (NEON.DOC.000646),Temperature Mean measurement stream value type (NEON.DOC.000646)
2014-04-01 08:00:00.0,2014-04-01 08:30:00.0,1800,,none,Version 1.0,Number of points used in data product mean value,Temperature Mean measurement stream value type (NEON.DOC.000646)
2014-04-01 08:00:00.0,2014-04-01 08:30:00.0,-2.23492841403260422694643239083234220743,,degree Celsius,Version 1.0,Temperature Mean (NEON.DOC.000646),Temperature Mean measurement stream value type (NEON.DOC.000646)
2014-04-01 08:30:00.0,2014-04-01 09:00:00.0,0.003787907143801583567666035889942577341571,,degree Celsius,Version 1.0,Temperature Standard Error  (NEON.DOC.000652),Temperature Mean measurement stream value type (NEON.DOC.000646)
2014-04-01 08:30:00.0,2014-04-01 09:00:00.0,1800,,none,Version 1.0,Number of points used in data product mean value,Temperature Mean measurement stream value type (NEON.DOC.000646)
2014-04-01 08:30:00.0,2014-04-01 09:00:00.0,-2.60002891898738486275988179841078817844,,degree Celsius,Version 1.0,Temperature Mean (NEON.DOC.000646),Temperature Mean measurement stream value type (NEON.DOC.000646)
2014-04-01 08:30:00.0,2014-04-01 09:00:00.0,0.0117353173838057132233325674519619497004,,degree Celsius,Version 1.0,Temperature Expanded Uncertainty (NEON.DOC.000646),Temperature Mean measurement stream value type (NEON.DOC.000646)
2014-04-01 09:00:00.0,2014-04-01 09:30:00.0,1800,,none,Version 1.0,Number of points used in data product mean value,Temperature Mean measurement stream value type (NEON.DOC.000646)
2014-04-01 09:00:00.0,2014-04-01 09:30:00.0,-3.19550745031102900739483629877213388681,,degree Celsius,Version 1.0,Temperature Mean (NEON.DOC.000646),Temperature Mean measurement stream value type (NEON.DOC.000646)
2014-04-01 09:00:00.0,2014-04-01 09:30:00.0,0.0148554270118348707985234113948536105453,,degree Celsius,Version 1.0,Temperature Expanded Uncertainty (NEON.DOC.000646),Temperature Mean measurement stream value type (NEON.DOC.000646)
2014-04-01 09:00:00.0,2014-04-01 09:30:00.0,0.005955676697034604540059721244915635907091,,degree Celsius,Version 1.0,Temperature Standard Error  (NEON.DOC.000652),Temperature Mean measurement stream value type (NEON.DOC.000646)
2014-04-01 09:30:00.0,2014-04-01 10:00:00.0,0.006208690555516497601440395470717703574337,,degree Celsius,Version 1.0,Temperature Standard Error  (NEON.DOC.000652),Temperature Mean measurement stream value type (NEON.DOC.000646)
2014-04-01 09:30:00.0,2014-04-01 10:00:00.0,-4.16272090590275212207416188903152942657,,degree Celsius,Version 1.0,Temperature Mean (NEON.DOC.000646),Temperature Mean measurement stream value type (NEON.DOC.000646)
2014-04-01 09:30:00.0,2014-04-01 10:00:00.0,1800,,none,Version 1.0,Number of points used in data product mean value,Temperature Mean measurement stream value type (NEON.DOC.000646)
2014-04-01 09:30:00.0,2014-04-01 10:00:00.0,0.0152473676316519438089791549373330781236,,degree Celsius,Version 1.0,Temperature Expanded Uncertainty (NEON.DOC.000646),Temperature Mean measurement stream value type (NEON.DOC.000646)
2014-04-01 10:00:00.0,2014-04-01 10:30:00.0,1800,,none,Version 1.0,Number of points used in data product mean value,Temperature Mean measurement stream value type (NEON.DOC.000646)
2014-04-01 10:00:00.0,2014-04-01 10:30:00.0,-4.31484289759131822705739978118799626827,,degree Celsius,Version 1.0,Temperature Mean (NEON.DOC.000646),Temperature Mean measurement stream value type (NEON.DOC.000646)
2014-04-01 10:00:00.0,2014-04-01 10:30:00.0,0.003129029157659678900271771340158011298626,,degree Celsius,Version 1.0,Temperature Standard Error  (NEON.DOC.000652),Temperature Mean measurement stream value type (NEON.DOC.000646)
2014-04-01 10:00:00.0,2014-04-01 10:30:00.0,0.0109155578648299066840676729839287872891,,degree Celsius,Version 1.0,Temperature Expanded Uncertainty (NEON.DOC.000646),Temperature Mean measurement stream value type (NEON.DOC.000646)
2014-04-01 10:30:00.0,2014-04-01 11:00:00.0,0.00223671151369732789868094435803413944086,,degree Celsius,Version 1.0,Temperature Standard Error  (NEON.DOC.000652),Temperature Mean measurement stream value type (NEON.DOC.000646)
2014-04-01 10:30:00.0,2014-04-01 11:00:00.0,0.0100222441935565436538224659557272389065,,degree Celsius,Version 1.0,Temperature Expanded Uncertainty (NEON.DOC.000646),Temperature Mean measurement stream value type (NEON.DOC.000646)
2014-04-01 10:30:00.0,2014-04-01 11:00:00.0,1800,,none,Version 1.0,Number of points used in data product mean value,Temperature Mean measurement stream value type (NEON.DOC.000646)
2014-04-01 10:30:00.0,2014-04-01 11:00:00.0,-3.92095503565365399722963957174215465784,,degree Celsius,Version 1.0,Temperature Mean (NEON.DOC.000646),Temperature Mean measurement stream value type (NEON.DOC.000646)
2014-04-01 11:00:00.0,2014-04-01 11:30:00.0,0.0007635686963898931844604844876300830947,,degree Celsius,Version 1.0,Temperature Standard Error  (NEON.DOC.000652),Temperature Mean measurement stream value type (NEON.DOC.000646)
2014-04-01 11:00:00.0,2014-04-01 11:30:00.0,-3.57548616576134303812750658835284411907,,degree Celsius,Version 1.0,Temperature Mean (NEON.DOC.000646),Temperature Mean measurement stream value type (NEON.DOC.000646)
2014-04-01 11:00:00.0,2014-04-01 11:30:00.0,0.009116106148463446953722488785842870129272,,degree Celsius,Version 1.0,Temperature Expanded Uncertainty (NEON.DOC.000646),Temperature Mean measurement stream value type (NEON.DOC.000646)
2014-04-01 11:00:00.0,2014-04-01 11:30:00.0,1800,,none,Version 1.0,Number of points used in data product mean value,Temperature Mean measurement stream value type (NEON.DOC.000646)
2014-04-01 11:30:00.0,2014-04-01 12:00:00.0,1800,,none,Version 1.0,Number of points used in data product mean value,Temperature Mean measurement stream value type (NEON.DOC.000646)
2014-04-01 11:30:00.0,2014-04-01 12:00:00.0,0.002370364717146567195421580365177760540973,,degree Celsius,Version 1.0,Temperature Standard Error  (NEON.DOC.000652),Temperature Mean measurement stream value type (NEON.DOC.000646)
2014-04-01 11:30:00.0,2014-04-01 12:00:00.0,-3.65082801132731704640832504082936793565,,degree Celsius,Version 1.0,Temperature Mean (NEON.DOC.000646),Temperature Mean measurement stream value type (NEON.DOC.000646)
2014-04-01 11:30:00.0,2014-04-01 12:00:00.0,0.0101458746410801620846386938978866965044,,degree Celsius,Version 1.0,Temperature Expanded Uncertainty (NEON.DOC.000646),Temperature Mean measurement stream value type (NEON.DOC.000646)
2014-04-01 12:00:00.0,2014-04-01 12:30:00.0,1800,,none,Version 1.0,Number of points used in data product mean value,Temperature Mean measurement stream value type (NEON.DOC.000646)
2014-04-01 12:00:00.0,2014-04-01 12:30:00.0,-3.72191144846732546724865642318036407232,,degree Celsius,Version 1.0,Temperature Mean (NEON.DOC.000646),Temperature Mean measurement stream value type (NEON.DOC.000646)
2014-04-01 12:00:00.0,2014-04-01 12:30:00.0,0.000695446693755093149798274243522655524429,,degree Celsius,Version 1.0,Temperature Standard Error  (NEON.DOC.000652),Temperature Mean measurement stream value type (NEON.DOC.000646)
2014-04-01 12:00:00.0,2014-04-01 12:30:00.0,0.009091855508305220212594832673858036287128,,degree Celsius,Version 1.0,Temperature Expanded Uncertainty (NEON.DOC.000646),Temperature Mean measurement stream value type (NEON.DOC.000646)
2014-04-01 12:30:00.0,2014-04-01 13:00:00.0,1800,,none,Version 1.0,Number of points used in data product mean value,Temperature Mean measurement stream value type (NEON.DOC.000646)
2014-04-01 12:30:00.0,2014-04-01 13:00:00.0,0.009545998426893199592657701657572033582255,,degree Celsius,Version 1.0,Temperature Expanded Uncertainty (NEON.DOC.000646),Temperature Mean measurement stream value type (NEON.DOC.000646)
2014-04-01 12:30:00.0,2014-04-01 13:00:00.0,0.001626632479746617900365213138513809099094,,degree Celsius,Version 1.0,Temperature Standard Error  (NEON.DOC.000652),Temperature Mean measurement stream value type (NEON.DOC.000646)
2014-04-01 12:30:00.0,2014-04-01 13:00:00.0,-3.88881850752644764313004088762681931257,,degree Celsius,Version 1.0,Temperature Mean (NEON.DOC.000646),Temperature Mean measurement stream value type (NEON.DOC.000646)
2014-04-01 13:00:00.0,2014-04-01 13:30:00.0,0.006021314107334988820208199200578746967948,,degree Celsius,Version 1.0,Temperature Standard Error  (NEON.DOC.000652),Temperature Mean measurement stream value type (NEON.DOC.000646)
2014-04-01 13:00:00.0,2014-04-01 13:30:00.0,-3.50114782000907087677887830068357288837,,degree Celsius,Version 1.0,Temperature Mean (NEON.DOC.000646),Temperature Mean measurement stream value type (NEON.DOC.000646)
2014-04-01 13:00:00.0,2014-04-01 13:30:00.0,0.01495595289308251571447350158905464923,,degree Celsius,Version 1.0,Temperature Expanded Uncertainty (NEON.DOC.000646),Temperature Mean measurement stream value type (NEON.DOC.000646)
2014-04-01 13:00:00.0,2014-04-01 13:30:00.0,1800,,none,Version 1.0,Number of points used in data product mean value,Temperature Mean measurement stream value type (NEON.DOC.000646)
2014-04-01 13:30:00.0,2014-04-01 14:00:00.0,0.004842510775289041689839475424150805338285,,degree Celsius,Version 1.0,Temperature Standard Error  (NEON.DOC.000652),Temperature Mean measurement stream value type (NEON.DOC.000646)
2014-04-01 13:30:00.0,2014-04-01 14:00:00.0,0.0131725866294681113327635912924051808658,,degree Celsius,Version 1.0,Temperature Expanded Uncertainty (NEON.DOC.000646),Temperature Mean measurement stream value type (NEON.DOC.000646)
2014-04-01 13:30:00.0,2014-04-01 14:00:00.0,-2.87232945612350443198579341697040945291,,degree Celsius,Version 1.0,Temperature Mean (NEON.DOC.000646),Temperature Mean measurement stream value type (NEON.DOC.000646)
2014-04-01 13:30:00.0,2014-04-01 14:00:00.0,1800,,none,Version 1.0,Number of points used in data product mean value,Temperature Mean measurement stream value type (NEON.DOC.000646)
2014-04-01 14:00:00.0,2014-04-01 14:30:00.0,1800,,none,Version 1.0,Number of points used in data product mean value,Temperature Mean measurement stream value type (NEON.DOC.000646)
2014-04-01 14:00:00.0,2014-04-01 14:30:00.0,0.0212286934117088196827261015187104931101,,degree Celsius,Version 1.0,Temperature Expanded Uncertainty (NEON.DOC.000646),Temperature Mean measurement stream value type (NEON.DOC.000646)
2014-04-01 14:00:00.0,2014-04-01 14:30:00.0,-1.74642033750884162479621863894863054156,,degree Celsius,Version 1.0,Temperature Mean (NEON.DOC.000646),Temperature Mean measurement stream value type (NEON.DOC.000646)
2014-04-01 14:00:00.0,2014-04-01 14:30:00.0,0.009680347548188958373138746082986472174525,,degree Celsius,Version 1.0,Temperature Standard Error  (NEON.DOC.000652),Temperature Mean measurement stream value type (NEON.DOC.000646)
2014-04-01 14:30:00.0,2014-04-01 15:00:00.0,1800,,none,Version 1.0,Number of points used in data product mean value,Temperature Mean measurement stream value type (NEON.DOC.000646)
2014-04-01 14:30:00.0,2014-04-01 15:00:00.0,-0.5653814411320996491383539250819012522697,,degree Celsius,Version 1.0,Temperature Mean (NEON.DOC.000646),Temperature Mean measurement stream value type (NEON.DOC.000646)
2014-04-01 14:30:00.0,2014-04-01 15:00:00.0,0.006991710014182899585177821677461906801909,,degree Celsius,Version 1.0,Temperature Standard Error  (NEON.DOC.000652),Temperature Mean measurement stream value type (NEON.DOC.000646)
2014-04-01 14:30:00.0,2014-04-01 15:00:00.0,0.0165737544134174560883643323450087336823,,degree Celsius,Version 1.0,Temperature Expanded Uncertainty (NEON.DOC.000646),Temperature Mean measurement stream value type (NEON.DOC.000646)
2014-04-01 15:00:00.0,2014-04-01 15:30:00.0,0.0326738350919070913436215164438181091099,,degree Celsius,Version 1.0,Temperature Expanded Uncertainty (NEON.DOC.000646),Temperature Mean measurement stream value type (NEON.DOC.000646)
2014-04-01 15:00:00.0,2014-04-01 15:30:00.0,1800,,none,Version 1.0,Number of points used in data product mean value,Temperature Mean measurement stream value type (NEON.DOC.000646)
2014-04-01 15:00:00.0,2014-04-01 15:30:00.0,0.0158154344398632323853703951499483082443,,degree Celsius,Version 1.0,Temperature Standard Error  (NEON.DOC.000652),Temperature Mean measurement stream value type (NEON.DOC.000646)
2014-04-01 15:00:00.0,2014-04-01 15:30:00.0,0.7133654878603263860270544682862237095832,,degree Celsius,Version 1.0,Temperature Mean (NEON.DOC.000646),Temperature Mean measurement stream value type (NEON.DOC.000646)
2014-04-01 15:30:00.0,2014-04-01 16:00:00.0,1.74461774255262880295447303069522604346,,degree Celsius,Version 1.0,Temperature Mean (NEON.DOC.000646),Temperature Mean measurement stream value type (NEON.DOC.000646)
2014-04-01 15:30:00.0,2014-04-01 16:00:00.0,0.009546701063488842106674603371629928005859,,degree Celsius,Version 1.0,Temperature Standard Error  (NEON.DOC.000652),Temperature Mean measurement stream value type (NEON.DOC.000646)
2014-04-01 15:30:00.0,2014-04-01 16:00:00.0,1800,,none,Version 1.0,Number of points used in data product mean value,Temperature Mean measurement stream value type (NEON.DOC.000646)
2014-04-01 15:30:00.0,2014-04-01 16:00:00.0,0.0210260837577442918910897162731998832896,,degree Celsius,Version 1.0,Temperature Expanded Uncertainty (NEON.DOC.000646),Temperature Mean measurement stream value type (NEON.DOC.000646)
2014-04-01 16:00:00.0,2014-04-01 16:30:00.0,0.0220605629174578411755280882289298460818,,degree Celsius,Version 1.0,Temperature Expanded Uncertainty (NEON.DOC.000646),Temperature Mean measurement stream value type (NEON.DOC.000646)
2014-04-01 16:00:00.0,2014-04-01 16:30:00.0,4.05415497795141899217696845880709588527,,degree Celsius,Version 1.0,Temperature Mean (NEON.DOC.000646),Temperature Mean measurement stream value type (NEON.DOC.000646)
2014-04-01 16:00:00.0,2014-04-01 16:30:00.0,0.0101123760568857159330979911260328663047,,degree Celsius,Version 1.0,Temperature Standard Error  (NEON.DOC.000652),Temperature Mean measurement stream value type (NEON.DOC.000646)
2014-04-01 16:00:00.0,2014-04-01 16:30:00.0,1800,,none,Version 1.0,Number of points used in data product mean value,Temperature Mean measurement stream value type (NEON.DOC.000646)
2014-04-01 16:30:00.0,2014-04-01 17:00:00.0,4.98817461175502696590911000384949147701,,degree Celsius,Version 1.0,Temperature Mean (NEON.DOC.000646),Temperature Mean measurement stream value type (NEON.DOC.000646)
2014-04-01 16:30:00.0,2014-04-01 17:00:00.0,0.00948388142395912778215283367444499162957,,degree Celsius,Version 1.0,Temperature Standard Error  (NEON.DOC.000652),Temperature Mean measurement stream value type (NEON.DOC.000646)
2014-04-01 16:30:00.0,2014-04-01 17:00:00.0,1800,,none,Version 1.0,Number of points used in data product mean value,Temperature Mean measurement stream value type (NEON.DOC.000646)
2014-04-01 16:30:00.0,2014-04-01 17:00:00.0,0.0209422604076650864524111739228828810155,,degree Celsius,Version 1.0,Temperature Expanded Uncertainty (NEON.DOC.000646),Temperature Mean measurement stream value type (NEON.DOC.000646)
2014-04-01 17:00:00.0,2014-04-01 17:30:00.0,0.0149829118438406065638712760801354306749,,degree Celsius,Version 1.0,Temperature Expanded Uncertainty (NEON.DOC.000646),Temperature Mean measurement stream value type (NEON.DOC.000646)
2014-04-01 17:00:00.0,2014-04-01 17:30:00.0,0.005959621785383909832456428290470284991897,,degree Celsius,Version 1.0,Temperature Standard Error  (NEON.DOC.000652),Temperature Mean measurement stream value type (NEON.DOC.000646)
2014-04-01 17:00:00.0,2014-04-01 17:30:00.0,5.62416621748001688274598564021289348602,,degree Celsius,Version 1.0,Temperature Mean (NEON.DOC.000646),Temperature Mean measurement stream value type (NEON.DOC.000646)
2014-04-01 17:00:00.0,2014-04-01 17:30:00.0,1800,,none,Version 1.0,Number of points used in data product mean value,Temperature Mean measurement stream value type (NEON.DOC.000646)
2014-04-01 17:30:00.0,2014-04-01 18:00:00.0,5.86635917045337773600977016030810773372,,degree Celsius,Version 1.0,Temperature Mean (NEON.DOC.000646),Temperature Mean measurement stream value type (NEON.DOC.000646)
2014-04-01 17:30:00.0,2014-04-01 18:00:00.0,1800,,none,Version 1.0,Number of points used in data product mean value,Temperature Mean measurement stream value type (NEON.DOC.000646)
2014-04-01 17:30:00.0,2014-04-01 18:00:00.0,0.0177549526812367831907213400199907482601,,degree Celsius,Version 1.0,Temperature Expanded Uncertainty (NEON.DOC.000646),Temperature Mean measurement stream value type (NEON.DOC.000646)
2014-04-01 17:30:00.0,2014-04-01 18:00:00.0,0.007650939387518092098250388488622775184921,,degree Celsius,Version 1.0,Temperature Standard Error  (NEON.DOC.000652),Temperature Mean measurement stream value type (NEON.DOC.000646)
2014-04-01 18:00:00.0,2014-04-01 18:30:00.0,6.67496490917874485404581719194538891315,,degree Celsius,Version 1.0,Temperature Mean (NEON.DOC.000646),Temperature Mean measurement stream value type (NEON.DOC.000646)
2014-04-01 18:00:00.0,2014-04-01 18:30:00.0,1800,,none,Version 1.0,Number of points used in data product mean value,Temperature Mean measurement stream value type (NEON.DOC.000646)
2014-04-01 18:00:00.0,2014-04-01 18:30:00.0,0.0180884990984401944347226276477158535271,,degree Celsius,Version 1.0,Temperature Expanded Uncertainty (NEON.DOC.000646),Temperature Mean measurement stream value type (NEON.DOC.000646)
2014-04-01 18:00:00.0,2014-04-01 18:30:00.0,0.0078402520613748034883361270885870908387,,degree Celsius,Version 1.0,Temperature Standard Error  (NEON.DOC.000652),Temperature Mean measurement stream value type (NEON.DOC.000646)
2014-04-01 18:30:00.0,2014-04-01 19:00:00.0,0.0178811758097775011511210152548301266506,,degree Celsius,Version 1.0,Temperature Expanded Uncertainty (NEON.DOC.000646),Temperature Mean measurement stream value type (NEON.DOC.000646)
2014-04-01 18:30:00.0,2014-04-01 19:00:00.0,7.87242413632451043525861678062938153743,,degree Celsius,Version 1.0,Temperature Mean (NEON.DOC.000646),Temperature Mean measurement stream value type (NEON.DOC.000646)
2014-04-01 18:30:00.0,2014-04-01 19:00:00.0,1800,,none,Version 1.0,Number of points used in data product mean value,Temperature Mean measurement stream value type (NEON.DOC.000646)
2014-04-01 18:30:00.0,2014-04-01 19:00:00.0,0.007710877637580532302508107278526949812658,,degree Celsius,Version 1.0,Temperature Standard Error  (NEON.DOC.000652),Temperature Mean measurement stream value type (NEON.DOC.000646)
2014-04-01 19:00:00.0,2014-04-01 19:30:00.0,9.0497649650992730840926014934666454792,,degree Celsius,Version 1.0,Temperature Mean (NEON.DOC.000646),Temperature Mean measurement stream value type (NEON.DOC.000646)
2014-04-01 19:00:00.0,2014-04-01 19:30:00.0,0.0194515331667862133302460136974332272075,,degree Celsius,Version 1.0,Temperature Expanded Uncertainty (NEON.DOC.000646),Temperature Mean measurement stream value type (NEON.DOC.000646)
2014-04-01 19:00:00.0,2014-04-01 19:30:00.0,0.008616877006057973784058923172324284678325,,degree Celsius,Version 1.0,Temperature Standard Error  (NEON.DOC.000652),Temperature Mean measurement stream value type (NEON.DOC.000646)
2014-04-01 19:00:00.0,2014-04-01 19:30:00.0,1800,,none,Version 1.0,Number of points used in data product mean value,Temperature Mean measurement stream value type (NEON.DOC.000646)
2014-04-01 19:30:00.0,2014-04-01 20:00:00.0,0.009695332811281777082856869753868522820994,,degree Celsius,Version 1.0,Temperature Standard Error  (NEON.DOC.000652),Temperature Mean measurement stream value type (NEON.DOC.000646)
2014-04-01 19:30:00.0,2014-04-01 20:00:00.0,0.0213684454420942464281107930901271174661,,degree Celsius,Version 1.0,Temperature Expanded Uncertainty (NEON.DOC.000646),Temperature Mean measurement stream value type (NEON.DOC.000646)
2014-04-01 19:30:00.0,2014-04-01 20:00:00.0,10.01273600701272670221442240290343761444,,degree Celsius,Version 1.0,Temperature Mean (NEON.DOC.000646),Temperature Mean measurement stream value type (NEON.DOC.000646)
2014-04-01 19:30:00.0,2014-04-01 20:00:00.0,1800,,none,Version 1.0,Number of points used in data product mean value,Temperature Mean measurement stream value type (NEON.DOC.000646)
2014-04-01 20:00:00.0,2014-04-01 20:30:00.0,1800,,none,Version 1.0,Number of points used in data product mean value,Temperature Mean measurement stream value type (NEON.DOC.000646)
2014-04-01 20:00:00.0,2014-04-01 20:30:00.0,0.006312165882705461465718155267268230090849,,degree Celsius,Version 1.0,Temperature Standard Error  (NEON.DOC.000652),Temperature Mean measurement stream value type (NEON.DOC.000646)
2014-04-01 20:00:00.0,2014-04-01 20:30:00.0,0.0156092046376712246386064819603234354872,,degree Celsius,Version 1.0,Temperature Expanded Uncertainty (NEON.DOC.000646),Temperature Mean measurement stream value type (NEON.DOC.000646)
2014-04-01 20:00:00.0,2014-04-01 20:30:00.0,10.73212306279793182284265640191733837127,,degree Celsius,Version 1.0,Temperature Mean (NEON.DOC.000646),Temperature Mean measurement stream value type (NEON.DOC.000646)
2014-04-01 20:30:00.0,2014-04-01 21:00:00.0,0.007105824099476674461650649305965998792089,,degree Celsius,Version 1.0,Temperature Standard Error  (NEON.DOC.000652),Temperature Mean measurement stream value type (NEON.DOC.000646)
2014-04-01 20:30:00.0,2014-04-01 21:00:00.0,1800,,none,Version 1.0,Number of points used in data product mean value,Temperature Mean measurement stream value type (NEON.DOC.000646)
2014-04-01 20:30:00.0,2014-04-01 21:00:00.0,11.0185804285221404796857314067892730236,,degree Celsius,Version 1.0,Temperature Mean (NEON.DOC.000646),Temperature Mean measurement stream value type (NEON.DOC.000646)
2014-04-01 20:30:00.0,2014-04-01 21:00:00.0,0.0169020738780185190985871912516813608817,,degree Celsius,Version 1.0,Temperature Expanded Uncertainty (NEON.DOC.000646),Temperature Mean measurement stream value type (NEON.DOC.000646)
2014-04-01 21:00:00.0,2014-04-01 21:30:00.0,1800,,none,Version 1.0,Number of points used in data product mean value,Temperature Mean measurement stream value type (NEON.DOC.000646)
2014-04-01 21:00:00.0,2014-04-01 21:30:00.0,11.64191850122767668551659880904480814933,,degree Celsius,Version 1.0,Temperature Mean (NEON.DOC.000646),Temperature Mean measurement stream value type (NEON.DOC.000646)
2014-04-01 21:00:00.0,2014-04-01 21:30:00.0,0.006397522216017173003754781035468113259412,,degree Celsius,Version 1.0,Temperature Standard Error  (NEON.DOC.000652),Temperature Mean measurement stream value type (NEON.DOC.000646)
2014-04-01 21:00:00.0,2014-04-01 21:30:00.0,0.015755876502142121542426878022524761036,,degree Celsius,Version 1.0,Temperature Expanded Uncertainty (NEON.DOC.000646),Temperature Mean measurement stream value type (NEON.DOC.000646)
2014-04-01 21:30:00.0,2014-04-01 22:00:00.0,11.90654896967715892230899044079706072807,,degree Celsius,Version 1.0,Temperature Mean (NEON.DOC.000646),Temperature Mean measurement stream value type (NEON.DOC.000646)
2014-04-01 21:30:00.0,2014-04-01 22:00:00.0,0.006560979508116232886139052027374418685212,,degree Celsius,Version 1.0,Temperature Standard Error  (NEON.DOC.000652),Temperature Mean measurement stream value type (NEON.DOC.000646)
2014-04-01 21:30:00.0,2014-04-01 22:00:00.0,0.0160239091307798828256458989471866516396,,degree Celsius,Version 1.0,Temperature Expanded Uncertainty (NEON.DOC.000646),Temperature Mean measurement stream value type (NEON.DOC.000646)
2014-04-01 21:30:00.0,2014-04-01 22:00:00.0,1800,,none,Version 1.0,Number of points used in data product mean value,Temperature Mean measurement stream value type (NEON.DOC.000646)
2014-04-01 22:00:00.0,2014-04-01 22:30:00.0,0.0147710084132912002757853642265217786189,,degree Celsius,Version 1.0,Temperature Expanded Uncertainty (NEON.DOC.000646),Temperature Mean measurement stream value type (NEON.DOC.000646)
2014-04-01 22:00:00.0,2014-04-01 22:30:00.0,11.62685905395584029520250624045729637145,,degree Celsius,Version 1.0,Temperature Mean (NEON.DOC.000646),Temperature Mean measurement stream value type (NEON.DOC.000646)
2014-04-01 22:00:00.0,2014-04-01 22:30:00.0,1800,,none,Version 1.0,Number of points used in data product mean value,Temperature Mean measurement stream value type (NEON.DOC.000646)
2014-04-01 22:00:00.0,2014-04-01 22:30:00.0,0.005766270129723191813220228851832871441729,,degree Celsius,Version 1.0,Temperature Standard Error  (NEON.DOC.000652),Temperature Mean measurement stream value type (NEON.DOC.000646)
2014-04-01 22:30:00.0,2014-04-01 23:00:00.0,1800,,none,Version 1.0,Number of points used in data product mean value,Temperature Mean measurement stream value type (NEON.DOC.000646)
2014-04-01 22:30:00.0,2014-04-01 23:00:00.0,11.12279200356412012240525655215606093406,,degree Celsius,Version 1.0,Temperature Mean (NEON.DOC.000646),Temperature Mean measurement stream value type (NEON.DOC.000646)
2014-04-01 22:30:00.0,2014-04-01 23:00:00.0,0.008340046780026172390520855515205767005681,,degree Celsius,Version 1.0,Temperature Standard Error  (NEON.DOC.000652),Temperature Mean measurement stream value type (NEON.DOC.000646)
2014-04-01 22:30:00.0,2014-04-01 23:00:00.0,0.0189935473441611574196841161210613790899,,degree Celsius,Version 1.0,Temperature Expanded Uncertainty (NEON.DOC.000646),Temperature Mean measurement stream value type (NEON.DOC.000646)
2014-04-01 23:00:00.0,2014-04-01 23:30:00.0,0.00344231276054384307053202185500140330987,,degree Celsius,Version 1.0,Temperature Standard Error  (NEON.DOC.000652),Temperature Mean measurement stream value type (NEON.DOC.000646)
2014-04-01 23:00:00.0,2014-04-01 23:30:00.0,1800,,none,Version 1.0,Number of points used in data product mean value,Temperature Mean measurement stream value type (NEON.DOC.000646)
2014-04-01 23:00:00.0,2014-04-01 23:30:00.0,10.58190720333718459755800722632557153701,,degree Celsius,Version 1.0,Temperature Mean (NEON.DOC.000646),Temperature Mean measurement stream value type (NEON.DOC.000646)
2014-04-01 23:00:00.0,2014-04-01 23:30:00.0,0.0115416680403234092611164385289157507941,,degree Celsius,Version 1.0,Temperature Expanded Uncertainty (NEON.DOC.000646),Temperature Mean measurement stream value type (NEON.DOC.000646)
2014-04-01 23:30:00.0,2014-04-02 00:00:00.0,9.97302214036845668942987686023116111755,,degree Celsius,Version 1.0,Temperature Mean (NEON.DOC.000646),Temperature Mean measurement stream value type (NEON.DOC.000646)
2014-04-01 23:30:00.0,2014-04-02 00:00:00.0,0.0138600052227210845251503812392002146225,,degree Celsius,Version 1.0,Temperature Expanded Uncertainty (NEON.DOC.000646),Temperature Mean measurement stream value type (NEON.DOC.000646)
2014-04-01 23:30:00.0,2014-04-02 00:00:00.0,1800,,none,Version 1.0,Number of points used in data product mean value,Temperature Mean measurement stream value type (NEON.DOC.000646)
2014-04-01 23:30:00.0,2014-04-02 00:00:00.0,0.005183321980138490617240343283356196479871,,degree Celsius,Version 1.0,Temperature Standard Error  (NEON.DOC.000652),Temperature Mean measurement stream value type (NEON.DOC.000646)
2014-04-02 00:00:00.0,2014-04-02 00:30:00.0,0.007202651935946112297937116153434544685296,,degree Celsius,Version 1.0,Temperature Standard Error  (NEON.DOC.000652),Temperature Mean measurement stream value type (NEON.DOC.000646)
2014-04-02 00:00:00.0,2014-04-02 00:30:00.0,0.0170353041528554585704036128390725934877,,degree Celsius,Version 1.0,Temperature Expanded Uncertainty (NEON.DOC.000646),Temperature Mean measurement stream value type (NEON.DOC.000646)
2014-04-02 00:00:00.0,2014-04-02 00:30:00.0,1800,,none,Version 1.0,Number of points used in data product mean value,Temperature Mean measurement stream value type (NEON.DOC.000646)
2014-04-02 00:00:00.0,2014-04-02 00:30:00.0,8.92875729539469809026286384323611855506,,degree Celsius,Version 1.0,Temperature Mean (NEON.DOC.000646),Temperature Mean measurement stream value type (NEON.DOC.000646)
