# Data from NEON Inc.
# These data are provided under the terms of the NEON data policy included in this data download.
# Data Product ID: NEON.D10.RS1.DP1.00002.001.001.003.002
# Data Product Name: 30 minutes mean temperature tower level 3
# Site: Sterling Site, RELOCATABLE (CO)
# Geographic coordinates (lat/long): 40.4619/-103.0293
# Domain: Domain 10
# Query Citation Code: 8FCB4F3AD72D4C1EA7AAD5CEBDCBB80F
# Date-Time of Query Submission: 2014-07-10 14:25 (UTC)
# Start Date-Time for Data: 2014-04-02 00:00 (UTC)
# End Date-Time for Data: 2014-04-03 00:00 (UTC)
# 
### Sensor Metadata Below
### Sensor information: Thermometrics Climate RTD 100  Omega  Probe and Met One 076B aspirated radiation shield
### Units: deg C
### Sampling Rate (Hz): 1
### Assembly repeatability (precision) in deg C: 0.0025
### Assembly refers to the sensor(s) and relevant components (e.g. DAS); here repeatability represents the maximum expected assembly noise given at 95% confidence.
### Boom Level: 3
### Height Above Ground Level (m): 4.606
### Lat/Lon: 40.46187293/-103.0293535
### Threshold For Range test (Hard): min:  -89.2 (deg C) max:  56.7 (deg C)
### Threshold for Range test (soft): min: -54.4 (deg C) max: 46.1 (deg C)
### Threshold For Step test: 0.5 (deg C)
#
Start Date,End Date,Data 1,Data 2,Units,Readout Version,Value Name,Measurement Readout Type Name
2014-04-02 00:00:00.0,2014-04-02 00:30:00.0,0.0170353041528554585704036128390725934877,,degree Celsius,Version 1.0,Temperature Expanded Uncertainty (NEON.DOC.000646),Temperature Mean measurement stream value type (NEON.DOC.000646)
2014-04-02 00:00:00.0,2014-04-02 00:30:00.0,8.92875729539469809026286384323611855506,,degree Celsius,Version 1.0,Temperature Mean (NEON.DOC.000646),Temperature Mean measurement stream value type (NEON.DOC.000646)
2014-04-02 00:00:00.0,2014-04-02 00:30:00.0,1800,,none,Version 1.0,Number of points used in data product mean value,Temperature Mean measurement stream value type (NEON.DOC.000646)
2014-04-02 00:00:00.0,2014-04-02 00:30:00.0,0.007202651935946112297937116153434544685296,,degree Celsius,Version 1.0,Temperature Standard Error  (NEON.DOC.000652),Temperature Mean measurement stream value type (NEON.DOC.000646)
2014-04-02 00:30:00.0,2014-04-02 01:00:00.0,7.90681696248831222817443631356582045555,,degree Celsius,Version 1.0,Temperature Mean (NEON.DOC.000646),Temperature Mean measurement stream value type (NEON.DOC.000646)
2014-04-02 00:30:00.0,2014-04-02 01:00:00.0,1800,,none,Version 1.0,Number of points used in data product mean value,Temperature Mean measurement stream value type (NEON.DOC.000646)
2014-04-02 00:30:00.0,2014-04-02 01:00:00.0,0.006423796304663605821749783331142680253833,,degree Celsius,Version 1.0,Temperature Standard Error  (NEON.DOC.000652),Temperature Mean measurement stream value type (NEON.DOC.000646)
2014-04-02 00:30:00.0,2014-04-02 01:00:00.0,0.0157475158981795065882280937330506276339,,degree Celsius,Version 1.0,Temperature Expanded Uncertainty (NEON.DOC.000646),Temperature Mean measurement stream value type (NEON.DOC.000646)
2014-04-02 01:00:00.0,2014-04-02 01:30:00.0,1800,,none,Version 1.0,Number of points used in data product mean value,Temperature Mean measurement stream value type (NEON.DOC.000646)
2014-04-02 01:00:00.0,2014-04-02 01:30:00.0,0.006758025870232238670187729923100050655193,,degree Celsius,Version 1.0,Temperature Standard Error  (NEON.DOC.000652),Temperature Mean measurement stream value type (NEON.DOC.000646)
2014-04-02 01:00:00.0,2014-04-02 01:30:00.0,0.0162756105878077844684170827349589671939,,degree Celsius,Version 1.0,Temperature Expanded Uncertainty (NEON.DOC.000646),Temperature Mean measurement stream value type (NEON.DOC.000646)
2014-04-02 01:00:00.0,2014-04-02 01:30:00.0,6.74687711879510487733568879775702953338,,degree Celsius,Version 1.0,Temperature Mean (NEON.DOC.000646),Temperature Mean measurement stream value type (NEON.DOC.000646)
2014-04-02 01:30:00.0,2014-04-02 02:00:00.0,1800,,none,Version 1.0,Number of points used in data product mean value,Temperature Mean measurement stream value type (NEON.DOC.000646)
2014-04-02 01:30:00.0,2014-04-02 02:00:00.0,5.9993578694218587799014130723662674427,,degree Celsius,Version 1.0,Temperature Mean (NEON.DOC.000646),Temperature Mean measurement stream value type (NEON.DOC.000646)
2014-04-02 01:30:00.0,2014-04-02 02:00:00.0,0.00393177347375139006613320447058868012391,,degree Celsius,Version 1.0,Temperature Standard Error  (NEON.DOC.000652),Temperature Mean measurement stream value type (NEON.DOC.000646)
2014-04-02 01:30:00.0,2014-04-02 02:00:00.0,0.0120651937679257473950977797017003467772,,degree Celsius,Version 1.0,Temperature Expanded Uncertainty (NEON.DOC.000646),Temperature Mean measurement stream value type (NEON.DOC.000646)
2014-04-02 02:00:00.0,2014-04-02 02:30:00.0,0.014831229867948866885107861435244558379,,degree Celsius,Version 1.0,Temperature Expanded Uncertainty (NEON.DOC.000646),Temperature Mean measurement stream value type (NEON.DOC.000646)
2014-04-02 02:00:00.0,2014-04-02 02:30:00.0,0.005867068421118720213114361428097254247404,,degree Celsius,Version 1.0,Temperature Standard Error  (NEON.DOC.000652),Temperature Mean measurement stream value type (NEON.DOC.000646)
2014-04-02 02:00:00.0,2014-04-02 02:30:00.0,5.28782708981988047725053547765128314495,,degree Celsius,Version 1.0,Temperature Mean (NEON.DOC.000646),Temperature Mean measurement stream value type (NEON.DOC.000646)
2014-04-02 02:00:00.0,2014-04-02 02:30:00.0,1800,,none,Version 1.0,Number of points used in data product mean value,Temperature Mean measurement stream value type (NEON.DOC.000646)
2014-04-02 02:30:00.0,2014-04-02 03:00:00.0,0.0152908895276112344330243786316714249551,,degree Celsius,Version 1.0,Temperature Expanded Uncertainty (NEON.DOC.000646),Temperature Mean measurement stream value type (NEON.DOC.000646)
2014-04-02 02:30:00.0,2014-04-02 03:00:00.0,0.006166993696578479747238965558153722668066,,degree Celsius,Version 1.0,Temperature Standard Error  (NEON.DOC.000652),Temperature Mean measurement stream value type (NEON.DOC.000646)
2014-04-02 02:30:00.0,2014-04-02 03:00:00.0,4.4231350490806011777067396906204521656,,degree Celsius,Version 1.0,Temperature Mean (NEON.DOC.000646),Temperature Mean measurement stream value type (NEON.DOC.000646)
2014-04-02 02:30:00.0,2014-04-02 03:00:00.0,1800,,none,Version 1.0,Number of points used in data product mean value,Temperature Mean measurement stream value type (NEON.DOC.000646)
2014-04-02 03:00:00.0,2014-04-02 03:30:00.0,0.0146706389600973780701353987865331873763,,degree Celsius,Version 1.0,Temperature Expanded Uncertainty (NEON.DOC.000646),Temperature Mean measurement stream value type (NEON.DOC.000646)
2014-04-02 03:00:00.0,2014-04-02 03:30:00.0,0.005779105846290388120989334197474818211048,,degree Celsius,Version 1.0,Temperature Standard Error  (NEON.DOC.000652),Temperature Mean measurement stream value type (NEON.DOC.000646)
2014-04-02 03:00:00.0,2014-04-02 03:30:00.0,1800,,none,Version 1.0,Number of points used in data product mean value,Temperature Mean measurement stream value type (NEON.DOC.000646)
2014-04-02 03:00:00.0,2014-04-02 03:30:00.0,3.54068135998868127600758271000813692808,,degree Celsius,Version 1.0,Temperature Mean (NEON.DOC.000646),Temperature Mean measurement stream value type (NEON.DOC.000646)
2014-04-02 03:30:00.0,2014-04-02 04:00:00.0,2.71474512174527449204219919920433312654,,degree Celsius,Version 1.0,Temperature Mean (NEON.DOC.000646),Temperature Mean measurement stream value type (NEON.DOC.000646)
2014-04-02 03:30:00.0,2014-04-02 04:00:00.0,1800,,none,Version 1.0,Number of points used in data product mean value,Temperature Mean measurement stream value type (NEON.DOC.000646)
2014-04-02 03:30:00.0,2014-04-02 04:00:00.0,0.0146065599323480180965484365174233971629,,degree Celsius,Version 1.0,Temperature Expanded Uncertainty (NEON.DOC.000646),Temperature Mean measurement stream value type (NEON.DOC.000646)
2014-04-02 03:30:00.0,2014-04-02 04:00:00.0,0.005745260915458317088622131052488839486613,,degree Celsius,Version 1.0,Temperature Standard Error  (NEON.DOC.000652),Temperature Mean measurement stream value type (NEON.DOC.000646)
2014-04-02 04:00:00.0,2014-04-02 04:30:00.0,1.7631597111041870107328577432781457901,,degree Celsius,Version 1.0,Temperature Mean (NEON.DOC.000646),Temperature Mean measurement stream value type (NEON.DOC.000646)
2014-04-02 04:00:00.0,2014-04-02 04:30:00.0,0.0178848050450878919004349398846898111514,,degree Celsius,Version 1.0,Temperature Expanded Uncertainty (NEON.DOC.000646),Temperature Mean measurement stream value type (NEON.DOC.000646)
2014-04-02 04:00:00.0,2014-04-02 04:30:00.0,1800,,none,Version 1.0,Number of points used in data product mean value,Temperature Mean measurement stream value type (NEON.DOC.000646)
2014-04-02 04:00:00.0,2014-04-02 04:30:00.0,0.007755745177698652320641414803503721486777,,degree Celsius,Version 1.0,Temperature Standard Error  (NEON.DOC.000652),Temperature Mean measurement stream value type (NEON.DOC.000646)
2014-04-02 04:30:00.0,2014-04-02 05:00:00.0,1800,,none,Version 1.0,Number of points used in data product mean value,Temperature Mean measurement stream value type (NEON.DOC.000646)
2014-04-02 04:30:00.0,2014-04-02 05:00:00.0,0.0102880585798711399192484350351151078939,,degree Celsius,Version 1.0,Temperature Expanded Uncertainty (NEON.DOC.000646),Temperature Mean measurement stream value type (NEON.DOC.000646)
2014-04-02 04:30:00.0,2014-04-02 05:00:00.0,0.002426958007237151309504197271849079697858,,degree Celsius,Version 1.0,Temperature Standard Error  (NEON.DOC.000652),Temperature Mean measurement stream value type (NEON.DOC.000646)
2014-04-02 04:30:00.0,2014-04-02 05:00:00.0,1.04602945362678778629117459786357358098,,degree Celsius,Version 1.0,Temperature Mean (NEON.DOC.000646),Temperature Mean measurement stream value type (NEON.DOC.000646)
2014-04-02 05:00:00.0,2014-04-02 05:30:00.0,1800,,none,Version 1.0,Number of points used in data product mean value,Temperature Mean measurement stream value type (NEON.DOC.000646)
2014-04-02 05:00:00.0,2014-04-02 05:30:00.0,0.0113710883455545690157162397326828795485,,degree Celsius,Version 1.0,Temperature Expanded Uncertainty (NEON.DOC.000646),Temperature Mean measurement stream value type (NEON.DOC.000646)
2014-04-02 05:00:00.0,2014-04-02 05:30:00.0,0.5911537466063985224451471367501653730869,,degree Celsius,Version 1.0,Temperature Mean (NEON.DOC.000646),Temperature Mean measurement stream value type (NEON.DOC.000646)
2014-04-02 05:00:00.0,2014-04-02 05:30:00.0,0.003447197485283043719150875006107526132836,,degree Celsius,Version 1.0,Temperature Standard Error  (NEON.DOC.000652),Temperature Mean measurement stream value type (NEON.DOC.000646)
2014-04-02 05:30:00.0,2014-04-02 06:00:00.0,0.003165385738985808904144558795223929337225,,degree Celsius,Version 1.0,Temperature Standard Error  (NEON.DOC.000652),Temperature Mean measurement stream value type (NEON.DOC.000646)
2014-04-02 05:30:00.0,2014-04-02 06:00:00.0,0.1076110125373707926410560276053729467093,,degree Celsius,Version 1.0,Temperature Mean (NEON.DOC.000646),Temperature Mean measurement stream value type (NEON.DOC.000646)
2014-04-02 05:30:00.0,2014-04-02 06:00:00.0,0.0110342737761483268565942950090175145305,,degree Celsius,Version 1.0,Temperature Expanded Uncertainty (NEON.DOC.000646),Temperature Mean measurement stream value type (NEON.DOC.000646)
2014-04-02 05:30:00.0,2014-04-02 06:00:00.0,1800,,none,Version 1.0,Number of points used in data product mean value,Temperature Mean measurement stream value type (NEON.DOC.000646)
2014-04-02 06:00:00.0,2014-04-02 06:30:00.0,0.0119320356858508679759323101166046399157,,degree Celsius,Version 1.0,Temperature Expanded Uncertainty (NEON.DOC.000646),Temperature Mean measurement stream value type (NEON.DOC.000646)
2014-04-02 06:00:00.0,2014-04-02 06:30:00.0,0.00391027688162442349506520145041577052325,,degree Celsius,Version 1.0,Temperature Standard Error  (NEON.DOC.000652),Temperature Mean measurement stream value type (NEON.DOC.000646)
2014-04-02 06:00:00.0,2014-04-02 06:30:00.0,1800,,none,Version 1.0,Number of points used in data product mean value,Temperature Mean measurement stream value type (NEON.DOC.000646)
2014-04-02 06:00:00.0,2014-04-02 06:30:00.0,-0.2557159131631941972884192182391416281461,,degree Celsius,Version 1.0,Temperature Mean (NEON.DOC.000646),Temperature Mean measurement stream value type (NEON.DOC.000646)
2014-04-02 06:30:00.0,2014-04-02 07:00:00.0,0.001851923660822486902496897265280040301149,,degree Celsius,Version 1.0,Temperature Standard Error  (NEON.DOC.000652),Temperature Mean measurement stream value type (NEON.DOC.000646)
2014-04-02 06:30:00.0,2014-04-02 07:00:00.0,1800,,none,Version 1.0,Number of points used in data product mean value,Temperature Mean measurement stream value type (NEON.DOC.000646)
2014-04-02 06:30:00.0,2014-04-02 07:00:00.0,-0.7761887590220820642983312609430868178606,,degree Celsius,Version 1.0,Temperature Mean (NEON.DOC.000646),Temperature Mean measurement stream value type (NEON.DOC.000646)
2014-04-02 06:30:00.0,2014-04-02 07:00:00.0,0.009770642379603454094616488134761311812326,,degree Celsius,Version 1.0,Temperature Expanded Uncertainty (NEON.DOC.000646),Temperature Mean measurement stream value type (NEON.DOC.000646)
2014-04-02 07:00:00.0,2014-04-02 07:30:00.0,0.010979153833722197358691019530851917807,,degree Celsius,Version 1.0,Temperature Expanded Uncertainty (NEON.DOC.000646),Temperature Mean measurement stream value type (NEON.DOC.000646)
2014-04-02 07:00:00.0,2014-04-02 07:30:00.0,1800,,none,Version 1.0,Number of points used in data product mean value,Temperature Mean measurement stream value type (NEON.DOC.000646)
2014-04-02 07:00:00.0,2014-04-02 07:30:00.0,-1.12709659232489345370709088456351310014,,degree Celsius,Version 1.0,Temperature Mean (NEON.DOC.000646),Temperature Mean measurement stream value type (NEON.DOC.000646)
2014-04-02 07:00:00.0,2014-04-02 07:30:00.0,0.003135428093490145312616235173663881141692,,degree Celsius,Version 1.0,Temperature Standard Error  (NEON.DOC.000652),Temperature Mean measurement stream value type (NEON.DOC.000646)
2014-04-02 07:30:00.0,2014-04-02 08:00:00.0,0.009600766087977176052592476196423376677557,,degree Celsius,Version 1.0,Temperature Expanded Uncertainty (NEON.DOC.000646),Temperature Mean measurement stream value type (NEON.DOC.000646)
2014-04-02 07:30:00.0,2014-04-02 08:00:00.0,1800,,none,Version 1.0,Number of points used in data product mean value,Temperature Mean measurement stream value type (NEON.DOC.000646)
2014-04-02 07:30:00.0,2014-04-02 08:00:00.0,-1.33747043827439004992641002900199964642,,degree Celsius,Version 1.0,Temperature Mean (NEON.DOC.000646),Temperature Mean measurement stream value type (NEON.DOC.000646)
2014-04-02 07:30:00.0,2014-04-02 08:00:00.0,0.001630147438187450276494971923568755300948,,degree Celsius,Version 1.0,Temperature Standard Error  (NEON.DOC.000652),Temperature Mean measurement stream value type (NEON.DOC.000646)
2014-04-02 08:00:00.0,2014-04-02 08:30:00.0,-1.09538973164458752762584481388330459594,,degree Celsius,Version 1.0,Temperature Mean (NEON.DOC.000646),Temperature Mean measurement stream value type (NEON.DOC.000646)
2014-04-02 08:00:00.0,2014-04-02 08:30:00.0,1800,,none,Version 1.0,Number of points used in data product mean value,Temperature Mean measurement stream value type (NEON.DOC.000646)
2014-04-02 08:00:00.0,2014-04-02 08:30:00.0,0.00932542193655243323302528324347804300487,,degree Celsius,Version 1.0,Temperature Expanded Uncertainty (NEON.DOC.000646),Temperature Mean measurement stream value type (NEON.DOC.000646)
2014-04-02 08:00:00.0,2014-04-02 08:30:00.0,0.00114774588616063720307447493240715630236,,degree Celsius,Version 1.0,Temperature Standard Error  (NEON.DOC.000652),Temperature Mean measurement stream value type (NEON.DOC.000646)
2014-04-02 08:30:00.0,2014-04-02 09:00:00.0,0.000381098949543386426776908626479212216509,,degree Celsius,Version 1.0,Temperature Standard Error  (NEON.DOC.000652),Temperature Mean measurement stream value type (NEON.DOC.000646)
2014-04-02 08:30:00.0,2014-04-02 09:00:00.0,-1.18299515198327509502007615083130076527,,degree Celsius,Version 1.0,Temperature Mean (NEON.DOC.000646),Temperature Mean measurement stream value type (NEON.DOC.000646)
2014-04-02 08:30:00.0,2014-04-02 09:00:00.0,0.009072082480093397738318827805414912290871,,degree Celsius,Version 1.0,Temperature Expanded Uncertainty (NEON.DOC.000646),Temperature Mean measurement stream value type (NEON.DOC.000646)
2014-04-02 08:30:00.0,2014-04-02 09:00:00.0,1800,,none,Version 1.0,Number of points used in data product mean value,Temperature Mean measurement stream value type (NEON.DOC.000646)
2014-04-02 09:00:00.0,2014-04-02 09:30:00.0,1800,,none,Version 1.0,Number of points used in data product mean value,Temperature Mean measurement stream value type (NEON.DOC.000646)
2014-04-02 09:00:00.0,2014-04-02 09:30:00.0,0.002863631133515264111377707223482502740807,,degree Celsius,Version 1.0,Temperature Standard Error  (NEON.DOC.000652),Temperature Mean measurement stream value type (NEON.DOC.000646)
2014-04-02 09:00:00.0,2014-04-02 09:30:00.0,-1.34473083483704991536455963796470314264,,degree Celsius,Version 1.0,Temperature Mean (NEON.DOC.000646),Temperature Mean measurement stream value type (NEON.DOC.000646)
2014-04-02 09:00:00.0,2014-04-02 09:30:00.0,0.0106777357273206644633356532381185388658,,degree Celsius,Version 1.0,Temperature Expanded Uncertainty (NEON.DOC.000646),Temperature Mean measurement stream value type (NEON.DOC.000646)
2014-04-02 09:30:00.0,2014-04-02 10:00:00.0,0.00914088669461760559842300466470987885259,,degree Celsius,Version 1.0,Temperature Expanded Uncertainty (NEON.DOC.000646),Temperature Mean measurement stream value type (NEON.DOC.000646)
2014-04-02 09:30:00.0,2014-04-02 10:00:00.0,1800,,none,Version 1.0,Number of points used in data product mean value,Temperature Mean measurement stream value type (NEON.DOC.000646)
2014-04-02 09:30:00.0,2014-04-02 10:00:00.0,-1.58922345598788306020310301391873508691,,degree Celsius,Version 1.0,Temperature Mean (NEON.DOC.000646),Temperature Mean measurement stream value type (NEON.DOC.000646)
2014-04-02 09:30:00.0,2014-04-02 10:00:00.0,0.000707220902291496342044474499033412939752,,degree Celsius,Version 1.0,Temperature Standard Error  (NEON.DOC.000652),Temperature Mean measurement stream value type (NEON.DOC.000646)
2014-04-02 10:00:00.0,2014-04-02 10:30:00.0,0.009101994782877211379035209404264605836942,,degree Celsius,Version 1.0,Temperature Expanded Uncertainty (NEON.DOC.000646),Temperature Mean measurement stream value type (NEON.DOC.000646)
2014-04-02 10:00:00.0,2014-04-02 10:30:00.0,1800,,none,Version 1.0,Number of points used in data product mean value,Temperature Mean measurement stream value type (NEON.DOC.000646)
2014-04-02 10:00:00.0,2014-04-02 10:30:00.0,-1.66523597567440617694956017658114433288,,degree Celsius,Version 1.0,Temperature Mean (NEON.DOC.000646),Temperature Mean measurement stream value type (NEON.DOC.000646)
2014-04-02 10:00:00.0,2014-04-02 10:30:00.0,0.000575136895170237812113800401903063175268,,degree Celsius,Version 1.0,Temperature Standard Error  (NEON.DOC.000652),Temperature Mean measurement stream value type (NEON.DOC.000646)
2014-04-02 10:30:00.0,2014-04-02 11:00:00.0,0.000787365807610619920960115525332412289571,,degree Celsius,Version 1.0,Temperature Standard Error  (NEON.DOC.000652),Temperature Mean measurement stream value type (NEON.DOC.000646)
2014-04-02 10:30:00.0,2014-04-02 11:00:00.0,1800,,none,Version 1.0,Number of points used in data product mean value,Temperature Mean measurement stream value type (NEON.DOC.000646)
2014-04-02 10:30:00.0,2014-04-02 11:00:00.0,-1.65857237759897357953775554051389917731,,degree Celsius,Version 1.0,Temperature Mean (NEON.DOC.000646),Temperature Mean measurement stream value type (NEON.DOC.000646)
2014-04-02 10:30:00.0,2014-04-02 11:00:00.0,0.00916509104116012413010494697118701878935,,degree Celsius,Version 1.0,Temperature Expanded Uncertainty (NEON.DOC.000646),Temperature Mean measurement stream value type (NEON.DOC.000646)
2014-04-02 11:00:00.0,2014-04-02 11:30:00.0,-1.51492603860398933335318361059762537479,,degree Celsius,Version 1.0,Temperature Mean (NEON.DOC.000646),Temperature Mean measurement stream value type (NEON.DOC.000646)
2014-04-02 11:00:00.0,2014-04-02 11:30:00.0,0.00976515099967371208444788521774171385914,,degree Celsius,Version 1.0,Temperature Expanded Uncertainty (NEON.DOC.000646),Temperature Mean measurement stream value type (NEON.DOC.000646)
2014-04-02 11:00:00.0,2014-04-02 11:30:00.0,1800,,none,Version 1.0,Number of points used in data product mean value,Temperature Mean measurement stream value type (NEON.DOC.000646)
2014-04-02 11:00:00.0,2014-04-02 11:30:00.0,0.001865655894539952879690458686923193454276,,degree Celsius,Version 1.0,Temperature Standard Error  (NEON.DOC.000652),Temperature Mean measurement stream value type (NEON.DOC.000646)
2014-04-02 11:30:00.0,2014-04-02 12:00:00.0,-1.27963828470393226055534796614665538072,,degree Celsius,Version 1.0,Temperature Mean (NEON.DOC.000646),Temperature Mean measurement stream value type (NEON.DOC.000646)
2014-04-02 11:30:00.0,2014-04-02 12:00:00.0,0.009146865542732120213376134643112891353666,,degree Celsius,Version 1.0,Temperature Expanded Uncertainty (NEON.DOC.000646),Temperature Mean measurement stream value type (NEON.DOC.000646)
2014-04-02 11:30:00.0,2014-04-02 12:00:00.0,0.000707059853609782800951122361254874704172,,degree Celsius,Version 1.0,Temperature Standard Error  (NEON.DOC.000652),Temperature Mean measurement stream value type (NEON.DOC.000646)
2014-04-02 11:30:00.0,2014-04-02 12:00:00.0,1800,,none,Version 1.0,Number of points used in data product mean value,Temperature Mean measurement stream value type (NEON.DOC.000646)
2014-04-02 12:00:00.0,2014-04-02 12:30:00.0,1800,,none,Version 1.0,Number of points used in data product mean value,Temperature Mean measurement stream value type (NEON.DOC.000646)
2014-04-02 12:00:00.0,2014-04-02 12:30:00.0,0.001600714327365680396744740399128659191774,,degree Celsius,Version 1.0,Temperature Standard Error  (NEON.DOC.000652),Temperature Mean measurement stream value type (NEON.DOC.000646)
2014-04-02 12:00:00.0,2014-04-02 12:30:00.0,-1.24326166581263941601775968592846766114,,degree Celsius,Version 1.0,Temperature Mean (NEON.DOC.000646),Temperature Mean measurement stream value type (NEON.DOC.000646)
2014-04-02 12:00:00.0,2014-04-02 12:30:00.0,0.009582356668396125112807659718328068265691,,degree Celsius,Version 1.0,Temperature Expanded Uncertainty (NEON.DOC.000646),Temperature Mean measurement stream value type (NEON.DOC.000646)
2014-04-02 12:30:00.0,2014-04-02 13:00:00.0,0.000901153470481013763385136350336779287317,,degree Celsius,Version 1.0,Temperature Standard Error  (NEON.DOC.000652),Temperature Mean measurement stream value type (NEON.DOC.000646)
2014-04-02 12:30:00.0,2014-04-02 13:00:00.0,1800,,none,Version 1.0,Number of points used in data product mean value,Temperature Mean measurement stream value type (NEON.DOC.000646)
2014-04-02 12:30:00.0,2014-04-02 13:00:00.0,-1.08289230385131607370396977785276249051,,degree Celsius,Version 1.0,Temperature Mean (NEON.DOC.000646),Temperature Mean measurement stream value type (NEON.DOC.000646)
2014-04-02 12:30:00.0,2014-04-02 13:00:00.0,0.009217959896328925539776832920324523001909,,degree Celsius,Version 1.0,Temperature Expanded Uncertainty (NEON.DOC.000646),Temperature Mean measurement stream value type (NEON.DOC.000646)
2014-04-02 13:00:00.0,2014-04-02 13:30:00.0,0.000814743446616596070711247001838728465372,,degree Celsius,Version 1.0,Temperature Standard Error  (NEON.DOC.000652),Temperature Mean measurement stream value type (NEON.DOC.000646)
2014-04-02 13:00:00.0,2014-04-02 13:30:00.0,-1.05393257868740897187365135323489084839,,degree Celsius,Version 1.0,Temperature Mean (NEON.DOC.000646),Temperature Mean measurement stream value type (NEON.DOC.000646)
2014-04-02 13:00:00.0,2014-04-02 13:30:00.0,0.009187640893257331339838422934462869307026,,degree Celsius,Version 1.0,Temperature Expanded Uncertainty (NEON.DOC.000646),Temperature Mean measurement stream value type (NEON.DOC.000646)
2014-04-02 13:00:00.0,2014-04-02 13:30:00.0,1800,,none,Version 1.0,Number of points used in data product mean value,Temperature Mean measurement stream value type (NEON.DOC.000646)
2014-04-02 13:30:00.0,2014-04-02 14:00:00.0,0.00132332056328392493743661972871450416278,,degree Celsius,Version 1.0,Temperature Standard Error  (NEON.DOC.000652),Temperature Mean measurement stream value type (NEON.DOC.000646)
2014-04-02 13:30:00.0,2014-04-02 14:00:00.0,1800,,none,Version 1.0,Number of points used in data product mean value,Temperature Mean measurement stream value type (NEON.DOC.000646)
2014-04-02 13:30:00.0,2014-04-02 14:00:00.0,-0.9889262035248219673277958463586401194334,,degree Celsius,Version 1.0,Temperature Mean (NEON.DOC.000646),Temperature Mean measurement stream value type (NEON.DOC.000646)
2014-04-02 13:30:00.0,2014-04-02 14:00:00.0,0.009420247019151554990212815710037830285727,,degree Celsius,Version 1.0,Temperature Expanded Uncertainty (NEON.DOC.000646),Temperature Mean measurement stream value type (NEON.DOC.000646)
2014-04-02 14:00:00.0,2014-04-02 14:30:00.0,1800,,none,Version 1.0,Number of points used in data product mean value,Temperature Mean measurement stream value type (NEON.DOC.000646)
2014-04-02 14:00:00.0,2014-04-02 14:30:00.0,0.009374342048925192807939943406836391659453,,degree Celsius,Version 1.0,Temperature Expanded Uncertainty (NEON.DOC.000646),Temperature Mean measurement stream value type (NEON.DOC.000646)
2014-04-02 14:00:00.0,2014-04-02 14:30:00.0,0.001228965388421018921707994486780535225989,,degree Celsius,Version 1.0,Temperature Standard Error  (NEON.DOC.000652),Temperature Mean measurement stream value type (NEON.DOC.000646)
2014-04-02 14:00:00.0,2014-04-02 14:30:00.0,-0.8074484237293373389832140674116089940071,,degree Celsius,Version 1.0,Temperature Mean (NEON.DOC.000646),Temperature Mean measurement stream value type (NEON.DOC.000646)
2014-04-02 14:30:00.0,2014-04-02 15:00:00.0,0.002936754239352312029209812749286356847733,,degree Celsius,Version 1.0,Temperature Standard Error  (NEON.DOC.000652),Temperature Mean measurement stream value type (NEON.DOC.000646)
2014-04-02 14:30:00.0,2014-04-02 15:00:00.0,1800,,none,Version 1.0,Number of points used in data product mean value,Temperature Mean measurement stream value type (NEON.DOC.000646)
2014-04-02 14:30:00.0,2014-04-02 15:00:00.0,0.0107718919891869237964732164414272119756,,degree Celsius,Version 1.0,Temperature Expanded Uncertainty (NEON.DOC.000646),Temperature Mean measurement stream value type (NEON.DOC.000646)
2014-04-02 14:30:00.0,2014-04-02 15:00:00.0,-0.5676511525168401739449564047390595078468,,degree Celsius,Version 1.0,Temperature Mean (NEON.DOC.000646),Temperature Mean measurement stream value type (NEON.DOC.000646)
2014-04-02 15:00:00.0,2014-04-02 15:30:00.0,-0.3915633885812518921731850696232868358492,,degree Celsius,Version 1.0,Temperature Mean (NEON.DOC.000646),Temperature Mean measurement stream value type (NEON.DOC.000646)
2014-04-02 15:00:00.0,2014-04-02 15:30:00.0,0.0116284328499340252477400881048197334166,,degree Celsius,Version 1.0,Temperature Expanded Uncertainty (NEON.DOC.000646),Temperature Mean measurement stream value type (NEON.DOC.000646)
2014-04-02 15:00:00.0,2014-04-02 15:30:00.0,0.003669298481567324302782262535060908703599,,degree Celsius,Version 1.0,Temperature Standard Error  (NEON.DOC.000652),Temperature Mean measurement stream value type (NEON.DOC.000646)
2014-04-02 15:00:00.0,2014-04-02 15:30:00.0,1800,,none,Version 1.0,Number of points used in data product mean value,Temperature Mean measurement stream value type (NEON.DOC.000646)
2014-04-02 15:30:00.0,2014-04-02 16:00:00.0,0.0105379349959872515435366224778590549249,,degree Celsius,Version 1.0,Temperature Expanded Uncertainty (NEON.DOC.000646),Temperature Mean measurement stream value type (NEON.DOC.000646)
2014-04-02 15:30:00.0,2014-04-02 16:00:00.0,-0.0772453308186614173713735453929984942078,,degree Celsius,Version 1.0,Temperature Mean (NEON.DOC.000646),Temperature Mean measurement stream value type (NEON.DOC.000646)
2014-04-02 15:30:00.0,2014-04-02 16:00:00.0,1800,,none,Version 1.0,Number of points used in data product mean value,Temperature Mean measurement stream value type (NEON.DOC.000646)
2014-04-02 15:30:00.0,2014-04-02 16:00:00.0,0.002703938060923405991425871874866970756556,,degree Celsius,Version 1.0,Temperature Standard Error  (NEON.DOC.000652),Temperature Mean measurement stream value type (NEON.DOC.000646)
2014-04-02 16:00:00.0,2014-04-02 16:30:00.0,1800,,none,Version 1.0,Number of points used in data product mean value,Temperature Mean measurement stream value type (NEON.DOC.000646)
2014-04-02 16:00:00.0,2014-04-02 16:30:00.0,0.1571740656970297134176206554911914281547,,degree Celsius,Version 1.0,Temperature Mean (NEON.DOC.000646),Temperature Mean measurement stream value type (NEON.DOC.000646)
2014-04-02 16:00:00.0,2014-04-02 16:30:00.0,0.004790787769425553128954664572347610373981,,degree Celsius,Version 1.0,Temperature Standard Error  (NEON.DOC.000652),Temperature Mean measurement stream value type (NEON.DOC.000646)
2014-04-02 16:00:00.0,2014-04-02 16:30:00.0,0.0131471819317344300326322326100125792436,,degree Celsius,Version 1.0,Temperature Expanded Uncertainty (NEON.DOC.000646),Temperature Mean measurement stream value type (NEON.DOC.000646)
2014-04-02 16:30:00.0,2014-04-02 17:00:00.0,0.4048671972159821330627949009794974699616,,degree Celsius,Version 1.0,Temperature Mean (NEON.DOC.000646),Temperature Mean measurement stream value type (NEON.DOC.000646)
2014-04-02 16:30:00.0,2014-04-02 17:00:00.0,0.0117605941693726696178901036660136014688,,degree Celsius,Version 1.0,Temperature Expanded Uncertainty (NEON.DOC.000646),Temperature Mean measurement stream value type (NEON.DOC.000646)
2014-04-02 16:30:00.0,2014-04-02 17:00:00.0,0.003765962519040763796518422878989440505392,,degree Celsius,Version 1.0,Temperature Standard Error  (NEON.DOC.000652),Temperature Mean measurement stream value type (NEON.DOC.000646)
2014-04-02 16:30:00.0,2014-04-02 17:00:00.0,1800,,none,Version 1.0,Number of points used in data product mean value,Temperature Mean measurement stream value type (NEON.DOC.000646)
2014-04-02 17:00:00.0,2014-04-02 17:30:00.0,0.00791460215441807703184995403944412828423,,degree Celsius,Version 1.0,Temperature Standard Error  (NEON.DOC.000652),Temperature Mean measurement stream value type (NEON.DOC.000646)
2014-04-02 17:00:00.0,2014-04-02 17:30:00.0,0.0181517275239861178293132581984536955133,,degree Celsius,Version 1.0,Temperature Expanded Uncertainty (NEON.DOC.000646),Temperature Mean measurement stream value type (NEON.DOC.000646)
2014-04-02 17:00:00.0,2014-04-02 17:30:00.0,1800,,none,Version 1.0,Number of points used in data product mean value,Temperature Mean measurement stream value type (NEON.DOC.000646)
2014-04-02 17:00:00.0,2014-04-02 17:30:00.0,1.03268118993032564922884830593829974532,,degree Celsius,Version 1.0,Temperature Mean (NEON.DOC.000646),Temperature Mean measurement stream value type (NEON.DOC.000646)
2014-04-02 17:30:00.0,2014-04-02 18:00:00.0,0.009928666520709988202453288863580382894724,,degree Celsius,Version 1.0,Temperature Standard Error  (NEON.DOC.000652),Temperature Mean measurement stream value type (NEON.DOC.000646)
2014-04-02 17:30:00.0,2014-04-02 18:00:00.0,1800,,none,Version 1.0,Number of points used in data product mean value,Temperature Mean measurement stream value type (NEON.DOC.000646)
2014-04-02 17:30:00.0,2014-04-02 18:00:00.0,0.0217087057774029319745512367489936877973,,degree Celsius,Version 1.0,Temperature Expanded Uncertainty (NEON.DOC.000646),Temperature Mean measurement stream value type (NEON.DOC.000646)
2014-04-02 17:30:00.0,2014-04-02 18:00:00.0,1.82146752766508090992658708273665979504,,degree Celsius,Version 1.0,Temperature Mean (NEON.DOC.000646),Temperature Mean measurement stream value type (NEON.DOC.000646)
2014-04-02 18:00:00.0,2014-04-02 18:30:00.0,0.0232655245458245271694686095997894881293,,degree Celsius,Version 1.0,Temperature Expanded Uncertainty (NEON.DOC.000646),Temperature Mean measurement stream value type (NEON.DOC.000646)
2014-04-02 18:00:00.0,2014-04-02 18:30:00.0,0.0107822975773236105073715762614483537618,,degree Celsius,Version 1.0,Temperature Standard Error  (NEON.DOC.000652),Temperature Mean measurement stream value type (NEON.DOC.000646)
2014-04-02 18:00:00.0,2014-04-02 18:30:00.0,1800,,none,Version 1.0,Number of points used in data product mean value,Temperature Mean measurement stream value type (NEON.DOC.000646)
2014-04-02 18:00:00.0,2014-04-02 18:30:00.0,2.93290577201495317183344013756141066551,,degree Celsius,Version 1.0,Temperature Mean (NEON.DOC.000646),Temperature Mean measurement stream value type (NEON.DOC.000646)
2014-04-02 18:30:00.0,2014-04-02 19:00:00.0,1800,,none,Version 1.0,Number of points used in data product mean value,Temperature Mean measurement stream value type (NEON.DOC.000646)
2014-04-02 18:30:00.0,2014-04-02 19:00:00.0,0.0235937088544127850087139819379444816149,,degree Celsius,Version 1.0,Temperature Expanded Uncertainty (NEON.DOC.000646),Temperature Mean measurement stream value type (NEON.DOC.000646)
2014-04-02 18:30:00.0,2014-04-02 19:00:00.0,0.0109547482824643473142689487076495424844,,degree Celsius,Version 1.0,Temperature Standard Error  (NEON.DOC.000652),Temperature Mean measurement stream value type (NEON.DOC.000646)
2014-04-02 18:30:00.0,2014-04-02 19:00:00.0,4.08492899382573870781243385863490402698,,degree Celsius,Version 1.0,Temperature Mean (NEON.DOC.000646),Temperature Mean measurement stream value type (NEON.DOC.000646)
2014-04-02 19:00:00.0,2014-04-02 19:30:00.0,1800,,none,Version 1.0,Number of points used in data product mean value,Temperature Mean measurement stream value type (NEON.DOC.000646)
2014-04-02 19:00:00.0,2014-04-02 19:30:00.0,0.0217595170638138039886921859533686074428,,degree Celsius,Version 1.0,Temperature Expanded Uncertainty (NEON.DOC.000646),Temperature Mean measurement stream value type (NEON.DOC.000646)
2014-04-02 19:00:00.0,2014-04-02 19:30:00.0,0.009938510848711088613294251103980059269815,,degree Celsius,Version 1.0,Temperature Standard Error  (NEON.DOC.000652),Temperature Mean measurement stream value type (NEON.DOC.000646)
2014-04-02 19:00:00.0,2014-04-02 19:30:00.0,4.98472417990986471636460919398814439773,,degree Celsius,Version 1.0,Temperature Mean (NEON.DOC.000646),Temperature Mean measurement stream value type (NEON.DOC.000646)
2014-04-02 19:30:00.0,2014-04-02 20:00:00.0,5.78034047410807527711540387826971709728,,degree Celsius,Version 1.0,Temperature Mean (NEON.DOC.000646),Temperature Mean measurement stream value type (NEON.DOC.000646)
2014-04-02 19:30:00.0,2014-04-02 20:00:00.0,0.020979241549306987951739600362088822294,,degree Celsius,Version 1.0,Temperature Expanded Uncertainty (NEON.DOC.000646),Temperature Mean measurement stream value type (NEON.DOC.000646)
2014-04-02 19:30:00.0,2014-04-02 20:00:00.0,1800,,none,Version 1.0,Number of points used in data product mean value,Temperature Mean measurement stream value type (NEON.DOC.000646)
2014-04-02 19:30:00.0,2014-04-02 20:00:00.0,0.009499644217758005868001980331882805330678,,degree Celsius,Version 1.0,Temperature Standard Error  (NEON.DOC.000652),Temperature Mean measurement stream value type (NEON.DOC.000646)
2014-04-02 20:00:00.0,2014-04-02 20:30:00.0,0.0252990650890855747756624793964874697849,,degree Celsius,Version 1.0,Temperature Expanded Uncertainty (NEON.DOC.000646),Temperature Mean measurement stream value type (NEON.DOC.000646)
2014-04-02 20:00:00.0,2014-04-02 20:30:00.0,6.59817897796563901380295646958984434604,,degree Celsius,Version 1.0,Temperature Mean (NEON.DOC.000646),Temperature Mean measurement stream value type (NEON.DOC.000646)
2014-04-02 20:00:00.0,2014-04-02 20:30:00.0,1800,,none,Version 1.0,Number of points used in data product mean value,Temperature Mean measurement stream value type (NEON.DOC.000646)
2014-04-02 20:00:00.0,2014-04-02 20:30:00.0,0.0118710799005710843784244801213390019256,,degree Celsius,Version 1.0,Temperature Standard Error  (NEON.DOC.000652),Temperature Mean measurement stream value type (NEON.DOC.000646)
2014-04-02 20:30:00.0,2014-04-02 21:00:00.0,1800,,none,Version 1.0,Number of points used in data product mean value,Temperature Mean measurement stream value type (NEON.DOC.000646)
2014-04-02 20:30:00.0,2014-04-02 21:00:00.0,7.25624616338553263261701431474648416042,,degree Celsius,Version 1.0,Temperature Mean (NEON.DOC.000646),Temperature Mean measurement stream value type (NEON.DOC.000646)
2014-04-02 20:30:00.0,2014-04-02 21:00:00.0,0.009146581688364770548749227430107566760852,,degree Celsius,Version 1.0,Temperature Standard Error  (NEON.DOC.000652),Temperature Mean measurement stream value type (NEON.DOC.000646)
2014-04-02 20:30:00.0,2014-04-02 21:00:00.0,0.0203675242068014558660671298184752231463,,degree Celsius,Version 1.0,Temperature Expanded Uncertainty (NEON.DOC.000646),Temperature Mean measurement stream value type (NEON.DOC.000646)
2014-04-02 21:00:00.0,2014-04-02 21:30:00.0,7.77841557780421766210565692745149135589,,degree Celsius,Version 1.0,Temperature Mean (NEON.DOC.000646),Temperature Mean measurement stream value type (NEON.DOC.000646)
2014-04-02 21:00:00.0,2014-04-02 21:30:00.0,1800,,none,Version 1.0,Number of points used in data product mean value,Temperature Mean measurement stream value type (NEON.DOC.000646)
2014-04-02 21:00:00.0,2014-04-02 21:30:00.0,0.0203208629267863719047859660804533632472,,degree Celsius,Version 1.0,Temperature Expanded Uncertainty (NEON.DOC.000646),Temperature Mean measurement stream value type (NEON.DOC.000646)
2014-04-02 21:00:00.0,2014-04-02 21:30:00.0,0.009116810408346668476164964545205293688923,,degree Celsius,Version 1.0,Temperature Standard Error  (NEON.DOC.000652),Temperature Mean measurement stream value type (NEON.DOC.000646)
2014-04-02 21:30:00.0,2014-04-02 22:00:00.0,8.5779416359781830436759264557622373104,,degree Celsius,Version 1.0,Temperature Mean (NEON.DOC.000646),Temperature Mean measurement stream value type (NEON.DOC.000646)
2014-04-02 21:30:00.0,2014-04-02 22:00:00.0,0.007708672604421195131974009484565613092854,,degree Celsius,Version 1.0,Temperature Standard Error  (NEON.DOC.000652),Temperature Mean measurement stream value type (NEON.DOC.000646)
2014-04-02 21:30:00.0,2014-04-02 22:00:00.0,0.0178862205590297161650337187666082172654,,degree Celsius,Version 1.0,Temperature Expanded Uncertainty (NEON.DOC.000646),Temperature Mean measurement stream value type (NEON.DOC.000646)
2014-04-02 21:30:00.0,2014-04-02 22:00:00.0,1800,,none,Version 1.0,Number of points used in data product mean value,Temperature Mean measurement stream value type (NEON.DOC.000646)
2014-04-02 22:00:00.0,2014-04-02 22:30:00.0,0.0153853589590929092784099552204679639544,,degree Celsius,Version 1.0,Temperature Expanded Uncertainty (NEON.DOC.000646),Temperature Mean measurement stream value type (NEON.DOC.000646)
2014-04-02 22:00:00.0,2014-04-02 22:30:00.0,0.006189024898431393084674567717229365371167,,degree Celsius,Version 1.0,Temperature Standard Error  (NEON.DOC.000652),Temperature Mean measurement stream value type (NEON.DOC.000646)
2014-04-02 22:00:00.0,2014-04-02 22:30:00.0,8.51473228768568191071608453057706356048,,degree Celsius,Version 1.0,Temperature Mean (NEON.DOC.000646),Temperature Mean measurement stream value type (NEON.DOC.000646)
2014-04-02 22:00:00.0,2014-04-02 22:30:00.0,1800,,none,Version 1.0,Number of points used in data product mean value,Temperature Mean measurement stream value type (NEON.DOC.000646)
2014-04-02 22:30:00.0,2014-04-02 23:00:00.0,8.45350470280915544663002947345376014709,,degree Celsius,Version 1.0,Temperature Mean (NEON.DOC.000646),Temperature Mean measurement stream value type (NEON.DOC.000646)
2014-04-02 22:30:00.0,2014-04-02 23:00:00.0,0.0125055260386423543889078402457926131319,,degree Celsius,Version 1.0,Temperature Expanded Uncertainty (NEON.DOC.000646),Temperature Mean measurement stream value type (NEON.DOC.000646)
2014-04-02 22:30:00.0,2014-04-02 23:00:00.0,0.004235258722934637058699092193592150579206,,degree Celsius,Version 1.0,Temperature Standard Error  (NEON.DOC.000652),Temperature Mean measurement stream value type (NEON.DOC.000646)
2014-04-02 22:30:00.0,2014-04-02 23:00:00.0,1800,,none,Version 1.0,Number of points used in data product mean value,Temperature Mean measurement stream value type (NEON.DOC.000646)
2014-04-02 23:00:00.0,2014-04-02 23:30:00.0,1800,,none,Version 1.0,Number of points used in data product mean value,Temperature Mean measurement stream value type (NEON.DOC.000646)
2014-04-02 23:00:00.0,2014-04-02 23:30:00.0,0.00426530609766943326344179610032369964756,,degree Celsius,Version 1.0,Temperature Standard Error  (NEON.DOC.000652),Temperature Mean measurement stream value type (NEON.DOC.000646)
2014-04-02 23:00:00.0,2014-04-02 23:30:00.0,8.23154964850305859158652310725301504135,,degree Celsius,Version 1.0,Temperature Mean (NEON.DOC.000646),Temperature Mean measurement stream value type (NEON.DOC.000646)
2014-04-02 23:00:00.0,2014-04-02 23:30:00.0,0.0125407699370812999312141400309883465524,,degree Celsius,Version 1.0,Temperature Expanded Uncertainty (NEON.DOC.000646),Temperature Mean measurement stream value type (NEON.DOC.000646)
2014-04-02 23:30:00.0,2014-04-03 00:00:00.0,1800,,none,Version 1.0,Number of points used in data product mean value,Temperature Mean measurement stream value type (NEON.DOC.000646)
2014-04-02 23:30:00.0,2014-04-03 00:00:00.0,0.004374381425045167567922099749466724460944,,degree Celsius,Version 1.0,Temperature Standard Error  (NEON.DOC.000652),Temperature Mean measurement stream value type (NEON.DOC.000646)
2014-04-02 23:30:00.0,2014-04-03 00:00:00.0,0.0126790233357839191019600377785536693409,,degree Celsius,Version 1.0,Temperature Expanded Uncertainty (NEON.DOC.000646),Temperature Mean measurement stream value type (NEON.DOC.000646)
2014-04-02 23:30:00.0,2014-04-03 00:00:00.0,7.76966680512504836997322854585945606231,,degree Celsius,Version 1.0,Temperature Mean (NEON.DOC.000646),Temperature Mean measurement stream value type (NEON.DOC.000646)
2014-04-03 00:00:00.0,2014-04-03 00:30:00.0,0.003753510947754901735246013672053777554538,,degree Celsius,Version 1.0,Temperature Standard Error  (NEON.DOC.000652),Temperature Mean measurement stream value type (NEON.DOC.000646)
2014-04-03 00:00:00.0,2014-04-03 00:30:00.0,1800,,none,Version 1.0,Number of points used in data product mean value,Temperature Mean measurement stream value type (NEON.DOC.000646)
2014-04-03 00:00:00.0,2014-04-03 00:30:00.0,7.15252193614682418854044954059645533561,,degree Celsius,Version 1.0,Temperature Mean (NEON.DOC.000646),Temperature Mean measurement stream value type (NEON.DOC.000646)
2014-04-03 00:00:00.0,2014-04-03 00:30:00.0,0.0118604637697383007849394331856274220626,,degree Celsius,Version 1.0,Temperature Expanded Uncertainty (NEON.DOC.000646),Temperature Mean measurement stream value type (NEON.DOC.000646)
