# Data from NEON Inc.
# These data are provided under the terms of the NEON data policy included in this data download.
# Data Product ID: NEON.D03.CS1.DP1.00003.001.003.006.002
# Data Product Name: 30 minutes maximum temperature tower level 6
# Site: Ordway-Swisher Biological Station Site, CORE (FL)
# Geographic coordinates (lat/long): 29.68927/-81.99343
# Domain: Domain 03
# Query Citation Code: 8FCB4F3AD72D4C1EA7AAD5CEBDCBB80F
# Date-Time of Query Submission: 2014-07-10 14:25 (UTC)
# Start Date-Time for Data: 2014-04-02 00:00 (UTC)
# End Date-Time for Data: 2014-04-03 00:00 (UTC)
# 
### Sensor Metadata Below
### Sensor information: Thermometrics Climate RTD 100  Omega  Probe and Met One 076B aspirated radiation shield
### Units: deg C
### Sampling Rate (Hz): 1
### Assembly repeatability (precision) in deg C: 0.0025
### Assembly refers to the sensor(s) and relevant components (e.g. DAS); here repeatability represents the maximum expected assembly noise given at 95% confidence.
### Boom Level: 6 (tower-top)
### Height Above Ground Level (m): 34.96
### Lat/Lon: 29.6892369/-81.9934109
### Threshold For Range test (Hard): min:  -89.2 (deg C) max:  56.7 (deg C)
### Threshold for Range test (soft): min: -27.2 (deg C) max: 44.4 (deg C)
### Threshold For Step test: 0.5 (deg C)
#
Start Date,End Date,Data 1,Data 2,Units,Readout Version,Value Name,Measurement Readout Type Name
2014-04-02 00:00:00.0,2014-04-02 00:30:00.0,25.3536888755930149841333332005888223648,,degree Celsius,Version 1.0,Temperature Max (NEON.DOC.000646),Level-1 FIU measurement stream readout type
2014-04-02 00:30:00.0,2014-04-02 01:00:00.0,25.19199887442129437431503902189433574676,,degree Celsius,Version 1.0,Temperature Max (NEON.DOC.000646),Level-1 FIU measurement stream readout type
2014-04-02 01:00:00.0,2014-04-02 01:30:00.0,21.38062423259093947081055375747382640838,,degree Celsius,Version 1.0,Temperature Max (NEON.DOC.000646),Level-1 FIU measurement stream readout type
2014-04-02 01:30:00.0,2014-04-02 02:00:00.0,20.52561779224214788541758025530725717544,,degree Celsius,Version 1.0,Temperature Max (NEON.DOC.000646),Level-1 FIU measurement stream readout type
2014-04-02 02:00:00.0,2014-04-02 02:30:00.0,20.11451317592476328854900202713906764984,,degree Celsius,Version 1.0,Temperature Max (NEON.DOC.000646),Level-1 FIU measurement stream readout type
2014-04-02 02:30:00.0,2014-04-02 03:00:00.0,19.56202602500568232812838687095791101455,,degree Celsius,Version 1.0,Temperature Max (NEON.DOC.000646),Level-1 FIU measurement stream readout type
2014-04-02 03:00:00.0,2014-04-02 03:30:00.0,19.65596179538960441846029425505548715591,,degree Celsius,Version 1.0,Temperature Max (NEON.DOC.000646),Level-1 FIU measurement stream readout type
2014-04-02 03:30:00.0,2014-04-02 04:00:00.0,19.21832683275043507364898687228560447692,,degree Celsius,Version 1.0,Temperature Max (NEON.DOC.000646),Level-1 FIU measurement stream readout type
2014-04-02 04:00:00.0,2014-04-02 04:30:00.0,18.80633907031964469069862389005720615386,,degree Celsius,Version 1.0,Temperature Max (NEON.DOC.000646),Level-1 FIU measurement stream readout type
2014-04-02 04:30:00.0,2014-04-02 05:00:00.0,18.66371221703947114178845367860049009323,,degree Celsius,Version 1.0,Temperature Max (NEON.DOC.000646),Level-1 FIU measurement stream readout type
2014-04-02 05:00:00.0,2014-04-02 05:30:00.0,18.86417914057373224068214767612516880035,,degree Celsius,Version 1.0,Temperature Max (NEON.DOC.000646),Level-1 FIU measurement stream readout type
2014-04-02 05:30:00.0,2014-04-02 06:00:00.0,18.11006805683717857391457073390483856201,,degree Celsius,Version 1.0,Temperature Max (NEON.DOC.000646),Level-1 FIU measurement stream readout type
2014-04-02 06:00:00.0,2014-04-02 06:30:00.0,17.69292037179045706807301030494272708892,,degree Celsius,Version 1.0,Temperature Max (NEON.DOC.000646),Level-1 FIU measurement stream readout type
2014-04-02 06:30:00.0,2014-04-02 07:00:00.0,16.8053157734375133713911054655909538269,,degree Celsius,Version 1.0,Temperature Max (NEON.DOC.000646),Level-1 FIU measurement stream readout type
2014-04-02 07:00:00.0,2014-04-02 07:30:00.0,15.80975013724430056072378647513687610626,,degree Celsius,Version 1.0,Temperature Max (NEON.DOC.000646),Level-1 FIU measurement stream readout type
2014-04-02 07:30:00.0,2014-04-02 08:00:00.0,15.35105029930617881461785145802423357963,,degree Celsius,Version 1.0,Temperature Max (NEON.DOC.000646),Level-1 FIU measurement stream readout type
2014-04-02 08:00:00.0,2014-04-02 08:30:00.0,15.42909313011946892402193043380975723266,,degree Celsius,Version 1.0,Temperature Max (NEON.DOC.000646),Level-1 FIU measurement stream readout type
2014-04-02 08:30:00.0,2014-04-02 09:00:00.0,14.54813042275077528131532744737342000007,,degree Celsius,Version 1.0,Temperature Max (NEON.DOC.000646),Level-1 FIU measurement stream readout type
2014-04-02 09:00:00.0,2014-04-02 09:30:00.0,14.34053490390727603198683937080204486846,,degree Celsius,Version 1.0,Temperature Max (NEON.DOC.000646),Level-1 FIU measurement stream readout type
2014-04-02 09:30:00.0,2014-04-02 10:00:00.0,15.16070910980342922869112953776493668556,,degree Celsius,Version 1.0,Temperature Max (NEON.DOC.000646),Level-1 FIU measurement stream readout type
2014-04-02 10:00:00.0,2014-04-02 10:30:00.0,15.5194327965233682675716408994048833847,,degree Celsius,Version 1.0,Temperature Max (NEON.DOC.000646),Level-1 FIU measurement stream readout type
2014-04-02 10:30:00.0,2014-04-02 11:00:00.0,15.47049702796880588095973507734015583992,,degree Celsius,Version 1.0,Temperature Max (NEON.DOC.000646),Level-1 FIU measurement stream readout type
2014-04-02 11:00:00.0,2014-04-02 11:30:00.0,15.20783659647991470365013810805976390838,,degree Celsius,Version 1.0,Temperature Max (NEON.DOC.000646),Level-1 FIU measurement stream readout type
2014-04-02 11:30:00.0,2014-04-02 12:00:00.0,15.67105425969148768672312144190073013305,,degree Celsius,Version 1.0,Temperature Max (NEON.DOC.000646),Level-1 FIU measurement stream readout type
2014-04-02 12:00:00.0,2014-04-02 12:30:00.0,16.31943230015571444369015807751566171646,,degree Celsius,Version 1.0,Temperature Max (NEON.DOC.000646),Level-1 FIU measurement stream readout type
2014-04-02 12:30:00.0,2014-04-02 13:00:00.0,16.67571089430632369499107880983501672744,,degree Celsius,Version 1.0,Temperature Max (NEON.DOC.000646),Level-1 FIU measurement stream readout type
2014-04-02 13:00:00.0,2014-04-02 13:30:00.0,18.54131795662153692205720290075987577438,,degree Celsius,Version 1.0,Temperature Max (NEON.DOC.000646),Level-1 FIU measurement stream readout type
2014-04-02 13:30:00.0,2014-04-02 14:00:00.0,19.31895421774072474363492801785469055175,,degree Celsius,Version 1.0,Temperature Max (NEON.DOC.000646),Level-1 FIU measurement stream readout type
2014-04-02 14:00:00.0,2014-04-02 14:30:00.0,20.83332032625143881432450143620371818542,,degree Celsius,Version 1.0,Temperature Max (NEON.DOC.000646),Level-1 FIU measurement stream readout type
2014-04-02 14:30:00.0,2014-04-02 15:00:00.0,22.11263490403270282058656448498368263244,,degree Celsius,Version 1.0,Temperature Max (NEON.DOC.000646),Level-1 FIU measurement stream readout type
2014-04-02 15:00:00.0,2014-04-02 15:30:00.0,23.11289788088592445092217531055212020874,,degree Celsius,Version 1.0,Temperature Max (NEON.DOC.000646),Level-1 FIU measurement stream readout type
2014-04-02 15:30:00.0,2014-04-02 16:00:00.0,23.6741230457087148408845678204670548439,,degree Celsius,Version 1.0,Temperature Max (NEON.DOC.000646),Level-1 FIU measurement stream readout type
2014-04-02 16:00:00.0,2014-04-02 16:30:00.0,24.65333825304472625816742947790771722793,,degree Celsius,Version 1.0,Temperature Max (NEON.DOC.000646),Level-1 FIU measurement stream readout type
2014-04-02 16:30:00.0,2014-04-02 17:00:00.0,25.24006572489366462264115398284047842025,,degree Celsius,Version 1.0,Temperature Max (NEON.DOC.000646),Level-1 FIU measurement stream readout type
2014-04-02 17:00:00.0,2014-04-02 17:30:00.0,26.66695300134586332774233596865087747573,,degree Celsius,Version 1.0,Temperature Max (NEON.DOC.000646),Level-1 FIU measurement stream readout type
2014-04-02 17:30:00.0,2014-04-02 18:00:00.0,26.68235522510189383638135041110217571258,,degree Celsius,Version 1.0,Temperature Max (NEON.DOC.000646),Level-1 FIU measurement stream readout type
2014-04-02 18:00:00.0,2014-04-02 18:30:00.0,27.3892736526795914642207208089530467987,,degree Celsius,Version 1.0,Temperature Max (NEON.DOC.000646),Level-1 FIU measurement stream readout type
2014-04-02 18:30:00.0,2014-04-02 19:00:00.0,27.62684393251704761951259570196270942687,,degree Celsius,Version 1.0,Temperature Max (NEON.DOC.000646),Level-1 FIU measurement stream readout type
2014-04-02 19:00:00.0,2014-04-02 19:30:00.0,27.78768470954656777394120581448078155517,,degree Celsius,Version 1.0,Temperature Max (NEON.DOC.000646),Level-1 FIU measurement stream readout type
2014-04-02 19:30:00.0,2014-04-02 20:00:00.0,28.40418823526430003312270855531096458435,,degree Celsius,Version 1.0,Temperature Max (NEON.DOC.000646),Level-1 FIU measurement stream readout type
2014-04-02 20:00:00.0,2014-04-02 20:30:00.0,28.23572808913261411589701310731470584869,,degree Celsius,Version 1.0,Temperature Max (NEON.DOC.000646),Level-1 FIU measurement stream readout type
2014-04-02 20:30:00.0,2014-04-02 21:00:00.0,28.39770656409005056275418610312044620513,,degree Celsius,Version 1.0,Temperature Max (NEON.DOC.000646),Level-1 FIU measurement stream readout type
2014-04-02 21:00:00.0,2014-04-02 21:30:00.0,28.57187265852704882718171575106680393218,,degree Celsius,Version 1.0,Temperature Max (NEON.DOC.000646),Level-1 FIU measurement stream readout type
2014-04-02 21:30:00.0,2014-04-02 22:00:00.0,28.35354925352432076124387094751000404357,,degree Celsius,Version 1.0,Temperature Max (NEON.DOC.000646),Level-1 FIU measurement stream readout type
2014-04-02 22:00:00.0,2014-04-02 22:30:00.0,28.02359464439935266000247793272137641906,,degree Celsius,Version 1.0,Temperature Max (NEON.DOC.000646),Level-1 FIU measurement stream readout type
2014-04-02 22:30:00.0,2014-04-02 23:00:00.0,27.72410055757416103006107732653617858886,,degree Celsius,Version 1.0,Temperature Max (NEON.DOC.000646),Level-1 FIU measurement stream readout type
2014-04-02 23:00:00.0,2014-04-02 23:30:00.0,27.35892964497153911906934808939695358276,,degree Celsius,Version 1.0,Temperature Max (NEON.DOC.000646),Level-1 FIU measurement stream readout type
2014-04-02 23:30:00.0,2014-04-03 00:00:00.0,26.94449791180264242029807064682245254516,,degree Celsius,Version 1.0,Temperature Max (NEON.DOC.000646),Level-1 FIU measurement stream readout type
2014-04-03 00:00:00.0,2014-04-03 00:30:00.0,24.43184298380367636127630248665809631347,,degree Celsius,Version 1.0,Temperature Max (NEON.DOC.000646),Level-1 FIU measurement stream readout type
