# Data from NEON Inc.
# These data are provided under the terms of the NEON data policy included in this data download.
# Data Product ID: NEON.D10.RS1.DP1.00002.001.005.003.002
# Data Product Name: 30 minutes Quality Summary temperature tower level 3
# Site: Sterling Site, RELOCATABLE (CO)
# Geographic coordinates (lat/long): 40.4619/-103.0293
# Domain: Domain 10
# Query Citation Code: 21E5007364DC4C71953400252C5E0B3F
# Date-Time of Query Submission: 2014-07-09 19:51 (UTC)
# Start Date-Time for Data: 2014-04-01 00:00 (UTC)
# End Date-Time for Data: 2014-04-02 00:00 (UTC)
# 
### Sensor Metadata Below
### Sensor information: Thermometrics Climate RTD 100  Omega  Probe and Met One 076B aspirated radiation shield
### Units: deg C
### Sampling Rate (Hz): 1
### Assembly repeatability (precision) in deg C: 0.0025
### Assembly refers to the sensor(s) and relevant components (e.g. DAS); here repeatability represents the maximum expected assembly noise given at 95% confidence.
### Boom Level: 3
### Height Above Ground Level (m): 4.606
### Lat/Lon: 40.46187293/-103.0293535
### Threshold For Range test (Hard): min:  -89.2 (deg C) max:  56.7 (deg C)
### Threshold for Range test (soft): min: -54.4 (deg C) max: 46.1 (deg C)
### Threshold For Step test: 0.5 (deg C)
#
Start Date,End Date,Data 1,Data 2,Units,Readout Version,Value Name,Measurement Readout Type Name
2014-04-01 00:00:00.0,2014-04-01 00:30:00.0,"Flag value: 0, percent: 100",,none,Version 1.0,QMQF Plausibility Step Test Value (NEON.DOC.001113),QMQF Summary measurement stream value type (NEON.DOC.001113)
2014-04-01 00:00:00.0,2014-04-01 00:30:00.0,"Flag value: 0, percent: 100",,none,Version 1.0,QMQF Plausibility Range Test Value (NEON.DOC.001113),QMQF Summary measurement stream value type (NEON.DOC.001113)
2014-04-01 00:00:00.0,2014-04-01 00:30:00.0,"Flag value: 0, percent: 100",,none,Version 1.0,QMQF Beta Value (NEON.DOC.001113),QMQF Summary measurement stream value type (NEON.DOC.001113)
2014-04-01 00:00:00.0,2014-04-01 00:30:00.0,"Flag value: 0, percent: 100",,none,Version 1.0,QM Temperature Heater State Flag Value (NEON.DOC.000646),QMQF Summary measurement stream value type (NEON.DOC.001113)
2014-04-01 00:00:00.0,2014-04-01 00:30:00.0,"Flag value: 0, percent: 100",,none,Version 1.0,QMQF Plausibility Gap Test Value (NEON.DOC.001113),QMQF Summary measurement stream value type (NEON.DOC.001113)
2014-04-01 00:00:00.0,2014-04-01 00:30:00.0,0,,none,Version 1.0,QMQF Final metric (NEON.DOC.001113),QMQF Summary measurement stream value type (NEON.DOC.001113)
2014-04-01 00:00:00.0,2014-04-01 00:30:00.0,"Flag value: 0, percent: 100",,none,Version 1.0,QMQF Despiking Spurious Value (NEON.DOC.001113),QMQF Summary measurement stream value type (NEON.DOC.001113)
2014-04-01 00:00:00.0,2014-04-01 00:30:00.0,"Flag value: 0, percent: 100",,none,Version 1.0,QMQF Plausibility Soft Range Test Value (NEON.DOC.001113 revB),QMQF Summary measurement stream value type (NEON.DOC.001113)
2014-04-01 00:00:00.0,2014-04-01 00:30:00.0,"Flag value: 0, percent: 100",,none,Version 1.0,QMQF Plausibility Null Test Value (NEON.DOC.001113),QMQF Summary measurement stream value type (NEON.DOC.001113)
2014-04-01 00:00:00.0,2014-04-01 00:30:00.0,"Flag value: 0, percent: 100",,none,Version 1.0,QMQF Alpha Value (NEON.DOC.001113),QMQF Summary measurement stream value type (NEON.DOC.001113)
2014-04-01 00:30:00.0,2014-04-01 01:00:00.0,"Flag value: 0, percent: 100",,none,Version 1.0,QMQF Alpha Value (NEON.DOC.001113),QMQF Summary measurement stream value type (NEON.DOC.001113)
2014-04-01 00:30:00.0,2014-04-01 01:00:00.0,"Flag value: 0, percent: 100",,none,Version 1.0,QMQF Plausibility Soft Range Test Value (NEON.DOC.001113 revB),QMQF Summary measurement stream value type (NEON.DOC.001113)
2014-04-01 00:30:00.0,2014-04-01 01:00:00.0,"Flag value: 0, percent: 100",,none,Version 1.0,QMQF Plausibility Range Test Value (NEON.DOC.001113),QMQF Summary measurement stream value type (NEON.DOC.001113)
2014-04-01 00:30:00.0,2014-04-01 01:00:00.0,"Flag value: 0, percent: 100",,none,Version 1.0,QMQF Plausibility Gap Test Value (NEON.DOC.001113),QMQF Summary measurement stream value type (NEON.DOC.001113)
2014-04-01 00:30:00.0,2014-04-01 01:00:00.0,"Flag value: 0, percent: 100",,none,Version 1.0,QMQF Despiking Spurious Value (NEON.DOC.001113),QMQF Summary measurement stream value type (NEON.DOC.001113)
2014-04-01 00:30:00.0,2014-04-01 01:00:00.0,0,,none,Version 1.0,QMQF Final metric (NEON.DOC.001113),QMQF Summary measurement stream value type (NEON.DOC.001113)
2014-04-01 00:30:00.0,2014-04-01 01:00:00.0,"Flag value: 0, percent: 100",,none,Version 1.0,QMQF Beta Value (NEON.DOC.001113),QMQF Summary measurement stream value type (NEON.DOC.001113)
2014-04-01 00:30:00.0,2014-04-01 01:00:00.0,"Flag value: 0, percent: 100",,none,Version 1.0,QMQF Plausibility Null Test Value (NEON.DOC.001113),QMQF Summary measurement stream value type (NEON.DOC.001113)
2014-04-01 00:30:00.0,2014-04-01 01:00:00.0,"Flag value: 0, percent: 100",,none,Version 1.0,QMQF Plausibility Step Test Value (NEON.DOC.001113),QMQF Summary measurement stream value type (NEON.DOC.001113)
2014-04-01 00:30:00.0,2014-04-01 01:00:00.0,"Flag value: 0, percent: 100",,none,Version 1.0,QM Temperature Heater State Flag Value (NEON.DOC.000646),QMQF Summary measurement stream value type (NEON.DOC.001113)
2014-04-01 01:00:00.0,2014-04-01 01:30:00.0,"Flag value: 0, percent: 100",,none,Version 1.0,QMQF Despiking Spurious Value (NEON.DOC.001113),QMQF Summary measurement stream value type (NEON.DOC.001113)
2014-04-01 01:00:00.0,2014-04-01 01:30:00.0,"Flag value: 0, percent: 100",,none,Version 1.0,QMQF Plausibility Null Test Value (NEON.DOC.001113),QMQF Summary measurement stream value type (NEON.DOC.001113)
2014-04-01 01:00:00.0,2014-04-01 01:30:00.0,0,,none,Version 1.0,QMQF Final metric (NEON.DOC.001113),QMQF Summary measurement stream value type (NEON.DOC.001113)
2014-04-01 01:00:00.0,2014-04-01 01:30:00.0,"Flag value: 0, percent: 100",,none,Version 1.0,QMQF Beta Value (NEON.DOC.001113),QMQF Summary measurement stream value type (NEON.DOC.001113)
2014-04-01 01:00:00.0,2014-04-01 01:30:00.0,"Flag value: 0, percent: 100",,none,Version 1.0,QMQF Alpha Value (NEON.DOC.001113),QMQF Summary measurement stream value type (NEON.DOC.001113)
2014-04-01 01:00:00.0,2014-04-01 01:30:00.0,"Flag value: 0, percent: 100",,none,Version 1.0,QM Temperature Heater State Flag Value (NEON.DOC.000646),QMQF Summary measurement stream value type (NEON.DOC.001113)
2014-04-01 01:00:00.0,2014-04-01 01:30:00.0,"Flag value: 0, percent: 100",,none,Version 1.0,QMQF Plausibility Soft Range Test Value (NEON.DOC.001113 revB),QMQF Summary measurement stream value type (NEON.DOC.001113)
2014-04-01 01:00:00.0,2014-04-01 01:30:00.0,"Flag value: 0, percent: 100",,none,Version 1.0,QMQF Plausibility Gap Test Value (NEON.DOC.001113),QMQF Summary measurement stream value type (NEON.DOC.001113)
2014-04-01 01:00:00.0,2014-04-01 01:30:00.0,"Flag value: 0, percent: 100",,none,Version 1.0,QMQF Plausibility Range Test Value (NEON.DOC.001113),QMQF Summary measurement stream value type (NEON.DOC.001113)
2014-04-01 01:00:00.0,2014-04-01 01:30:00.0,"Flag value: 0, percent: 100",,none,Version 1.0,QMQF Plausibility Step Test Value (NEON.DOC.001113),QMQF Summary measurement stream value type (NEON.DOC.001113)
2014-04-01 01:30:00.0,2014-04-01 02:00:00.0,"Flag value: 0, percent: 100",,none,Version 1.0,QMQF Plausibility Range Test Value (NEON.DOC.001113),QMQF Summary measurement stream value type (NEON.DOC.001113)
2014-04-01 01:30:00.0,2014-04-01 02:00:00.0,"Flag value: 0, percent: 100",,none,Version 1.0,QM Temperature Heater State Flag Value (NEON.DOC.000646),QMQF Summary measurement stream value type (NEON.DOC.001113)
2014-04-01 01:30:00.0,2014-04-01 02:00:00.0,"Flag value: 0, percent: 100",,none,Version 1.0,QMQF Beta Value (NEON.DOC.001113),QMQF Summary measurement stream value type (NEON.DOC.001113)
2014-04-01 01:30:00.0,2014-04-01 02:00:00.0,"Flag value: 0, percent: 100",,none,Version 1.0,QMQF Plausibility Null Test Value (NEON.DOC.001113),QMQF Summary measurement stream value type (NEON.DOC.001113)
2014-04-01 01:30:00.0,2014-04-01 02:00:00.0,"Flag value: 0, percent: 100",,none,Version 1.0,QMQF Alpha Value (NEON.DOC.001113),QMQF Summary measurement stream value type (NEON.DOC.001113)
2014-04-01 01:30:00.0,2014-04-01 02:00:00.0,0,,none,Version 1.0,QMQF Final metric (NEON.DOC.001113),QMQF Summary measurement stream value type (NEON.DOC.001113)
2014-04-01 01:30:00.0,2014-04-01 02:00:00.0,"Flag value: 0, percent: 100",,none,Version 1.0,QMQF Plausibility Soft Range Test Value (NEON.DOC.001113 revB),QMQF Summary measurement stream value type (NEON.DOC.001113)
2014-04-01 01:30:00.0,2014-04-01 02:00:00.0,"Flag value: 0, percent: 100",,none,Version 1.0,QMQF Despiking Spurious Value (NEON.DOC.001113),QMQF Summary measurement stream value type (NEON.DOC.001113)
2014-04-01 01:30:00.0,2014-04-01 02:00:00.0,"Flag value: 0, percent: 100",,none,Version 1.0,QMQF Plausibility Step Test Value (NEON.DOC.001113),QMQF Summary measurement stream value type (NEON.DOC.001113)
2014-04-01 01:30:00.0,2014-04-01 02:00:00.0,"Flag value: 0, percent: 100",,none,Version 1.0,QMQF Plausibility Gap Test Value (NEON.DOC.001113),QMQF Summary measurement stream value type (NEON.DOC.001113)
2014-04-01 02:00:00.0,2014-04-01 02:30:00.0,"Flag value: 0, percent: 100",,none,Version 1.0,QMQF Beta Value (NEON.DOC.001113),QMQF Summary measurement stream value type (NEON.DOC.001113)
2014-04-01 02:00:00.0,2014-04-01 02:30:00.0,"Flag value: 0, percent: 100",,none,Version 1.0,QMQF Despiking Spurious Value (NEON.DOC.001113),QMQF Summary measurement stream value type (NEON.DOC.001113)
2014-04-01 02:00:00.0,2014-04-01 02:30:00.0,"Flag value: 0, percent: 100",,none,Version 1.0,QM Temperature Heater State Flag Value (NEON.DOC.000646),QMQF Summary measurement stream value type (NEON.DOC.001113)
2014-04-01 02:00:00.0,2014-04-01 02:30:00.0,"Flag value: 0, percent: 100",,none,Version 1.0,QMQF Alpha Value (NEON.DOC.001113),QMQF Summary measurement stream value type (NEON.DOC.001113)
2014-04-01 02:00:00.0,2014-04-01 02:30:00.0,"Flag value: 0, percent: 100",,none,Version 1.0,QMQF Plausibility Range Test Value (NEON.DOC.001113),QMQF Summary measurement stream value type (NEON.DOC.001113)
2014-04-01 02:00:00.0,2014-04-01 02:30:00.0,"Flag value: 0, percent: 100",,none,Version 1.0,QMQF Plausibility Soft Range Test Value (NEON.DOC.001113 revB),QMQF Summary measurement stream value type (NEON.DOC.001113)
2014-04-01 02:00:00.0,2014-04-01 02:30:00.0,"Flag value: 0, percent: 100",,none,Version 1.0,QMQF Plausibility Gap Test Value (NEON.DOC.001113),QMQF Summary measurement stream value type (NEON.DOC.001113)
2014-04-01 02:00:00.0,2014-04-01 02:30:00.0,"Flag value: 0, percent: 100",,none,Version 1.0,QMQF Plausibility Step Test Value (NEON.DOC.001113),QMQF Summary measurement stream value type (NEON.DOC.001113)
2014-04-01 02:00:00.0,2014-04-01 02:30:00.0,0,,none,Version 1.0,QMQF Final metric (NEON.DOC.001113),QMQF Summary measurement stream value type (NEON.DOC.001113)
2014-04-01 02:00:00.0,2014-04-01 02:30:00.0,"Flag value: 0, percent: 100",,none,Version 1.0,QMQF Plausibility Null Test Value (NEON.DOC.001113),QMQF Summary measurement stream value type (NEON.DOC.001113)
2014-04-01 02:30:00.0,2014-04-01 03:00:00.0,"Flag value: 0, percent: 100",,none,Version 1.0,QMQF Alpha Value (NEON.DOC.001113),QMQF Summary measurement stream value type (NEON.DOC.001113)
2014-04-01 02:30:00.0,2014-04-01 03:00:00.0,"Flag value: 0, percent: 100",,none,Version 1.0,QMQF Plausibility Range Test Value (NEON.DOC.001113),QMQF Summary measurement stream value type (NEON.DOC.001113)
2014-04-01 02:30:00.0,2014-04-01 03:00:00.0,"Flag value: 0, percent: 100",,none,Version 1.0,QMQF Plausibility Gap Test Value (NEON.DOC.001113),QMQF Summary measurement stream value type (NEON.DOC.001113)
2014-04-01 02:30:00.0,2014-04-01 03:00:00.0,0,,none,Version 1.0,QMQF Final metric (NEON.DOC.001113),QMQF Summary measurement stream value type (NEON.DOC.001113)
2014-04-01 02:30:00.0,2014-04-01 03:00:00.0,"Flag value: 0, percent: 100",,none,Version 1.0,QMQF Plausibility Null Test Value (NEON.DOC.001113),QMQF Summary measurement stream value type (NEON.DOC.001113)
2014-04-01 02:30:00.0,2014-04-01 03:00:00.0,"Flag value: 0, percent: 100",,none,Version 1.0,QMQF Plausibility Step Test Value (NEON.DOC.001113),QMQF Summary measurement stream value type (NEON.DOC.001113)
2014-04-01 02:30:00.0,2014-04-01 03:00:00.0,"Flag value: 0, percent: 100",,none,Version 1.0,QMQF Despiking Spurious Value (NEON.DOC.001113),QMQF Summary measurement stream value type (NEON.DOC.001113)
2014-04-01 02:30:00.0,2014-04-01 03:00:00.0,"Flag value: 0, percent: 100",,none,Version 1.0,QM Temperature Heater State Flag Value (NEON.DOC.000646),QMQF Summary measurement stream value type (NEON.DOC.001113)
2014-04-01 02:30:00.0,2014-04-01 03:00:00.0,"Flag value: 0, percent: 100",,none,Version 1.0,QMQF Plausibility Soft Range Test Value (NEON.DOC.001113 revB),QMQF Summary measurement stream value type (NEON.DOC.001113)
2014-04-01 02:30:00.0,2014-04-01 03:00:00.0,"Flag value: 0, percent: 100",,none,Version 1.0,QMQF Beta Value (NEON.DOC.001113),QMQF Summary measurement stream value type (NEON.DOC.001113)
2014-04-01 03:00:00.0,2014-04-01 03:30:00.0,"Flag value: 0, percent: 100",,none,Version 1.0,QMQF Despiking Spurious Value (NEON.DOC.001113),QMQF Summary measurement stream value type (NEON.DOC.001113)
2014-04-01 03:00:00.0,2014-04-01 03:30:00.0,"Flag value: 0, percent: 100",,none,Version 1.0,QMQF Beta Value (NEON.DOC.001113),QMQF Summary measurement stream value type (NEON.DOC.001113)
2014-04-01 03:00:00.0,2014-04-01 03:30:00.0,"Flag value: 0, percent: 100",,none,Version 1.0,QMQF Plausibility Null Test Value (NEON.DOC.001113),QMQF Summary measurement stream value type (NEON.DOC.001113)
2014-04-01 03:00:00.0,2014-04-01 03:30:00.0,"Flag value: 0, percent: 100",,none,Version 1.0,QMQF Plausibility Range Test Value (NEON.DOC.001113),QMQF Summary measurement stream value type (NEON.DOC.001113)
2014-04-01 03:00:00.0,2014-04-01 03:30:00.0,"Flag value: 0, percent: 100",,none,Version 1.0,QMQF Plausibility Soft Range Test Value (NEON.DOC.001113 revB),QMQF Summary measurement stream value type (NEON.DOC.001113)
2014-04-01 03:00:00.0,2014-04-01 03:30:00.0,"Flag value: 0, percent: 100",,none,Version 1.0,QM Temperature Heater State Flag Value (NEON.DOC.000646),QMQF Summary measurement stream value type (NEON.DOC.001113)
2014-04-01 03:00:00.0,2014-04-01 03:30:00.0,"Flag value: 0, percent: 100",,none,Version 1.0,QMQF Plausibility Gap Test Value (NEON.DOC.001113),QMQF Summary measurement stream value type (NEON.DOC.001113)
2014-04-01 03:00:00.0,2014-04-01 03:30:00.0,"Flag value: 0, percent: 100",,none,Version 1.0,QMQF Plausibility Step Test Value (NEON.DOC.001113),QMQF Summary measurement stream value type (NEON.DOC.001113)
2014-04-01 03:00:00.0,2014-04-01 03:30:00.0,0,,none,Version 1.0,QMQF Final metric (NEON.DOC.001113),QMQF Summary measurement stream value type (NEON.DOC.001113)
2014-04-01 03:00:00.0,2014-04-01 03:30:00.0,"Flag value: 0, percent: 100",,none,Version 1.0,QMQF Alpha Value (NEON.DOC.001113),QMQF Summary measurement stream value type (NEON.DOC.001113)
2014-04-01 03:30:00.0,2014-04-01 04:00:00.0,"Flag value: 0, percent: 100",,none,Version 1.0,QMQF Beta Value (NEON.DOC.001113),QMQF Summary measurement stream value type (NEON.DOC.001113)
2014-04-01 03:30:00.0,2014-04-01 04:00:00.0,"Flag value: 0, percent: 100",,none,Version 1.0,QMQF Plausibility Soft Range Test Value (NEON.DOC.001113 revB),QMQF Summary measurement stream value type (NEON.DOC.001113)
2014-04-01 03:30:00.0,2014-04-01 04:00:00.0,0,,none,Version 1.0,QMQF Final metric (NEON.DOC.001113),QMQF Summary measurement stream value type (NEON.DOC.001113)
2014-04-01 03:30:00.0,2014-04-01 04:00:00.0,"Flag value: 0, percent: 100",,none,Version 1.0,QMQF Despiking Spurious Value (NEON.DOC.001113),QMQF Summary measurement stream value type (NEON.DOC.001113)
2014-04-01 03:30:00.0,2014-04-01 04:00:00.0,"Flag value: 0, percent: 100",,none,Version 1.0,QMQF Alpha Value (NEON.DOC.001113),QMQF Summary measurement stream value type (NEON.DOC.001113)
2014-04-01 03:30:00.0,2014-04-01 04:00:00.0,"Flag value: 0, percent: 100",,none,Version 1.0,QMQF Plausibility Null Test Value (NEON.DOC.001113),QMQF Summary measurement stream value type (NEON.DOC.001113)
2014-04-01 03:30:00.0,2014-04-01 04:00:00.0,"Flag value: 0, percent: 100",,none,Version 1.0,QM Temperature Heater State Flag Value (NEON.DOC.000646),QMQF Summary measurement stream value type (NEON.DOC.001113)
2014-04-01 03:30:00.0,2014-04-01 04:00:00.0,"Flag value: 0, percent: 100",,none,Version 1.0,QMQF Plausibility Range Test Value (NEON.DOC.001113),QMQF Summary measurement stream value type (NEON.DOC.001113)
2014-04-01 03:30:00.0,2014-04-01 04:00:00.0,"Flag value: 0, percent: 100",,none,Version 1.0,QMQF Plausibility Gap Test Value (NEON.DOC.001113),QMQF Summary measurement stream value type (NEON.DOC.001113)
2014-04-01 03:30:00.0,2014-04-01 04:00:00.0,"Flag value: 0, percent: 100",,none,Version 1.0,QMQF Plausibility Step Test Value (NEON.DOC.001113),QMQF Summary measurement stream value type (NEON.DOC.001113)
2014-04-01 04:00:00.0,2014-04-01 04:30:00.0,0,,none,Version 1.0,QMQF Final metric (NEON.DOC.001113),QMQF Summary measurement stream value type (NEON.DOC.001113)
2014-04-01 04:00:00.0,2014-04-01 04:30:00.0,"Flag value: 0, percent: 100",,none,Version 1.0,QM Temperature Heater State Flag Value (NEON.DOC.000646),QMQF Summary measurement stream value type (NEON.DOC.001113)
2014-04-01 04:00:00.0,2014-04-01 04:30:00.0,"Flag value: 0, percent: 100",,none,Version 1.0,QMQF Plausibility Gap Test Value (NEON.DOC.001113),QMQF Summary measurement stream value type (NEON.DOC.001113)
2014-04-01 04:00:00.0,2014-04-01 04:30:00.0,"Flag value: 0, percent: 100",,none,Version 1.0,QMQF Alpha Value (NEON.DOC.001113),QMQF Summary measurement stream value type (NEON.DOC.001113)
2014-04-01 04:00:00.0,2014-04-01 04:30:00.0,"Flag value: 0, percent: 100",,none,Version 1.0,QMQF Beta Value (NEON.DOC.001113),QMQF Summary measurement stream value type (NEON.DOC.001113)
2014-04-01 04:00:00.0,2014-04-01 04:30:00.0,"Flag value: 0, percent: 100",,none,Version 1.0,QMQF Despiking Spurious Value (NEON.DOC.001113),QMQF Summary measurement stream value type (NEON.DOC.001113)
2014-04-01 04:00:00.0,2014-04-01 04:30:00.0,"Flag value: 0, percent: 100",,none,Version 1.0,QMQF Plausibility Null Test Value (NEON.DOC.001113),QMQF Summary measurement stream value type (NEON.DOC.001113)
2014-04-01 04:00:00.0,2014-04-01 04:30:00.0,"Flag value: 0, percent: 100",,none,Version 1.0,QMQF Plausibility Step Test Value (NEON.DOC.001113),QMQF Summary measurement stream value type (NEON.DOC.001113)
2014-04-01 04:00:00.0,2014-04-01 04:30:00.0,"Flag value: 0, percent: 100",,none,Version 1.0,QMQF Plausibility Soft Range Test Value (NEON.DOC.001113 revB),QMQF Summary measurement stream value type (NEON.DOC.001113)
2014-04-01 04:00:00.0,2014-04-01 04:30:00.0,"Flag value: 0, percent: 100",,none,Version 1.0,QMQF Plausibility Range Test Value (NEON.DOC.001113),QMQF Summary measurement stream value type (NEON.DOC.001113)
2014-04-01 04:30:00.0,2014-04-01 05:00:00.0,"Flag value: 0, percent: 100",,none,Version 1.0,QMQF Plausibility Null Test Value (NEON.DOC.001113),QMQF Summary measurement stream value type (NEON.DOC.001113)
2014-04-01 04:30:00.0,2014-04-01 05:00:00.0,"Flag value: 0, percent: 100",,none,Version 1.0,QMQF Beta Value (NEON.DOC.001113),QMQF Summary measurement stream value type (NEON.DOC.001113)
2014-04-01 04:30:00.0,2014-04-01 05:00:00.0,"Flag value: 0, percent: 100",,none,Version 1.0,QMQF Plausibility Step Test Value (NEON.DOC.001113),QMQF Summary measurement stream value type (NEON.DOC.001113)
2014-04-01 04:30:00.0,2014-04-01 05:00:00.0,"Flag value: 0, percent: 100",,none,Version 1.0,QMQF Plausibility Range Test Value (NEON.DOC.001113),QMQF Summary measurement stream value type (NEON.DOC.001113)
2014-04-01 04:30:00.0,2014-04-01 05:00:00.0,"Flag value: 0, percent: 100",,none,Version 1.0,QMQF Plausibility Gap Test Value (NEON.DOC.001113),QMQF Summary measurement stream value type (NEON.DOC.001113)
2014-04-01 04:30:00.0,2014-04-01 05:00:00.0,0,,none,Version 1.0,QMQF Final metric (NEON.DOC.001113),QMQF Summary measurement stream value type (NEON.DOC.001113)
2014-04-01 04:30:00.0,2014-04-01 05:00:00.0,"Flag value: 0, percent: 100",,none,Version 1.0,QM Temperature Heater State Flag Value (NEON.DOC.000646),QMQF Summary measurement stream value type (NEON.DOC.001113)
2014-04-01 04:30:00.0,2014-04-01 05:00:00.0,"Flag value: 0, percent: 100",,none,Version 1.0,QMQF Alpha Value (NEON.DOC.001113),QMQF Summary measurement stream value type (NEON.DOC.001113)
2014-04-01 04:30:00.0,2014-04-01 05:00:00.0,"Flag value: 0, percent: 100",,none,Version 1.0,QMQF Despiking Spurious Value (NEON.DOC.001113),QMQF Summary measurement stream value type (NEON.DOC.001113)
2014-04-01 04:30:00.0,2014-04-01 05:00:00.0,"Flag value: 0, percent: 100",,none,Version 1.0,QMQF Plausibility Soft Range Test Value (NEON.DOC.001113 revB),QMQF Summary measurement stream value type (NEON.DOC.001113)
2014-04-01 05:00:00.0,2014-04-01 05:30:00.0,"Flag value: 0, percent: 100",,none,Version 1.0,QM Temperature Heater State Flag Value (NEON.DOC.000646),QMQF Summary measurement stream value type (NEON.DOC.001113)
2014-04-01 05:00:00.0,2014-04-01 05:30:00.0,"Flag value: 0, percent: 100",,none,Version 1.0,QMQF Beta Value (NEON.DOC.001113),QMQF Summary measurement stream value type (NEON.DOC.001113)
2014-04-01 05:00:00.0,2014-04-01 05:30:00.0,"Flag value: 0, percent: 100",,none,Version 1.0,QMQF Despiking Spurious Value (NEON.DOC.001113),QMQF Summary measurement stream value type (NEON.DOC.001113)
2014-04-01 05:00:00.0,2014-04-01 05:30:00.0,0,,none,Version 1.0,QMQF Final metric (NEON.DOC.001113),QMQF Summary measurement stream value type (NEON.DOC.001113)
2014-04-01 05:00:00.0,2014-04-01 05:30:00.0,"Flag value: 0, percent: 100",,none,Version 1.0,QMQF Plausibility Gap Test Value (NEON.DOC.001113),QMQF Summary measurement stream value type (NEON.DOC.001113)
2014-04-01 05:00:00.0,2014-04-01 05:30:00.0,"Flag value: 0, percent: 100",,none,Version 1.0,QMQF Plausibility Soft Range Test Value (NEON.DOC.001113 revB),QMQF Summary measurement stream value type (NEON.DOC.001113)
2014-04-01 05:00:00.0,2014-04-01 05:30:00.0,"Flag value: 0, percent: 100",,none,Version 1.0,QMQF Alpha Value (NEON.DOC.001113),QMQF Summary measurement stream value type (NEON.DOC.001113)
2014-04-01 05:00:00.0,2014-04-01 05:30:00.0,"Flag value: 0, percent: 100",,none,Version 1.0,QMQF Plausibility Step Test Value (NEON.DOC.001113),QMQF Summary measurement stream value type (NEON.DOC.001113)
2014-04-01 05:00:00.0,2014-04-01 05:30:00.0,"Flag value: 0, percent: 100",,none,Version 1.0,QMQF Plausibility Null Test Value (NEON.DOC.001113),QMQF Summary measurement stream value type (NEON.DOC.001113)
2014-04-01 05:00:00.0,2014-04-01 05:30:00.0,"Flag value: 0, percent: 100",,none,Version 1.0,QMQF Plausibility Range Test Value (NEON.DOC.001113),QMQF Summary measurement stream value type (NEON.DOC.001113)
2014-04-01 05:30:00.0,2014-04-01 06:00:00.0,"Flag value: 0, percent: 100",,none,Version 1.0,QMQF Despiking Spurious Value (NEON.DOC.001113),QMQF Summary measurement stream value type (NEON.DOC.001113)
2014-04-01 05:30:00.0,2014-04-01 06:00:00.0,"Flag value: 0, percent: 100",,none,Version 1.0,QMQF Plausibility Soft Range Test Value (NEON.DOC.001113 revB),QMQF Summary measurement stream value type (NEON.DOC.001113)
2014-04-01 05:30:00.0,2014-04-01 06:00:00.0,"Flag value: 0, percent: 100",,none,Version 1.0,QMQF Alpha Value (NEON.DOC.001113),QMQF Summary measurement stream value type (NEON.DOC.001113)
2014-04-01 05:30:00.0,2014-04-01 06:00:00.0,"Flag value: 0, percent: 100",,none,Version 1.0,QMQF Plausibility Null Test Value (NEON.DOC.001113),QMQF Summary measurement stream value type (NEON.DOC.001113)
2014-04-01 05:30:00.0,2014-04-01 06:00:00.0,"Flag value: 0, percent: 100",,none,Version 1.0,QMQF Plausibility Range Test Value (NEON.DOC.001113),QMQF Summary measurement stream value type (NEON.DOC.001113)
2014-04-01 05:30:00.0,2014-04-01 06:00:00.0,0,,none,Version 1.0,QMQF Final metric (NEON.DOC.001113),QMQF Summary measurement stream value type (NEON.DOC.001113)
2014-04-01 05:30:00.0,2014-04-01 06:00:00.0,"Flag value: 0, percent: 100",,none,Version 1.0,QMQF Plausibility Step Test Value (NEON.DOC.001113),QMQF Summary measurement stream value type (NEON.DOC.001113)
2014-04-01 05:30:00.0,2014-04-01 06:00:00.0,"Flag value: 0, percent: 100",,none,Version 1.0,QMQF Plausibility Gap Test Value (NEON.DOC.001113),QMQF Summary measurement stream value type (NEON.DOC.001113)
2014-04-01 05:30:00.0,2014-04-01 06:00:00.0,"Flag value: 0, percent: 100",,none,Version 1.0,QM Temperature Heater State Flag Value (NEON.DOC.000646),QMQF Summary measurement stream value type (NEON.DOC.001113)
2014-04-01 05:30:00.0,2014-04-01 06:00:00.0,"Flag value: 0, percent: 100",,none,Version 1.0,QMQF Beta Value (NEON.DOC.001113),QMQF Summary measurement stream value type (NEON.DOC.001113)
2014-04-01 06:00:00.0,2014-04-01 06:30:00.0,"Flag value: 0, percent: 100",,none,Version 1.0,QMQF Plausibility Range Test Value (NEON.DOC.001113),QMQF Summary measurement stream value type (NEON.DOC.001113)
2014-04-01 06:00:00.0,2014-04-01 06:30:00.0,"Flag value: 0, percent: 100",,none,Version 1.0,QMQF Plausibility Gap Test Value (NEON.DOC.001113),QMQF Summary measurement stream value type (NEON.DOC.001113)
2014-04-01 06:00:00.0,2014-04-01 06:30:00.0,0,,none,Version 1.0,QMQF Final metric (NEON.DOC.001113),QMQF Summary measurement stream value type (NEON.DOC.001113)
2014-04-01 06:00:00.0,2014-04-01 06:30:00.0,"Flag value: 0, percent: 100",,none,Version 1.0,QMQF Alpha Value (NEON.DOC.001113),QMQF Summary measurement stream value type (NEON.DOC.001113)
2014-04-01 06:00:00.0,2014-04-01 06:30:00.0,"Flag value: 0, percent: 100",,none,Version 1.0,QMQF Plausibility Soft Range Test Value (NEON.DOC.001113 revB),QMQF Summary measurement stream value type (NEON.DOC.001113)
2014-04-01 06:00:00.0,2014-04-01 06:30:00.0,"Flag value: 0, percent: 100",,none,Version 1.0,QMQF Beta Value (NEON.DOC.001113),QMQF Summary measurement stream value type (NEON.DOC.001113)
2014-04-01 06:00:00.0,2014-04-01 06:30:00.0,"Flag value: 0, percent: 100",,none,Version 1.0,QMQF Despiking Spurious Value (NEON.DOC.001113),QMQF Summary measurement stream value type (NEON.DOC.001113)
2014-04-01 06:00:00.0,2014-04-01 06:30:00.0,"Flag value: 0, percent: 100",,none,Version 1.0,QMQF Plausibility Null Test Value (NEON.DOC.001113),QMQF Summary measurement stream value type (NEON.DOC.001113)
2014-04-01 06:00:00.0,2014-04-01 06:30:00.0,"Flag value: 0, percent: 100",,none,Version 1.0,QMQF Plausibility Step Test Value (NEON.DOC.001113),QMQF Summary measurement stream value type (NEON.DOC.001113)
2014-04-01 06:00:00.0,2014-04-01 06:30:00.0,"Flag value: 0, percent: 100",,none,Version 1.0,QM Temperature Heater State Flag Value (NEON.DOC.000646),QMQF Summary measurement stream value type (NEON.DOC.001113)
2014-04-01 06:30:00.0,2014-04-01 07:00:00.0,"Flag value: 0, percent: 100",,none,Version 1.0,QMQF Alpha Value (NEON.DOC.001113),QMQF Summary measurement stream value type (NEON.DOC.001113)
2014-04-01 06:30:00.0,2014-04-01 07:00:00.0,"Flag value: 0, percent: 100",,none,Version 1.0,QMQF Plausibility Null Test Value (NEON.DOC.001113),QMQF Summary measurement stream value type (NEON.DOC.001113)
2014-04-01 06:30:00.0,2014-04-01 07:00:00.0,"Flag value: 0, percent: 100",,none,Version 1.0,QMQF Beta Value (NEON.DOC.001113),QMQF Summary measurement stream value type (NEON.DOC.001113)
2014-04-01 06:30:00.0,2014-04-01 07:00:00.0,"Flag value: 0, percent: 100",,none,Version 1.0,QM Temperature Heater State Flag Value (NEON.DOC.000646),QMQF Summary measurement stream value type (NEON.DOC.001113)
2014-04-01 06:30:00.0,2014-04-01 07:00:00.0,0,,none,Version 1.0,QMQF Final metric (NEON.DOC.001113),QMQF Summary measurement stream value type (NEON.DOC.001113)
2014-04-01 06:30:00.0,2014-04-01 07:00:00.0,"Flag value: 0, percent: 100",,none,Version 1.0,QMQF Plausibility Step Test Value (NEON.DOC.001113),QMQF Summary measurement stream value type (NEON.DOC.001113)
2014-04-01 06:30:00.0,2014-04-01 07:00:00.0,"Flag value: 0, percent: 100",,none,Version 1.0,QMQF Despiking Spurious Value (NEON.DOC.001113),QMQF Summary measurement stream value type (NEON.DOC.001113)
2014-04-01 06:30:00.0,2014-04-01 07:00:00.0,"Flag value: 0, percent: 100",,none,Version 1.0,QMQF Plausibility Gap Test Value (NEON.DOC.001113),QMQF Summary measurement stream value type (NEON.DOC.001113)
2014-04-01 06:30:00.0,2014-04-01 07:00:00.0,"Flag value: 0, percent: 100",,none,Version 1.0,QMQF Plausibility Soft Range Test Value (NEON.DOC.001113 revB),QMQF Summary measurement stream value type (NEON.DOC.001113)
2014-04-01 06:30:00.0,2014-04-01 07:00:00.0,"Flag value: 0, percent: 100",,none,Version 1.0,QMQF Plausibility Range Test Value (NEON.DOC.001113),QMQF Summary measurement stream value type (NEON.DOC.001113)
2014-04-01 07:00:00.0,2014-04-01 07:30:00.0,"Flag value: 0, percent: 100",,none,Version 1.0,QMQF Alpha Value (NEON.DOC.001113),QMQF Summary measurement stream value type (NEON.DOC.001113)
2014-04-01 07:00:00.0,2014-04-01 07:30:00.0,"Flag value: 0, percent: 100",,none,Version 1.0,QMQF Despiking Spurious Value (NEON.DOC.001113),QMQF Summary measurement stream value type (NEON.DOC.001113)
2014-04-01 07:00:00.0,2014-04-01 07:30:00.0,"Flag value: 0, percent: 100",,none,Version 1.0,QMQF Plausibility Null Test Value (NEON.DOC.001113),QMQF Summary measurement stream value type (NEON.DOC.001113)
2014-04-01 07:00:00.0,2014-04-01 07:30:00.0,0,,none,Version 1.0,QMQF Final metric (NEON.DOC.001113),QMQF Summary measurement stream value type (NEON.DOC.001113)
2014-04-01 07:00:00.0,2014-04-01 07:30:00.0,"Flag value: 0, percent: 100",,none,Version 1.0,QMQF Plausibility Soft Range Test Value (NEON.DOC.001113 revB),QMQF Summary measurement stream value type (NEON.DOC.001113)
2014-04-01 07:00:00.0,2014-04-01 07:30:00.0,"Flag value: 0, percent: 100",,none,Version 1.0,QM Temperature Heater State Flag Value (NEON.DOC.000646),QMQF Summary measurement stream value type (NEON.DOC.001113)
2014-04-01 07:00:00.0,2014-04-01 07:30:00.0,"Flag value: 0, percent: 100",,none,Version 1.0,QMQF Beta Value (NEON.DOC.001113),QMQF Summary measurement stream value type (NEON.DOC.001113)
2014-04-01 07:00:00.0,2014-04-01 07:30:00.0,"Flag value: 0, percent: 100",,none,Version 1.0,QMQF Plausibility Step Test Value (NEON.DOC.001113),QMQF Summary measurement stream value type (NEON.DOC.001113)
2014-04-01 07:00:00.0,2014-04-01 07:30:00.0,"Flag value: 0, percent: 100",,none,Version 1.0,QMQF Plausibility Gap Test Value (NEON.DOC.001113),QMQF Summary measurement stream value type (NEON.DOC.001113)
2014-04-01 07:00:00.0,2014-04-01 07:30:00.0,"Flag value: 0, percent: 100",,none,Version 1.0,QMQF Plausibility Range Test Value (NEON.DOC.001113),QMQF Summary measurement stream value type (NEON.DOC.001113)
2014-04-01 07:30:00.0,2014-04-01 08:00:00.0,"Flag value: 0, percent: 100",,none,Version 1.0,QMQF Plausibility Gap Test Value (NEON.DOC.001113),QMQF Summary measurement stream value type (NEON.DOC.001113)
2014-04-01 07:30:00.0,2014-04-01 08:00:00.0,"Flag value: 0, percent: 100",,none,Version 1.0,QMQF Plausibility Soft Range Test Value (NEON.DOC.001113 revB),QMQF Summary measurement stream value type (NEON.DOC.001113)
2014-04-01 07:30:00.0,2014-04-01 08:00:00.0,"Flag value: 0, percent: 100",,none,Version 1.0,QMQF Alpha Value (NEON.DOC.001113),QMQF Summary measurement stream value type (NEON.DOC.001113)
2014-04-01 07:30:00.0,2014-04-01 08:00:00.0,"Flag value: 0, percent: 100",,none,Version 1.0,QM Temperature Heater State Flag Value (NEON.DOC.000646),QMQF Summary measurement stream value type (NEON.DOC.001113)
2014-04-01 07:30:00.0,2014-04-01 08:00:00.0,"Flag value: 0, percent: 100",,none,Version 1.0,QMQF Despiking Spurious Value (NEON.DOC.001113),QMQF Summary measurement stream value type (NEON.DOC.001113)
2014-04-01 07:30:00.0,2014-04-01 08:00:00.0,"Flag value: 0, percent: 100",,none,Version 1.0,QMQF Plausibility Null Test Value (NEON.DOC.001113),QMQF Summary measurement stream value type (NEON.DOC.001113)
2014-04-01 07:30:00.0,2014-04-01 08:00:00.0,0,,none,Version 1.0,QMQF Final metric (NEON.DOC.001113),QMQF Summary measurement stream value type (NEON.DOC.001113)
2014-04-01 07:30:00.0,2014-04-01 08:00:00.0,"Flag value: 0, percent: 100",,none,Version 1.0,QMQF Beta Value (NEON.DOC.001113),QMQF Summary measurement stream value type (NEON.DOC.001113)
2014-04-01 07:30:00.0,2014-04-01 08:00:00.0,"Flag value: 0, percent: 100",,none,Version 1.0,QMQF Plausibility Step Test Value (NEON.DOC.001113),QMQF Summary measurement stream value type (NEON.DOC.001113)
2014-04-01 07:30:00.0,2014-04-01 08:00:00.0,"Flag value: 0, percent: 100",,none,Version 1.0,QMQF Plausibility Range Test Value (NEON.DOC.001113),QMQF Summary measurement stream value type (NEON.DOC.001113)
2014-04-01 08:00:00.0,2014-04-01 08:30:00.0,"Flag value: 0, percent: 100",,none,Version 1.0,QMQF Beta Value (NEON.DOC.001113),QMQF Summary measurement stream value type (NEON.DOC.001113)
2014-04-01 08:00:00.0,2014-04-01 08:30:00.0,"Flag value: 0, percent: 100",,none,Version 1.0,QMQF Plausibility Null Test Value (NEON.DOC.001113),QMQF Summary measurement stream value type (NEON.DOC.001113)
2014-04-01 08:00:00.0,2014-04-01 08:30:00.0,"Flag value: 0, percent: 100",,none,Version 1.0,QMQF Plausibility Gap Test Value (NEON.DOC.001113),QMQF Summary measurement stream value type (NEON.DOC.001113)
2014-04-01 08:00:00.0,2014-04-01 08:30:00.0,"Flag value: 0, percent: 100",,none,Version 1.0,QMQF Despiking Spurious Value (NEON.DOC.001113),QMQF Summary measurement stream value type (NEON.DOC.001113)
2014-04-01 08:00:00.0,2014-04-01 08:30:00.0,"Flag value: 0, percent: 100",,none,Version 1.0,QMQF Plausibility Range Test Value (NEON.DOC.001113),QMQF Summary measurement stream value type (NEON.DOC.001113)
2014-04-01 08:00:00.0,2014-04-01 08:30:00.0,0,,none,Version 1.0,QMQF Final metric (NEON.DOC.001113),QMQF Summary measurement stream value type (NEON.DOC.001113)
2014-04-01 08:00:00.0,2014-04-01 08:30:00.0,"Flag value: 0, percent: 100",,none,Version 1.0,QMQF Plausibility Step Test Value (NEON.DOC.001113),QMQF Summary measurement stream value type (NEON.DOC.001113)
2014-04-01 08:00:00.0,2014-04-01 08:30:00.0,"Flag value: 0, percent: 100",,none,Version 1.0,QM Temperature Heater State Flag Value (NEON.DOC.000646),QMQF Summary measurement stream value type (NEON.DOC.001113)
2014-04-01 08:00:00.0,2014-04-01 08:30:00.0,"Flag value: 0, percent: 100",,none,Version 1.0,QMQF Alpha Value (NEON.DOC.001113),QMQF Summary measurement stream value type (NEON.DOC.001113)
2014-04-01 08:00:00.0,2014-04-01 08:30:00.0,"Flag value: 0, percent: 100",,none,Version 1.0,QMQF Plausibility Soft Range Test Value (NEON.DOC.001113 revB),QMQF Summary measurement stream value type (NEON.DOC.001113)
2014-04-01 08:30:00.0,2014-04-01 09:00:00.0,"Flag value: 0, percent: 100",,none,Version 1.0,QMQF Plausibility Gap Test Value (NEON.DOC.001113),QMQF Summary measurement stream value type (NEON.DOC.001113)
2014-04-01 08:30:00.0,2014-04-01 09:00:00.0,"Flag value: 0, percent: 100",,none,Version 1.0,QMQF Plausibility Null Test Value (NEON.DOC.001113),QMQF Summary measurement stream value type (NEON.DOC.001113)
2014-04-01 08:30:00.0,2014-04-01 09:00:00.0,"Flag value: 0, percent: 100",,none,Version 1.0,QMQF Plausibility Step Test Value (NEON.DOC.001113),QMQF Summary measurement stream value type (NEON.DOC.001113)
2014-04-01 08:30:00.0,2014-04-01 09:00:00.0,"Flag value: 0, percent: 100",,none,Version 1.0,QMQF Despiking Spurious Value (NEON.DOC.001113),QMQF Summary measurement stream value type (NEON.DOC.001113)
2014-04-01 08:30:00.0,2014-04-01 09:00:00.0,"Flag value: 0, percent: 100",,none,Version 1.0,QM Temperature Heater State Flag Value (NEON.DOC.000646),QMQF Summary measurement stream value type (NEON.DOC.001113)
2014-04-01 08:30:00.0,2014-04-01 09:00:00.0,"Flag value: 0, percent: 100",,none,Version 1.0,QMQF Plausibility Range Test Value (NEON.DOC.001113),QMQF Summary measurement stream value type (NEON.DOC.001113)
2014-04-01 08:30:00.0,2014-04-01 09:00:00.0,"Flag value: 0, percent: 100",,none,Version 1.0,QMQF Alpha Value (NEON.DOC.001113),QMQF Summary measurement stream value type (NEON.DOC.001113)
2014-04-01 08:30:00.0,2014-04-01 09:00:00.0,0,,none,Version 1.0,QMQF Final metric (NEON.DOC.001113),QMQF Summary measurement stream value type (NEON.DOC.001113)
2014-04-01 08:30:00.0,2014-04-01 09:00:00.0,"Flag value: 0, percent: 100",,none,Version 1.0,QMQF Beta Value (NEON.DOC.001113),QMQF Summary measurement stream value type (NEON.DOC.001113)
2014-04-01 08:30:00.0,2014-04-01 09:00:00.0,"Flag value: 0, percent: 100",,none,Version 1.0,QMQF Plausibility Soft Range Test Value (NEON.DOC.001113 revB),QMQF Summary measurement stream value type (NEON.DOC.001113)
2014-04-01 09:00:00.0,2014-04-01 09:30:00.0,"Flag value: 0, percent: 100",,none,Version 1.0,QMQF Despiking Spurious Value (NEON.DOC.001113),QMQF Summary measurement stream value type (NEON.DOC.001113)
2014-04-01 09:00:00.0,2014-04-01 09:30:00.0,"Flag value: 0, percent: 100",,none,Version 1.0,QMQF Beta Value (NEON.DOC.001113),QMQF Summary measurement stream value type (NEON.DOC.001113)
2014-04-01 09:00:00.0,2014-04-01 09:30:00.0,"Flag value: 0, percent: 100",,none,Version 1.0,QMQF Plausibility Step Test Value (NEON.DOC.001113),QMQF Summary measurement stream value type (NEON.DOC.001113)
2014-04-01 09:00:00.0,2014-04-01 09:30:00.0,0,,none,Version 1.0,QMQF Final metric (NEON.DOC.001113),QMQF Summary measurement stream value type (NEON.DOC.001113)
2014-04-01 09:00:00.0,2014-04-01 09:30:00.0,"Flag value: 0, percent: 100",,none,Version 1.0,QMQF Plausibility Soft Range Test Value (NEON.DOC.001113 revB),QMQF Summary measurement stream value type (NEON.DOC.001113)
2014-04-01 09:00:00.0,2014-04-01 09:30:00.0,"Flag value: 0, percent: 100",,none,Version 1.0,QM Temperature Heater State Flag Value (NEON.DOC.000646),QMQF Summary measurement stream value type (NEON.DOC.001113)
2014-04-01 09:00:00.0,2014-04-01 09:30:00.0,"Flag value: 0, percent: 100",,none,Version 1.0,QMQF Plausibility Range Test Value (NEON.DOC.001113),QMQF Summary measurement stream value type (NEON.DOC.001113)
2014-04-01 09:00:00.0,2014-04-01 09:30:00.0,"Flag value: 0, percent: 100",,none,Version 1.0,QMQF Plausibility Gap Test Value (NEON.DOC.001113),QMQF Summary measurement stream value type (NEON.DOC.001113)
2014-04-01 09:00:00.0,2014-04-01 09:30:00.0,"Flag value: 0, percent: 100",,none,Version 1.0,QMQF Alpha Value (NEON.DOC.001113),QMQF Summary measurement stream value type (NEON.DOC.001113)
2014-04-01 09:00:00.0,2014-04-01 09:30:00.0,"Flag value: 0, percent: 100",,none,Version 1.0,QMQF Plausibility Null Test Value (NEON.DOC.001113),QMQF Summary measurement stream value type (NEON.DOC.001113)
2014-04-01 09:30:00.0,2014-04-01 10:00:00.0,"Flag value: 0, percent: 100",,none,Version 1.0,QMQF Plausibility Gap Test Value (NEON.DOC.001113),QMQF Summary measurement stream value type (NEON.DOC.001113)
2014-04-01 09:30:00.0,2014-04-01 10:00:00.0,"Flag value: 0, percent: 100",,none,Version 1.0,QMQF Beta Value (NEON.DOC.001113),QMQF Summary measurement stream value type (NEON.DOC.001113)
2014-04-01 09:30:00.0,2014-04-01 10:00:00.0,"Flag value: 0, percent: 100",,none,Version 1.0,QM Temperature Heater State Flag Value (NEON.DOC.000646),QMQF Summary measurement stream value type (NEON.DOC.001113)
2014-04-01 09:30:00.0,2014-04-01 10:00:00.0,0,,none,Version 1.0,QMQF Final metric (NEON.DOC.001113),QMQF Summary measurement stream value type (NEON.DOC.001113)
2014-04-01 09:30:00.0,2014-04-01 10:00:00.0,"Flag value: 0, percent: 100",,none,Version 1.0,QMQF Plausibility Soft Range Test Value (NEON.DOC.001113 revB),QMQF Summary measurement stream value type (NEON.DOC.001113)
2014-04-01 09:30:00.0,2014-04-01 10:00:00.0,"Flag value: 0, percent: 100",,none,Version 1.0,QMQF Plausibility Null Test Value (NEON.DOC.001113),QMQF Summary measurement stream value type (NEON.DOC.001113)
2014-04-01 09:30:00.0,2014-04-01 10:00:00.0,"Flag value: 0, percent: 100",,none,Version 1.0,QMQF Plausibility Step Test Value (NEON.DOC.001113),QMQF Summary measurement stream value type (NEON.DOC.001113)
2014-04-01 09:30:00.0,2014-04-01 10:00:00.0,"Flag value: 0, percent: 100",,none,Version 1.0,QMQF Alpha Value (NEON.DOC.001113),QMQF Summary measurement stream value type (NEON.DOC.001113)
2014-04-01 09:30:00.0,2014-04-01 10:00:00.0,"Flag value: 0, percent: 100",,none,Version 1.0,QMQF Despiking Spurious Value (NEON.DOC.001113),QMQF Summary measurement stream value type (NEON.DOC.001113)
2014-04-01 09:30:00.0,2014-04-01 10:00:00.0,"Flag value: 0, percent: 100",,none,Version 1.0,QMQF Plausibility Range Test Value (NEON.DOC.001113),QMQF Summary measurement stream value type (NEON.DOC.001113)
2014-04-01 10:00:00.0,2014-04-01 10:30:00.0,"Flag value: 0, percent: 100",,none,Version 1.0,QMQF Plausibility Gap Test Value (NEON.DOC.001113),QMQF Summary measurement stream value type (NEON.DOC.001113)
2014-04-01 10:00:00.0,2014-04-01 10:30:00.0,"Flag value: 0, percent: 100",,none,Version 1.0,QMQF Despiking Spurious Value (NEON.DOC.001113),QMQF Summary measurement stream value type (NEON.DOC.001113)
2014-04-01 10:00:00.0,2014-04-01 10:30:00.0,"Flag value: 0, percent: 100",,none,Version 1.0,QMQF Plausibility Null Test Value (NEON.DOC.001113),QMQF Summary measurement stream value type (NEON.DOC.001113)
2014-04-01 10:00:00.0,2014-04-01 10:30:00.0,"Flag value: 0, percent: 100",,none,Version 1.0,QMQF Beta Value (NEON.DOC.001113),QMQF Summary measurement stream value type (NEON.DOC.001113)
2014-04-01 10:00:00.0,2014-04-01 10:30:00.0,"Flag value: 0, percent: 100",,none,Version 1.0,QMQF Alpha Value (NEON.DOC.001113),QMQF Summary measurement stream value type (NEON.DOC.001113)
2014-04-01 10:00:00.0,2014-04-01 10:30:00.0,"Flag value: 0, percent: 100",,none,Version 1.0,QMQF Plausibility Soft Range Test Value (NEON.DOC.001113 revB),QMQF Summary measurement stream value type (NEON.DOC.001113)
2014-04-01 10:00:00.0,2014-04-01 10:30:00.0,"Flag value: 0, percent: 100",,none,Version 1.0,QM Temperature Heater State Flag Value (NEON.DOC.000646),QMQF Summary measurement stream value type (NEON.DOC.001113)
2014-04-01 10:00:00.0,2014-04-01 10:30:00.0,0,,none,Version 1.0,QMQF Final metric (NEON.DOC.001113),QMQF Summary measurement stream value type (NEON.DOC.001113)
2014-04-01 10:00:00.0,2014-04-01 10:30:00.0,"Flag value: 0, percent: 100",,none,Version 1.0,QMQF Plausibility Step Test Value (NEON.DOC.001113),QMQF Summary measurement stream value type (NEON.DOC.001113)
2014-04-01 10:00:00.0,2014-04-01 10:30:00.0,"Flag value: 0, percent: 100",,none,Version 1.0,QMQF Plausibility Range Test Value (NEON.DOC.001113),QMQF Summary measurement stream value type (NEON.DOC.001113)
2014-04-01 10:30:00.0,2014-04-01 11:00:00.0,"Flag value: 0, percent: 100",,none,Version 1.0,QMQF Plausibility Gap Test Value (NEON.DOC.001113),QMQF Summary measurement stream value type (NEON.DOC.001113)
2014-04-01 10:30:00.0,2014-04-01 11:00:00.0,"Flag value: 0, percent: 100",,none,Version 1.0,QM Temperature Heater State Flag Value (NEON.DOC.000646),QMQF Summary measurement stream value type (NEON.DOC.001113)
2014-04-01 10:30:00.0,2014-04-01 11:00:00.0,"Flag value: 0, percent: 100",,none,Version 1.0,QMQF Plausibility Soft Range Test Value (NEON.DOC.001113 revB),QMQF Summary measurement stream value type (NEON.DOC.001113)
2014-04-01 10:30:00.0,2014-04-01 11:00:00.0,"Flag value: 0, percent: 100",,none,Version 1.0,QMQF Plausibility Null Test Value (NEON.DOC.001113),QMQF Summary measurement stream value type (NEON.DOC.001113)
2014-04-01 10:30:00.0,2014-04-01 11:00:00.0,"Flag value: 0, percent: 100",,none,Version 1.0,QMQF Plausibility Step Test Value (NEON.DOC.001113),QMQF Summary measurement stream value type (NEON.DOC.001113)
2014-04-01 10:30:00.0,2014-04-01 11:00:00.0,"Flag value: 0, percent: 100",,none,Version 1.0,QMQF Alpha Value (NEON.DOC.001113),QMQF Summary measurement stream value type (NEON.DOC.001113)
2014-04-01 10:30:00.0,2014-04-01 11:00:00.0,"Flag value: 0, percent: 100",,none,Version 1.0,QMQF Plausibility Range Test Value (NEON.DOC.001113),QMQF Summary measurement stream value type (NEON.DOC.001113)
2014-04-01 10:30:00.0,2014-04-01 11:00:00.0,0,,none,Version 1.0,QMQF Final metric (NEON.DOC.001113),QMQF Summary measurement stream value type (NEON.DOC.001113)
2014-04-01 10:30:00.0,2014-04-01 11:00:00.0,"Flag value: 0, percent: 100",,none,Version 1.0,QMQF Beta Value (NEON.DOC.001113),QMQF Summary measurement stream value type (NEON.DOC.001113)
2014-04-01 10:30:00.0,2014-04-01 11:00:00.0,"Flag value: 0, percent: 100",,none,Version 1.0,QMQF Despiking Spurious Value (NEON.DOC.001113),QMQF Summary measurement stream value type (NEON.DOC.001113)
2014-04-01 11:00:00.0,2014-04-01 11:30:00.0,"Flag value: 0, percent: 100",,none,Version 1.0,QM Temperature Heater State Flag Value (NEON.DOC.000646),QMQF Summary measurement stream value type (NEON.DOC.001113)
2014-04-01 11:00:00.0,2014-04-01 11:30:00.0,"Flag value: 0, percent: 100",,none,Version 1.0,QMQF Plausibility Gap Test Value (NEON.DOC.001113),QMQF Summary measurement stream value type (NEON.DOC.001113)
2014-04-01 11:00:00.0,2014-04-01 11:30:00.0,"Flag value: 0, percent: 100",,none,Version 1.0,QMQF Alpha Value (NEON.DOC.001113),QMQF Summary measurement stream value type (NEON.DOC.001113)
2014-04-01 11:00:00.0,2014-04-01 11:30:00.0,"Flag value: 0, percent: 100",,none,Version 1.0,QMQF Plausibility Null Test Value (NEON.DOC.001113),QMQF Summary measurement stream value type (NEON.DOC.001113)
2014-04-01 11:00:00.0,2014-04-01 11:30:00.0,0,,none,Version 1.0,QMQF Final metric (NEON.DOC.001113),QMQF Summary measurement stream value type (NEON.DOC.001113)
2014-04-01 11:00:00.0,2014-04-01 11:30:00.0,"Flag value: 0, percent: 100",,none,Version 1.0,QMQF Despiking Spurious Value (NEON.DOC.001113),QMQF Summary measurement stream value type (NEON.DOC.001113)
2014-04-01 11:00:00.0,2014-04-01 11:30:00.0,"Flag value: 0, percent: 100",,none,Version 1.0,QMQF Plausibility Step Test Value (NEON.DOC.001113),QMQF Summary measurement stream value type (NEON.DOC.001113)
2014-04-01 11:00:00.0,2014-04-01 11:30:00.0,"Flag value: 0, percent: 100",,none,Version 1.0,QMQF Beta Value (NEON.DOC.001113),QMQF Summary measurement stream value type (NEON.DOC.001113)
2014-04-01 11:00:00.0,2014-04-01 11:30:00.0,"Flag value: 0, percent: 100",,none,Version 1.0,QMQF Plausibility Soft Range Test Value (NEON.DOC.001113 revB),QMQF Summary measurement stream value type (NEON.DOC.001113)
2014-04-01 11:00:00.0,2014-04-01 11:30:00.0,"Flag value: 0, percent: 100",,none,Version 1.0,QMQF Plausibility Range Test Value (NEON.DOC.001113),QMQF Summary measurement stream value type (NEON.DOC.001113)
2014-04-01 11:30:00.0,2014-04-01 12:00:00.0,"Flag value: 0, percent: 100",,none,Version 1.0,QMQF Plausibility Null Test Value (NEON.DOC.001113),QMQF Summary measurement stream value type (NEON.DOC.001113)
2014-04-01 11:30:00.0,2014-04-01 12:00:00.0,"Flag value: 0, percent: 100",,none,Version 1.0,QMQF Plausibility Soft Range Test Value (NEON.DOC.001113 revB),QMQF Summary measurement stream value type (NEON.DOC.001113)
2014-04-01 11:30:00.0,2014-04-01 12:00:00.0,"Flag value: 0, percent: 100",,none,Version 1.0,QMQF Plausibility Range Test Value (NEON.DOC.001113),QMQF Summary measurement stream value type (NEON.DOC.001113)
2014-04-01 11:30:00.0,2014-04-01 12:00:00.0,"Flag value: 0, percent: 100",,none,Version 1.0,QMQF Beta Value (NEON.DOC.001113),QMQF Summary measurement stream value type (NEON.DOC.001113)
2014-04-01 11:30:00.0,2014-04-01 12:00:00.0,"Flag value: 0, percent: 100",,none,Version 1.0,QMQF Plausibility Step Test Value (NEON.DOC.001113),QMQF Summary measurement stream value type (NEON.DOC.001113)
2014-04-01 11:30:00.0,2014-04-01 12:00:00.0,"Flag value: 0, percent: 100",,none,Version 1.0,QM Temperature Heater State Flag Value (NEON.DOC.000646),QMQF Summary measurement stream value type (NEON.DOC.001113)
2014-04-01 11:30:00.0,2014-04-01 12:00:00.0,"Flag value: 0, percent: 100",,none,Version 1.0,QMQF Alpha Value (NEON.DOC.001113),QMQF Summary measurement stream value type (NEON.DOC.001113)
2014-04-01 11:30:00.0,2014-04-01 12:00:00.0,"Flag value: 0, percent: 100",,none,Version 1.0,QMQF Plausibility Gap Test Value (NEON.DOC.001113),QMQF Summary measurement stream value type (NEON.DOC.001113)
2014-04-01 11:30:00.0,2014-04-01 12:00:00.0,0,,none,Version 1.0,QMQF Final metric (NEON.DOC.001113),QMQF Summary measurement stream value type (NEON.DOC.001113)
2014-04-01 11:30:00.0,2014-04-01 12:00:00.0,"Flag value: 0, percent: 100",,none,Version 1.0,QMQF Despiking Spurious Value (NEON.DOC.001113),QMQF Summary measurement stream value type (NEON.DOC.001113)
2014-04-01 12:00:00.0,2014-04-01 12:30:00.0,"Flag value: 0, percent: 100",,none,Version 1.0,QM Temperature Heater State Flag Value (NEON.DOC.000646),QMQF Summary measurement stream value type (NEON.DOC.001113)
2014-04-01 12:00:00.0,2014-04-01 12:30:00.0,"Flag value: 0, percent: 100",,none,Version 1.0,QMQF Plausibility Step Test Value (NEON.DOC.001113),QMQF Summary measurement stream value type (NEON.DOC.001113)
2014-04-01 12:00:00.0,2014-04-01 12:30:00.0,"Flag value: 0, percent: 100",,none,Version 1.0,QMQF Plausibility Null Test Value (NEON.DOC.001113),QMQF Summary measurement stream value type (NEON.DOC.001113)
2014-04-01 12:00:00.0,2014-04-01 12:30:00.0,"Flag value: 0, percent: 100",,none,Version 1.0,QMQF Plausibility Gap Test Value (NEON.DOC.001113),QMQF Summary measurement stream value type (NEON.DOC.001113)
2014-04-01 12:00:00.0,2014-04-01 12:30:00.0,0,,none,Version 1.0,QMQF Final metric (NEON.DOC.001113),QMQF Summary measurement stream value type (NEON.DOC.001113)
2014-04-01 12:00:00.0,2014-04-01 12:30:00.0,"Flag value: 0, percent: 100",,none,Version 1.0,QMQF Alpha Value (NEON.DOC.001113),QMQF Summary measurement stream value type (NEON.DOC.001113)
2014-04-01 12:00:00.0,2014-04-01 12:30:00.0,"Flag value: 0, percent: 100",,none,Version 1.0,QMQF Plausibility Soft Range Test Value (NEON.DOC.001113 revB),QMQF Summary measurement stream value type (NEON.DOC.001113)
2014-04-01 12:00:00.0,2014-04-01 12:30:00.0,"Flag value: 0, percent: 100",,none,Version 1.0,QMQF Plausibility Range Test Value (NEON.DOC.001113),QMQF Summary measurement stream value type (NEON.DOC.001113)
2014-04-01 12:00:00.0,2014-04-01 12:30:00.0,"Flag value: 0, percent: 100",,none,Version 1.0,QMQF Beta Value (NEON.DOC.001113),QMQF Summary measurement stream value type (NEON.DOC.001113)
2014-04-01 12:00:00.0,2014-04-01 12:30:00.0,"Flag value: 0, percent: 100",,none,Version 1.0,QMQF Despiking Spurious Value (NEON.DOC.001113),QMQF Summary measurement stream value type (NEON.DOC.001113)
2014-04-01 12:30:00.0,2014-04-01 13:00:00.0,"Flag value: 0, percent: 100",,none,Version 1.0,QMQF Alpha Value (NEON.DOC.001113),QMQF Summary measurement stream value type (NEON.DOC.001113)
2014-04-01 12:30:00.0,2014-04-01 13:00:00.0,"Flag value: 0, percent: 100",,none,Version 1.0,QMQF Plausibility Range Test Value (NEON.DOC.001113),QMQF Summary measurement stream value type (NEON.DOC.001113)
2014-04-01 12:30:00.0,2014-04-01 13:00:00.0,0,,none,Version 1.0,QMQF Final metric (NEON.DOC.001113),QMQF Summary measurement stream value type (NEON.DOC.001113)
2014-04-01 12:30:00.0,2014-04-01 13:00:00.0,"Flag value: 0, percent: 100",,none,Version 1.0,QMQF Plausibility Gap Test Value (NEON.DOC.001113),QMQF Summary measurement stream value type (NEON.DOC.001113)
2014-04-01 12:30:00.0,2014-04-01 13:00:00.0,"Flag value: 0, percent: 100",,none,Version 1.0,QMQF Beta Value (NEON.DOC.001113),QMQF Summary measurement stream value type (NEON.DOC.001113)
2014-04-01 12:30:00.0,2014-04-01 13:00:00.0,"Flag value: 0, percent: 100",,none,Version 1.0,QMQF Despiking Spurious Value (NEON.DOC.001113),QMQF Summary measurement stream value type (NEON.DOC.001113)
2014-04-01 12:30:00.0,2014-04-01 13:00:00.0,"Flag value: 0, percent: 100",,none,Version 1.0,QMQF Plausibility Null Test Value (NEON.DOC.001113),QMQF Summary measurement stream value type (NEON.DOC.001113)
2014-04-01 12:30:00.0,2014-04-01 13:00:00.0,"Flag value: 0, percent: 100",,none,Version 1.0,QM Temperature Heater State Flag Value (NEON.DOC.000646),QMQF Summary measurement stream value type (NEON.DOC.001113)
2014-04-01 12:30:00.0,2014-04-01 13:00:00.0,"Flag value: 0, percent: 100",,none,Version 1.0,QMQF Plausibility Step Test Value (NEON.DOC.001113),QMQF Summary measurement stream value type (NEON.DOC.001113)
2014-04-01 12:30:00.0,2014-04-01 13:00:00.0,"Flag value: 0, percent: 100",,none,Version 1.0,QMQF Plausibility Soft Range Test Value (NEON.DOC.001113 revB),QMQF Summary measurement stream value type (NEON.DOC.001113)
2014-04-01 13:00:00.0,2014-04-01 13:30:00.0,"Flag value: 0, percent: 100",,none,Version 1.0,QMQF Despiking Spurious Value (NEON.DOC.001113),QMQF Summary measurement stream value type (NEON.DOC.001113)
2014-04-01 13:00:00.0,2014-04-01 13:30:00.0,"Flag value: 0, percent: 100",,none,Version 1.0,QMQF Plausibility Gap Test Value (NEON.DOC.001113),QMQF Summary measurement stream value type (NEON.DOC.001113)
2014-04-01 13:00:00.0,2014-04-01 13:30:00.0,"Flag value: 0, percent: 100",,none,Version 1.0,QMQF Plausibility Soft Range Test Value (NEON.DOC.001113 revB),QMQF Summary measurement stream value type (NEON.DOC.001113)
2014-04-01 13:00:00.0,2014-04-01 13:30:00.0,"Flag value: 0, percent: 100",,none,Version 1.0,QMQF Plausibility Range Test Value (NEON.DOC.001113),QMQF Summary measurement stream value type (NEON.DOC.001113)
2014-04-01 13:00:00.0,2014-04-01 13:30:00.0,0,,none,Version 1.0,QMQF Final metric (NEON.DOC.001113),QMQF Summary measurement stream value type (NEON.DOC.001113)
2014-04-01 13:00:00.0,2014-04-01 13:30:00.0,"Flag value: 0, percent: 100",,none,Version 1.0,QM Temperature Heater State Flag Value (NEON.DOC.000646),QMQF Summary measurement stream value type (NEON.DOC.001113)
2014-04-01 13:00:00.0,2014-04-01 13:30:00.0,"Flag value: 0, percent: 100",,none,Version 1.0,QMQF Plausibility Step Test Value (NEON.DOC.001113),QMQF Summary measurement stream value type (NEON.DOC.001113)
2014-04-01 13:00:00.0,2014-04-01 13:30:00.0,"Flag value: 0, percent: 100",,none,Version 1.0,QMQF Plausibility Null Test Value (NEON.DOC.001113),QMQF Summary measurement stream value type (NEON.DOC.001113)
2014-04-01 13:00:00.0,2014-04-01 13:30:00.0,"Flag value: 0, percent: 100",,none,Version 1.0,QMQF Alpha Value (NEON.DOC.001113),QMQF Summary measurement stream value type (NEON.DOC.001113)
2014-04-01 13:00:00.0,2014-04-01 13:30:00.0,"Flag value: 0, percent: 100",,none,Version 1.0,QMQF Beta Value (NEON.DOC.001113),QMQF Summary measurement stream value type (NEON.DOC.001113)
2014-04-01 13:30:00.0,2014-04-01 14:00:00.0,0,,none,Version 1.0,QMQF Final metric (NEON.DOC.001113),QMQF Summary measurement stream value type (NEON.DOC.001113)
2014-04-01 13:30:00.0,2014-04-01 14:00:00.0,"Flag value: 0, percent: 100",,none,Version 1.0,QMQF Plausibility Soft Range Test Value (NEON.DOC.001113 revB),QMQF Summary measurement stream value type (NEON.DOC.001113)
2014-04-01 13:30:00.0,2014-04-01 14:00:00.0,"Flag value: 0, percent: 100",,none,Version 1.0,QMQF Beta Value (NEON.DOC.001113),QMQF Summary measurement stream value type (NEON.DOC.001113)
2014-04-01 13:30:00.0,2014-04-01 14:00:00.0,"Flag value: 0, percent: 100",,none,Version 1.0,QM Temperature Heater State Flag Value (NEON.DOC.000646),QMQF Summary measurement stream value type (NEON.DOC.001113)
2014-04-01 13:30:00.0,2014-04-01 14:00:00.0,"Flag value: 0, percent: 100",,none,Version 1.0,QMQF Plausibility Null Test Value (NEON.DOC.001113),QMQF Summary measurement stream value type (NEON.DOC.001113)
2014-04-01 13:30:00.0,2014-04-01 14:00:00.0,"Flag value: 0, percent: 100",,none,Version 1.0,QMQF Plausibility Range Test Value (NEON.DOC.001113),QMQF Summary measurement stream value type (NEON.DOC.001113)
2014-04-01 13:30:00.0,2014-04-01 14:00:00.0,"Flag value: 0, percent: 100",,none,Version 1.0,QMQF Despiking Spurious Value (NEON.DOC.001113),QMQF Summary measurement stream value type (NEON.DOC.001113)
2014-04-01 13:30:00.0,2014-04-01 14:00:00.0,"Flag value: 0, percent: 100",,none,Version 1.0,QMQF Plausibility Step Test Value (NEON.DOC.001113),QMQF Summary measurement stream value type (NEON.DOC.001113)
2014-04-01 13:30:00.0,2014-04-01 14:00:00.0,"Flag value: 0, percent: 100",,none,Version 1.0,QMQF Alpha Value (NEON.DOC.001113),QMQF Summary measurement stream value type (NEON.DOC.001113)
2014-04-01 13:30:00.0,2014-04-01 14:00:00.0,"Flag value: 0, percent: 100",,none,Version 1.0,QMQF Plausibility Gap Test Value (NEON.DOC.001113),QMQF Summary measurement stream value type (NEON.DOC.001113)
2014-04-01 14:00:00.0,2014-04-01 14:30:00.0,"Flag value: 0, percent: 100",,none,Version 1.0,QMQF Plausibility Range Test Value (NEON.DOC.001113),QMQF Summary measurement stream value type (NEON.DOC.001113)
2014-04-01 14:00:00.0,2014-04-01 14:30:00.0,"Flag value: 0, percent: 100",,none,Version 1.0,QM Temperature Heater State Flag Value (NEON.DOC.000646),QMQF Summary measurement stream value type (NEON.DOC.001113)
2014-04-01 14:00:00.0,2014-04-01 14:30:00.0,"Flag value: 0, percent: 100",,none,Version 1.0,QMQF Plausibility Gap Test Value (NEON.DOC.001113),QMQF Summary measurement stream value type (NEON.DOC.001113)
2014-04-01 14:00:00.0,2014-04-01 14:30:00.0,"Flag value: 0, percent: 100",,none,Version 1.0,QMQF Plausibility Null Test Value (NEON.DOC.001113),QMQF Summary measurement stream value type (NEON.DOC.001113)
2014-04-01 14:00:00.0,2014-04-01 14:30:00.0,"Flag value: 0, percent: 100",,none,Version 1.0,QMQF Alpha Value (NEON.DOC.001113),QMQF Summary measurement stream value type (NEON.DOC.001113)
2014-04-01 14:00:00.0,2014-04-01 14:30:00.0,0,,none,Version 1.0,QMQF Final metric (NEON.DOC.001113),QMQF Summary measurement stream value type (NEON.DOC.001113)
2014-04-01 14:00:00.0,2014-04-01 14:30:00.0,"Flag value: 0, percent: 100",,none,Version 1.0,QMQF Despiking Spurious Value (NEON.DOC.001113),QMQF Summary measurement stream value type (NEON.DOC.001113)
2014-04-01 14:00:00.0,2014-04-01 14:30:00.0,"Flag value: 0, percent: 100",,none,Version 1.0,QMQF Plausibility Soft Range Test Value (NEON.DOC.001113 revB),QMQF Summary measurement stream value type (NEON.DOC.001113)
2014-04-01 14:00:00.0,2014-04-01 14:30:00.0,"Flag value: 0, percent: 100",,none,Version 1.0,QMQF Beta Value (NEON.DOC.001113),QMQF Summary measurement stream value type (NEON.DOC.001113)
2014-04-01 14:00:00.0,2014-04-01 14:30:00.0,"Flag value: 0, percent: 100",,none,Version 1.0,QMQF Plausibility Step Test Value (NEON.DOC.001113),QMQF Summary measurement stream value type (NEON.DOC.001113)
2014-04-01 14:30:00.0,2014-04-01 15:00:00.0,0,,none,Version 1.0,QMQF Final metric (NEON.DOC.001113),QMQF Summary measurement stream value type (NEON.DOC.001113)
2014-04-01 14:30:00.0,2014-04-01 15:00:00.0,"Flag value: 0, percent: 100",,none,Version 1.0,QM Temperature Heater State Flag Value (NEON.DOC.000646),QMQF Summary measurement stream value type (NEON.DOC.001113)
2014-04-01 14:30:00.0,2014-04-01 15:00:00.0,"Flag value: 0, percent: 100",,none,Version 1.0,QMQF Alpha Value (NEON.DOC.001113),QMQF Summary measurement stream value type (NEON.DOC.001113)
2014-04-01 14:30:00.0,2014-04-01 15:00:00.0,"Flag value: 0, percent: 100",,none,Version 1.0,QMQF Beta Value (NEON.DOC.001113),QMQF Summary measurement stream value type (NEON.DOC.001113)
2014-04-01 14:30:00.0,2014-04-01 15:00:00.0,"Flag value: 0, percent: 100",,none,Version 1.0,QMQF Plausibility Null Test Value (NEON.DOC.001113),QMQF Summary measurement stream value type (NEON.DOC.001113)
2014-04-01 14:30:00.0,2014-04-01 15:00:00.0,"Flag value: 0, percent: 100",,none,Version 1.0,QMQF Plausibility Gap Test Value (NEON.DOC.001113),QMQF Summary measurement stream value type (NEON.DOC.001113)
2014-04-01 14:30:00.0,2014-04-01 15:00:00.0,"Flag value: 0, percent: 100",,none,Version 1.0,QMQF Plausibility Step Test Value (NEON.DOC.001113),QMQF Summary measurement stream value type (NEON.DOC.001113)
2014-04-01 14:30:00.0,2014-04-01 15:00:00.0,"Flag value: 0, percent: 100",,none,Version 1.0,QMQF Plausibility Soft Range Test Value (NEON.DOC.001113 revB),QMQF Summary measurement stream value type (NEON.DOC.001113)
2014-04-01 14:30:00.0,2014-04-01 15:00:00.0,"Flag value: 0, percent: 100",,none,Version 1.0,QMQF Plausibility Range Test Value (NEON.DOC.001113),QMQF Summary measurement stream value type (NEON.DOC.001113)
2014-04-01 14:30:00.0,2014-04-01 15:00:00.0,"Flag value: 0, percent: 100",,none,Version 1.0,QMQF Despiking Spurious Value (NEON.DOC.001113),QMQF Summary measurement stream value type (NEON.DOC.001113)
2014-04-01 15:00:00.0,2014-04-01 15:30:00.0,"Flag value: 0, percent: 100",,none,Version 1.0,QMQF Alpha Value (NEON.DOC.001113),QMQF Summary measurement stream value type (NEON.DOC.001113)
2014-04-01 15:00:00.0,2014-04-01 15:30:00.0,"Flag value: 0, percent: 100",,none,Version 1.0,QMQF Plausibility Soft Range Test Value (NEON.DOC.001113 revB),QMQF Summary measurement stream value type (NEON.DOC.001113)
2014-04-01 15:00:00.0,2014-04-01 15:30:00.0,"Flag value: 0, percent: 100",,none,Version 1.0,QMQF Plausibility Null Test Value (NEON.DOC.001113),QMQF Summary measurement stream value type (NEON.DOC.001113)
2014-04-01 15:00:00.0,2014-04-01 15:30:00.0,"Flag value: 0, percent: 100",,none,Version 1.0,QMQF Plausibility Step Test Value (NEON.DOC.001113),QMQF Summary measurement stream value type (NEON.DOC.001113)
2014-04-01 15:00:00.0,2014-04-01 15:30:00.0,0,,none,Version 1.0,QMQF Final metric (NEON.DOC.001113),QMQF Summary measurement stream value type (NEON.DOC.001113)
2014-04-01 15:00:00.0,2014-04-01 15:30:00.0,"Flag value: 0, percent: 100",,none,Version 1.0,QMQF Plausibility Gap Test Value (NEON.DOC.001113),QMQF Summary measurement stream value type (NEON.DOC.001113)
2014-04-01 15:00:00.0,2014-04-01 15:30:00.0,"Flag value: 0, percent: 100",,none,Version 1.0,QMQF Plausibility Range Test Value (NEON.DOC.001113),QMQF Summary measurement stream value type (NEON.DOC.001113)
2014-04-01 15:00:00.0,2014-04-01 15:30:00.0,"Flag value: 0, percent: 100",,none,Version 1.0,QMQF Beta Value (NEON.DOC.001113),QMQF Summary measurement stream value type (NEON.DOC.001113)
2014-04-01 15:00:00.0,2014-04-01 15:30:00.0,"Flag value: 0, percent: 100",,none,Version 1.0,QMQF Despiking Spurious Value (NEON.DOC.001113),QMQF Summary measurement stream value type (NEON.DOC.001113)
2014-04-01 15:00:00.0,2014-04-01 15:30:00.0,"Flag value: 0, percent: 100",,none,Version 1.0,QM Temperature Heater State Flag Value (NEON.DOC.000646),QMQF Summary measurement stream value type (NEON.DOC.001113)
2014-04-01 15:30:00.0,2014-04-01 16:00:00.0,"Flag value: 0, percent: 100",,none,Version 1.0,QM Temperature Heater State Flag Value (NEON.DOC.000646),QMQF Summary measurement stream value type (NEON.DOC.001113)
2014-04-01 15:30:00.0,2014-04-01 16:00:00.0,"Flag value: 0, percent: 100",,none,Version 1.0,QMQF Plausibility Step Test Value (NEON.DOC.001113),QMQF Summary measurement stream value type (NEON.DOC.001113)
2014-04-01 15:30:00.0,2014-04-01 16:00:00.0,"Flag value: 0, percent: 100",,none,Version 1.0,QMQF Plausibility Soft Range Test Value (NEON.DOC.001113 revB),QMQF Summary measurement stream value type (NEON.DOC.001113)
2014-04-01 15:30:00.0,2014-04-01 16:00:00.0,"Flag value: 0, percent: 100",,none,Version 1.0,QMQF Alpha Value (NEON.DOC.001113),QMQF Summary measurement stream value type (NEON.DOC.001113)
2014-04-01 15:30:00.0,2014-04-01 16:00:00.0,"Flag value: 0, percent: 100",,none,Version 1.0,QMQF Plausibility Range Test Value (NEON.DOC.001113),QMQF Summary measurement stream value type (NEON.DOC.001113)
2014-04-01 15:30:00.0,2014-04-01 16:00:00.0,0,,none,Version 1.0,QMQF Final metric (NEON.DOC.001113),QMQF Summary measurement stream value type (NEON.DOC.001113)
2014-04-01 15:30:00.0,2014-04-01 16:00:00.0,"Flag value: 0, percent: 100",,none,Version 1.0,QMQF Plausibility Gap Test Value (NEON.DOC.001113),QMQF Summary measurement stream value type (NEON.DOC.001113)
2014-04-01 15:30:00.0,2014-04-01 16:00:00.0,"Flag value: 0, percent: 100",,none,Version 1.0,QMQF Despiking Spurious Value (NEON.DOC.001113),QMQF Summary measurement stream value type (NEON.DOC.001113)
2014-04-01 15:30:00.0,2014-04-01 16:00:00.0,"Flag value: 0, percent: 100",,none,Version 1.0,QMQF Beta Value (NEON.DOC.001113),QMQF Summary measurement stream value type (NEON.DOC.001113)
2014-04-01 15:30:00.0,2014-04-01 16:00:00.0,"Flag value: 0, percent: 100",,none,Version 1.0,QMQF Plausibility Null Test Value (NEON.DOC.001113),QMQF Summary measurement stream value type (NEON.DOC.001113)
2014-04-01 16:00:00.0,2014-04-01 16:30:00.0,"Flag value: 0, percent: 100",,none,Version 1.0,QMQF Despiking Spurious Value (NEON.DOC.001113),QMQF Summary measurement stream value type (NEON.DOC.001113)
2014-04-01 16:00:00.0,2014-04-01 16:30:00.0,"Flag value: 0, percent: 100",,none,Version 1.0,QMQF Beta Value (NEON.DOC.001113),QMQF Summary measurement stream value type (NEON.DOC.001113)
2014-04-01 16:00:00.0,2014-04-01 16:30:00.0,"Flag value: 0, percent: 100",,none,Version 1.0,QMQF Plausibility Gap Test Value (NEON.DOC.001113),QMQF Summary measurement stream value type (NEON.DOC.001113)
2014-04-01 16:00:00.0,2014-04-01 16:30:00.0,"Flag value: 0, percent: 100",,none,Version 1.0,QMQF Alpha Value (NEON.DOC.001113),QMQF Summary measurement stream value type (NEON.DOC.001113)
2014-04-01 16:00:00.0,2014-04-01 16:30:00.0,"Flag value: 0, percent: 100",,none,Version 1.0,QMQF Plausibility Step Test Value (NEON.DOC.001113),QMQF Summary measurement stream value type (NEON.DOC.001113)
2014-04-01 16:00:00.0,2014-04-01 16:30:00.0,"Flag value: 0, percent: 100",,none,Version 1.0,QMQF Plausibility Null Test Value (NEON.DOC.001113),QMQF Summary measurement stream value type (NEON.DOC.001113)
2014-04-01 16:00:00.0,2014-04-01 16:30:00.0,0,,none,Version 1.0,QMQF Final metric (NEON.DOC.001113),QMQF Summary measurement stream value type (NEON.DOC.001113)
2014-04-01 16:00:00.0,2014-04-01 16:30:00.0,"Flag value: 0, percent: 100",,none,Version 1.0,QMQF Plausibility Soft Range Test Value (NEON.DOC.001113 revB),QMQF Summary measurement stream value type (NEON.DOC.001113)
2014-04-01 16:00:00.0,2014-04-01 16:30:00.0,"Flag value: 0, percent: 100",,none,Version 1.0,QMQF Plausibility Range Test Value (NEON.DOC.001113),QMQF Summary measurement stream value type (NEON.DOC.001113)
2014-04-01 16:00:00.0,2014-04-01 16:30:00.0,"Flag value: 0, percent: 100",,none,Version 1.0,QM Temperature Heater State Flag Value (NEON.DOC.000646),QMQF Summary measurement stream value type (NEON.DOC.001113)
2014-04-01 16:30:00.0,2014-04-01 17:00:00.0,"Flag value: 0, percent: 100",,none,Version 1.0,QMQF Beta Value (NEON.DOC.001113),QMQF Summary measurement stream value type (NEON.DOC.001113)
2014-04-01 16:30:00.0,2014-04-01 17:00:00.0,"Flag value: 0, percent: 100",,none,Version 1.0,QMQF Alpha Value (NEON.DOC.001113),QMQF Summary measurement stream value type (NEON.DOC.001113)
2014-04-01 16:30:00.0,2014-04-01 17:00:00.0,"Flag value: 0, percent: 100",,none,Version 1.0,QMQF Plausibility Null Test Value (NEON.DOC.001113),QMQF Summary measurement stream value type (NEON.DOC.001113)
2014-04-01 16:30:00.0,2014-04-01 17:00:00.0,"Flag value: 0, percent: 100",,none,Version 1.0,QM Temperature Heater State Flag Value (NEON.DOC.000646),QMQF Summary measurement stream value type (NEON.DOC.001113)
2014-04-01 16:30:00.0,2014-04-01 17:00:00.0,0,,none,Version 1.0,QMQF Final metric (NEON.DOC.001113),QMQF Summary measurement stream value type (NEON.DOC.001113)
2014-04-01 16:30:00.0,2014-04-01 17:00:00.0,"Flag value: 0, percent: 100",,none,Version 1.0,QMQF Plausibility Gap Test Value (NEON.DOC.001113),QMQF Summary measurement stream value type (NEON.DOC.001113)
2014-04-01 16:30:00.0,2014-04-01 17:00:00.0,"Flag value: 0, percent: 100",,none,Version 1.0,QMQF Plausibility Soft Range Test Value (NEON.DOC.001113 revB),QMQF Summary measurement stream value type (NEON.DOC.001113)
2014-04-01 16:30:00.0,2014-04-01 17:00:00.0,"Flag value: 0, percent: 100",,none,Version 1.0,QMQF Plausibility Step Test Value (NEON.DOC.001113),QMQF Summary measurement stream value type (NEON.DOC.001113)
2014-04-01 16:30:00.0,2014-04-01 17:00:00.0,"Flag value: 0, percent: 100",,none,Version 1.0,QMQF Despiking Spurious Value (NEON.DOC.001113),QMQF Summary measurement stream value type (NEON.DOC.001113)
2014-04-01 16:30:00.0,2014-04-01 17:00:00.0,"Flag value: 0, percent: 100",,none,Version 1.0,QMQF Plausibility Range Test Value (NEON.DOC.001113),QMQF Summary measurement stream value type (NEON.DOC.001113)
2014-04-01 17:00:00.0,2014-04-01 17:30:00.0,0,,none,Version 1.0,QMQF Final metric (NEON.DOC.001113),QMQF Summary measurement stream value type (NEON.DOC.001113)
2014-04-01 17:00:00.0,2014-04-01 17:30:00.0,"Flag value: 0, percent: 100",,none,Version 1.0,QMQF Plausibility Null Test Value (NEON.DOC.001113),QMQF Summary measurement stream value type (NEON.DOC.001113)
2014-04-01 17:00:00.0,2014-04-01 17:30:00.0,"Flag value: 0, percent: 100",,none,Version 1.0,QMQF Plausibility Range Test Value (NEON.DOC.001113),QMQF Summary measurement stream value type (NEON.DOC.001113)
2014-04-01 17:00:00.0,2014-04-01 17:30:00.0,"Flag value: 0, percent: 100",,none,Version 1.0,QMQF Despiking Spurious Value (NEON.DOC.001113),QMQF Summary measurement stream value type (NEON.DOC.001113)
2014-04-01 17:00:00.0,2014-04-01 17:30:00.0,"Flag value: 0, percent: 100",,none,Version 1.0,QMQF Beta Value (NEON.DOC.001113),QMQF Summary measurement stream value type (NEON.DOC.001113)
2014-04-01 17:00:00.0,2014-04-01 17:30:00.0,"Flag value: 0, percent: 100",,none,Version 1.0,QMQF Alpha Value (NEON.DOC.001113),QMQF Summary measurement stream value type (NEON.DOC.001113)
2014-04-01 17:00:00.0,2014-04-01 17:30:00.0,"Flag value: 0, percent: 100",,none,Version 1.0,QMQF Plausibility Gap Test Value (NEON.DOC.001113),QMQF Summary measurement stream value type (NEON.DOC.001113)
2014-04-01 17:00:00.0,2014-04-01 17:30:00.0,"Flag value: 0, percent: 100",,none,Version 1.0,QMQF Plausibility Step Test Value (NEON.DOC.001113),QMQF Summary measurement stream value type (NEON.DOC.001113)
2014-04-01 17:00:00.0,2014-04-01 17:30:00.0,"Flag value: 0, percent: 100",,none,Version 1.0,QMQF Plausibility Soft Range Test Value (NEON.DOC.001113 revB),QMQF Summary measurement stream value type (NEON.DOC.001113)
2014-04-01 17:00:00.0,2014-04-01 17:30:00.0,"Flag value: 0, percent: 100",,none,Version 1.0,QM Temperature Heater State Flag Value (NEON.DOC.000646),QMQF Summary measurement stream value type (NEON.DOC.001113)
2014-04-01 17:30:00.0,2014-04-01 18:00:00.0,"Flag value: 0, percent: 100",,none,Version 1.0,QMQF Beta Value (NEON.DOC.001113),QMQF Summary measurement stream value type (NEON.DOC.001113)
2014-04-01 17:30:00.0,2014-04-01 18:00:00.0,"Flag value: 0, percent: 100",,none,Version 1.0,QMQF Plausibility Null Test Value (NEON.DOC.001113),QMQF Summary measurement stream value type (NEON.DOC.001113)
2014-04-01 17:30:00.0,2014-04-01 18:00:00.0,"Flag value: 0, percent: 100",,none,Version 1.0,QMQF Plausibility Gap Test Value (NEON.DOC.001113),QMQF Summary measurement stream value type (NEON.DOC.001113)
2014-04-01 17:30:00.0,2014-04-01 18:00:00.0,"Flag value: 0, percent: 100",,none,Version 1.0,QMQF Plausibility Step Test Value (NEON.DOC.001113),QMQF Summary measurement stream value type (NEON.DOC.001113)
2014-04-01 17:30:00.0,2014-04-01 18:00:00.0,"Flag value: 0, percent: 100",,none,Version 1.0,QMQF Plausibility Range Test Value (NEON.DOC.001113),QMQF Summary measurement stream value type (NEON.DOC.001113)
2014-04-01 17:30:00.0,2014-04-01 18:00:00.0,0,,none,Version 1.0,QMQF Final metric (NEON.DOC.001113),QMQF Summary measurement stream value type (NEON.DOC.001113)
2014-04-01 17:30:00.0,2014-04-01 18:00:00.0,"Flag value: 0, percent: 100",,none,Version 1.0,QMQF Alpha Value (NEON.DOC.001113),QMQF Summary measurement stream value type (NEON.DOC.001113)
2014-04-01 17:30:00.0,2014-04-01 18:00:00.0,"Flag value: 0, percent: 100",,none,Version 1.0,QM Temperature Heater State Flag Value (NEON.DOC.000646),QMQF Summary measurement stream value type (NEON.DOC.001113)
2014-04-01 17:30:00.0,2014-04-01 18:00:00.0,"Flag value: 0, percent: 100",,none,Version 1.0,QMQF Despiking Spurious Value (NEON.DOC.001113),QMQF Summary measurement stream value type (NEON.DOC.001113)
2014-04-01 17:30:00.0,2014-04-01 18:00:00.0,"Flag value: 0, percent: 100",,none,Version 1.0,QMQF Plausibility Soft Range Test Value (NEON.DOC.001113 revB),QMQF Summary measurement stream value type (NEON.DOC.001113)
2014-04-01 18:00:00.0,2014-04-01 18:30:00.0,"Flag value: 0, percent: 100",,none,Version 1.0,QMQF Alpha Value (NEON.DOC.001113),QMQF Summary measurement stream value type (NEON.DOC.001113)
2014-04-01 18:00:00.0,2014-04-01 18:30:00.0,"Flag value: 0, percent: 100",,none,Version 1.0,QMQF Plausibility Step Test Value (NEON.DOC.001113),QMQF Summary measurement stream value type (NEON.DOC.001113)
2014-04-01 18:00:00.0,2014-04-01 18:30:00.0,"Flag value: 0, percent: 100",,none,Version 1.0,QMQF Plausibility Gap Test Value (NEON.DOC.001113),QMQF Summary measurement stream value type (NEON.DOC.001113)
2014-04-01 18:00:00.0,2014-04-01 18:30:00.0,"Flag value: 0, percent: 100",,none,Version 1.0,QMQF Plausibility Soft Range Test Value (NEON.DOC.001113 revB),QMQF Summary measurement stream value type (NEON.DOC.001113)
2014-04-01 18:00:00.0,2014-04-01 18:30:00.0,"Flag value: 0, percent: 100",,none,Version 1.0,QM Temperature Heater State Flag Value (NEON.DOC.000646),QMQF Summary measurement stream value type (NEON.DOC.001113)
2014-04-01 18:00:00.0,2014-04-01 18:30:00.0,0,,none,Version 1.0,QMQF Final metric (NEON.DOC.001113),QMQF Summary measurement stream value type (NEON.DOC.001113)
2014-04-01 18:00:00.0,2014-04-01 18:30:00.0,"Flag value: 0, percent: 100",,none,Version 1.0,QMQF Beta Value (NEON.DOC.001113),QMQF Summary measurement stream value type (NEON.DOC.001113)
2014-04-01 18:00:00.0,2014-04-01 18:30:00.0,"Flag value: 0, percent: 100",,none,Version 1.0,QMQF Plausibility Null Test Value (NEON.DOC.001113),QMQF Summary measurement stream value type (NEON.DOC.001113)
2014-04-01 18:00:00.0,2014-04-01 18:30:00.0,"Flag value: 0, percent: 100",,none,Version 1.0,QMQF Plausibility Range Test Value (NEON.DOC.001113),QMQF Summary measurement stream value type (NEON.DOC.001113)
2014-04-01 18:00:00.0,2014-04-01 18:30:00.0,"Flag value: 0, percent: 100",,none,Version 1.0,QMQF Despiking Spurious Value (NEON.DOC.001113),QMQF Summary measurement stream value type (NEON.DOC.001113)
2014-04-01 18:30:00.0,2014-04-01 19:00:00.0,"Flag value: 0, percent: 100",,none,Version 1.0,QMQF Plausibility Soft Range Test Value (NEON.DOC.001113 revB),QMQF Summary measurement stream value type (NEON.DOC.001113)
2014-04-01 18:30:00.0,2014-04-01 19:00:00.0,"Flag value: 0, percent: 100",,none,Version 1.0,QMQF Plausibility Step Test Value (NEON.DOC.001113),QMQF Summary measurement stream value type (NEON.DOC.001113)
2014-04-01 18:30:00.0,2014-04-01 19:00:00.0,"Flag value: 0, percent: 100",,none,Version 1.0,QMQF Plausibility Null Test Value (NEON.DOC.001113),QMQF Summary measurement stream value type (NEON.DOC.001113)
2014-04-01 18:30:00.0,2014-04-01 19:00:00.0,"Flag value: 0, percent: 100",,none,Version 1.0,QMQF Beta Value (NEON.DOC.001113),QMQF Summary measurement stream value type (NEON.DOC.001113)
2014-04-01 18:30:00.0,2014-04-01 19:00:00.0,"Flag value: 0, percent: 100",,none,Version 1.0,QMQF Plausibility Gap Test Value (NEON.DOC.001113),QMQF Summary measurement stream value type (NEON.DOC.001113)
2014-04-01 18:30:00.0,2014-04-01 19:00:00.0,"Flag value: 0, percent: 100",,none,Version 1.0,QM Temperature Heater State Flag Value (NEON.DOC.000646),QMQF Summary measurement stream value type (NEON.DOC.001113)
2014-04-01 18:30:00.0,2014-04-01 19:00:00.0,0,,none,Version 1.0,QMQF Final metric (NEON.DOC.001113),QMQF Summary measurement stream value type (NEON.DOC.001113)
2014-04-01 18:30:00.0,2014-04-01 19:00:00.0,"Flag value: 0, percent: 100",,none,Version 1.0,QMQF Alpha Value (NEON.DOC.001113),QMQF Summary measurement stream value type (NEON.DOC.001113)
2014-04-01 18:30:00.0,2014-04-01 19:00:00.0,"Flag value: 0, percent: 100",,none,Version 1.0,QMQF Despiking Spurious Value (NEON.DOC.001113),QMQF Summary measurement stream value type (NEON.DOC.001113)
2014-04-01 18:30:00.0,2014-04-01 19:00:00.0,"Flag value: 0, percent: 100",,none,Version 1.0,QMQF Plausibility Range Test Value (NEON.DOC.001113),QMQF Summary measurement stream value type (NEON.DOC.001113)
2014-04-01 19:00:00.0,2014-04-01 19:30:00.0,"Flag value: 0, percent: 100",,none,Version 1.0,QMQF Alpha Value (NEON.DOC.001113),QMQF Summary measurement stream value type (NEON.DOC.001113)
2014-04-01 19:00:00.0,2014-04-01 19:30:00.0,"Flag value: 0, percent: 100",,none,Version 1.0,QMQF Plausibility Range Test Value (NEON.DOC.001113),QMQF Summary measurement stream value type (NEON.DOC.001113)
2014-04-01 19:00:00.0,2014-04-01 19:30:00.0,"Flag value: 0, percent: 100",,none,Version 1.0,QMQF Plausibility Null Test Value (NEON.DOC.001113),QMQF Summary measurement stream value type (NEON.DOC.001113)
2014-04-01 19:00:00.0,2014-04-01 19:30:00.0,"Flag value: 0, percent: 100",,none,Version 1.0,QM Temperature Heater State Flag Value (NEON.DOC.000646),QMQF Summary measurement stream value type (NEON.DOC.001113)
2014-04-01 19:00:00.0,2014-04-01 19:30:00.0,0,,none,Version 1.0,QMQF Final metric (NEON.DOC.001113),QMQF Summary measurement stream value type (NEON.DOC.001113)
2014-04-01 19:00:00.0,2014-04-01 19:30:00.0,"Flag value: 0, percent: 100",,none,Version 1.0,QMQF Plausibility Soft Range Test Value (NEON.DOC.001113 revB),QMQF Summary measurement stream value type (NEON.DOC.001113)
2014-04-01 19:00:00.0,2014-04-01 19:30:00.0,"Flag value: 0, percent: 100",,none,Version 1.0,QMQF Beta Value (NEON.DOC.001113),QMQF Summary measurement stream value type (NEON.DOC.001113)
2014-04-01 19:00:00.0,2014-04-01 19:30:00.0,"Flag value: 0, percent: 100",,none,Version 1.0,QMQF Plausibility Gap Test Value (NEON.DOC.001113),QMQF Summary measurement stream value type (NEON.DOC.001113)
2014-04-01 19:00:00.0,2014-04-01 19:30:00.0,"Flag value: 0, percent: 100",,none,Version 1.0,QMQF Plausibility Step Test Value (NEON.DOC.001113),QMQF Summary measurement stream value type (NEON.DOC.001113)
2014-04-01 19:00:00.0,2014-04-01 19:30:00.0,"Flag value: 0, percent: 100",,none,Version 1.0,QMQF Despiking Spurious Value (NEON.DOC.001113),QMQF Summary measurement stream value type (NEON.DOC.001113)
2014-04-01 19:30:00.0,2014-04-01 20:00:00.0,"Flag value: 0, percent: 100",,none,Version 1.0,QMQF Plausibility Step Test Value (NEON.DOC.001113),QMQF Summary measurement stream value type (NEON.DOC.001113)
2014-04-01 19:30:00.0,2014-04-01 20:00:00.0,"Flag value: 0, percent: 100",,none,Version 1.0,QMQF Plausibility Gap Test Value (NEON.DOC.001113),QMQF Summary measurement stream value type (NEON.DOC.001113)
2014-04-01 19:30:00.0,2014-04-01 20:00:00.0,"Flag value: 0, percent: 100",,none,Version 1.0,QMQF Despiking Spurious Value (NEON.DOC.001113),QMQF Summary measurement stream value type (NEON.DOC.001113)
2014-04-01 19:30:00.0,2014-04-01 20:00:00.0,"Flag value: 0, percent: 100",,none,Version 1.0,QMQF Plausibility Null Test Value (NEON.DOC.001113),QMQF Summary measurement stream value type (NEON.DOC.001113)
2014-04-01 19:30:00.0,2014-04-01 20:00:00.0,"Flag value: 0, percent: 100",,none,Version 1.0,QMQF Alpha Value (NEON.DOC.001113),QMQF Summary measurement stream value type (NEON.DOC.001113)
2014-04-01 19:30:00.0,2014-04-01 20:00:00.0,"Flag value: 0, percent: 100",,none,Version 1.0,QMQF Plausibility Range Test Value (NEON.DOC.001113),QMQF Summary measurement stream value type (NEON.DOC.001113)
2014-04-01 19:30:00.0,2014-04-01 20:00:00.0,"Flag value: 0, percent: 100",,none,Version 1.0,QMQF Plausibility Soft Range Test Value (NEON.DOC.001113 revB),QMQF Summary measurement stream value type (NEON.DOC.001113)
2014-04-01 19:30:00.0,2014-04-01 20:00:00.0,0,,none,Version 1.0,QMQF Final metric (NEON.DOC.001113),QMQF Summary measurement stream value type (NEON.DOC.001113)
2014-04-01 19:30:00.0,2014-04-01 20:00:00.0,"Flag value: 0, percent: 100",,none,Version 1.0,QMQF Beta Value (NEON.DOC.001113),QMQF Summary measurement stream value type (NEON.DOC.001113)
2014-04-01 19:30:00.0,2014-04-01 20:00:00.0,"Flag value: 0, percent: 100",,none,Version 1.0,QM Temperature Heater State Flag Value (NEON.DOC.000646),QMQF Summary measurement stream value type (NEON.DOC.001113)
2014-04-01 20:00:00.0,2014-04-01 20:30:00.0,"Flag value: 0, percent: 100",,none,Version 1.0,QMQF Despiking Spurious Value (NEON.DOC.001113),QMQF Summary measurement stream value type (NEON.DOC.001113)
2014-04-01 20:00:00.0,2014-04-01 20:30:00.0,0,,none,Version 1.0,QMQF Final metric (NEON.DOC.001113),QMQF Summary measurement stream value type (NEON.DOC.001113)
2014-04-01 20:00:00.0,2014-04-01 20:30:00.0,"Flag value: 0, percent: 100",,none,Version 1.0,QMQF Alpha Value (NEON.DOC.001113),QMQF Summary measurement stream value type (NEON.DOC.001113)
2014-04-01 20:00:00.0,2014-04-01 20:30:00.0,"Flag value: 0, percent: 100",,none,Version 1.0,QMQF Plausibility Null Test Value (NEON.DOC.001113),QMQF Summary measurement stream value type (NEON.DOC.001113)
2014-04-01 20:00:00.0,2014-04-01 20:30:00.0,"Flag value: 0, percent: 100",,none,Version 1.0,QMQF Plausibility Step Test Value (NEON.DOC.001113),QMQF Summary measurement stream value type (NEON.DOC.001113)
2014-04-01 20:00:00.0,2014-04-01 20:30:00.0,"Flag value: 0, percent: 100",,none,Version 1.0,QMQF Beta Value (NEON.DOC.001113),QMQF Summary measurement stream value type (NEON.DOC.001113)
2014-04-01 20:00:00.0,2014-04-01 20:30:00.0,"Flag value: 0, percent: 100",,none,Version 1.0,QMQF Plausibility Range Test Value (NEON.DOC.001113),QMQF Summary measurement stream value type (NEON.DOC.001113)
2014-04-01 20:00:00.0,2014-04-01 20:30:00.0,"Flag value: 0, percent: 100",,none,Version 1.0,QMQF Plausibility Gap Test Value (NEON.DOC.001113),QMQF Summary measurement stream value type (NEON.DOC.001113)
2014-04-01 20:00:00.0,2014-04-01 20:30:00.0,"Flag value: 0, percent: 100",,none,Version 1.0,QM Temperature Heater State Flag Value (NEON.DOC.000646),QMQF Summary measurement stream value type (NEON.DOC.001113)
2014-04-01 20:00:00.0,2014-04-01 20:30:00.0,"Flag value: 0, percent: 100",,none,Version 1.0,QMQF Plausibility Soft Range Test Value (NEON.DOC.001113 revB),QMQF Summary measurement stream value type (NEON.DOC.001113)
2014-04-01 20:30:00.0,2014-04-01 21:00:00.0,"Flag value: 0, percent: 100",,none,Version 1.0,QMQF Plausibility Soft Range Test Value (NEON.DOC.001113 revB),QMQF Summary measurement stream value type (NEON.DOC.001113)
2014-04-01 20:30:00.0,2014-04-01 21:00:00.0,"Flag value: 0, percent: 100",,none,Version 1.0,QMQF Beta Value (NEON.DOC.001113),QMQF Summary measurement stream value type (NEON.DOC.001113)
2014-04-01 20:30:00.0,2014-04-01 21:00:00.0,"Flag value: 0, percent: 100",,none,Version 1.0,QM Temperature Heater State Flag Value (NEON.DOC.000646),QMQF Summary measurement stream value type (NEON.DOC.001113)
2014-04-01 20:30:00.0,2014-04-01 21:00:00.0,"Flag value: 0, percent: 100",,none,Version 1.0,QMQF Alpha Value (NEON.DOC.001113),QMQF Summary measurement stream value type (NEON.DOC.001113)
2014-04-01 20:30:00.0,2014-04-01 21:00:00.0,"Flag value: 0, percent: 100",,none,Version 1.0,QMQF Plausibility Gap Test Value (NEON.DOC.001113),QMQF Summary measurement stream value type (NEON.DOC.001113)
2014-04-01 20:30:00.0,2014-04-01 21:00:00.0,"Flag value: 0, percent: 100",,none,Version 1.0,QMQF Despiking Spurious Value (NEON.DOC.001113),QMQF Summary measurement stream value type (NEON.DOC.001113)
2014-04-01 20:30:00.0,2014-04-01 21:00:00.0,"Flag value: 0, percent: 100",,none,Version 1.0,QMQF Plausibility Null Test Value (NEON.DOC.001113),QMQF Summary measurement stream value type (NEON.DOC.001113)
2014-04-01 20:30:00.0,2014-04-01 21:00:00.0,0,,none,Version 1.0,QMQF Final metric (NEON.DOC.001113),QMQF Summary measurement stream value type (NEON.DOC.001113)
2014-04-01 20:30:00.0,2014-04-01 21:00:00.0,"Flag value: 0, percent: 100",,none,Version 1.0,QMQF Plausibility Step Test Value (NEON.DOC.001113),QMQF Summary measurement stream value type (NEON.DOC.001113)
2014-04-01 20:30:00.0,2014-04-01 21:00:00.0,"Flag value: 0, percent: 100",,none,Version 1.0,QMQF Plausibility Range Test Value (NEON.DOC.001113),QMQF Summary measurement stream value type (NEON.DOC.001113)
2014-04-01 21:00:00.0,2014-04-01 21:30:00.0,"Flag value: 0, percent: 100",,none,Version 1.0,QMQF Alpha Value (NEON.DOC.001113),QMQF Summary measurement stream value type (NEON.DOC.001113)
2014-04-01 21:00:00.0,2014-04-01 21:30:00.0,"Flag value: 0, percent: 100",,none,Version 1.0,QMQF Plausibility Range Test Value (NEON.DOC.001113),QMQF Summary measurement stream value type (NEON.DOC.001113)
2014-04-01 21:00:00.0,2014-04-01 21:30:00.0,"Flag value: 0, percent: 100",,none,Version 1.0,QMQF Plausibility Step Test Value (NEON.DOC.001113),QMQF Summary measurement stream value type (NEON.DOC.001113)
2014-04-01 21:00:00.0,2014-04-01 21:30:00.0,"Flag value: 0, percent: 100",,none,Version 1.0,QMQF Plausibility Soft Range Test Value (NEON.DOC.001113 revB),QMQF Summary measurement stream value type (NEON.DOC.001113)
2014-04-01 21:00:00.0,2014-04-01 21:30:00.0,0,,none,Version 1.0,QMQF Final metric (NEON.DOC.001113),QMQF Summary measurement stream value type (NEON.DOC.001113)
2014-04-01 21:00:00.0,2014-04-01 21:30:00.0,"Flag value: 0, percent: 100",,none,Version 1.0,QMQF Beta Value (NEON.DOC.001113),QMQF Summary measurement stream value type (NEON.DOC.001113)
2014-04-01 21:00:00.0,2014-04-01 21:30:00.0,"Flag value: 0, percent: 100",,none,Version 1.0,QMQF Despiking Spurious Value (NEON.DOC.001113),QMQF Summary measurement stream value type (NEON.DOC.001113)
2014-04-01 21:00:00.0,2014-04-01 21:30:00.0,"Flag value: 0, percent: 100",,none,Version 1.0,QM Temperature Heater State Flag Value (NEON.DOC.000646),QMQF Summary measurement stream value type (NEON.DOC.001113)
2014-04-01 21:00:00.0,2014-04-01 21:30:00.0,"Flag value: 0, percent: 100",,none,Version 1.0,QMQF Plausibility Gap Test Value (NEON.DOC.001113),QMQF Summary measurement stream value type (NEON.DOC.001113)
2014-04-01 21:00:00.0,2014-04-01 21:30:00.0,"Flag value: 0, percent: 100",,none,Version 1.0,QMQF Plausibility Null Test Value (NEON.DOC.001113),QMQF Summary measurement stream value type (NEON.DOC.001113)
2014-04-01 21:30:00.0,2014-04-01 22:00:00.0,"Flag value: 0, percent: 100",,none,Version 1.0,QMQF Alpha Value (NEON.DOC.001113),QMQF Summary measurement stream value type (NEON.DOC.001113)
2014-04-01 21:30:00.0,2014-04-01 22:00:00.0,"Flag value: 0, percent: 100",,none,Version 1.0,QMQF Despiking Spurious Value (NEON.DOC.001113),QMQF Summary measurement stream value type (NEON.DOC.001113)
2014-04-01 21:30:00.0,2014-04-01 22:00:00.0,"Flag value: 0, percent: 100",,none,Version 1.0,QMQF Plausibility Range Test Value (NEON.DOC.001113),QMQF Summary measurement stream value type (NEON.DOC.001113)
2014-04-01 21:30:00.0,2014-04-01 22:00:00.0,"Flag value: 0, percent: 100",,none,Version 1.0,QM Temperature Heater State Flag Value (NEON.DOC.000646),QMQF Summary measurement stream value type (NEON.DOC.001113)
2014-04-01 21:30:00.0,2014-04-01 22:00:00.0,"Flag value: 0, percent: 100",,none,Version 1.0,QMQF Beta Value (NEON.DOC.001113),QMQF Summary measurement stream value type (NEON.DOC.001113)
2014-04-01 21:30:00.0,2014-04-01 22:00:00.0,0,,none,Version 1.0,QMQF Final metric (NEON.DOC.001113),QMQF Summary measurement stream value type (NEON.DOC.001113)
2014-04-01 21:30:00.0,2014-04-01 22:00:00.0,"Flag value: 0, percent: 100",,none,Version 1.0,QMQF Plausibility Null Test Value (NEON.DOC.001113),QMQF Summary measurement stream value type (NEON.DOC.001113)
2014-04-01 21:30:00.0,2014-04-01 22:00:00.0,"Flag value: 0, percent: 100",,none,Version 1.0,QMQF Plausibility Step Test Value (NEON.DOC.001113),QMQF Summary measurement stream value type (NEON.DOC.001113)
2014-04-01 21:30:00.0,2014-04-01 22:00:00.0,"Flag value: 0, percent: 100",,none,Version 1.0,QMQF Plausibility Soft Range Test Value (NEON.DOC.001113 revB),QMQF Summary measurement stream value type (NEON.DOC.001113)
2014-04-01 21:30:00.0,2014-04-01 22:00:00.0,"Flag value: 0, percent: 100",,none,Version 1.0,QMQF Plausibility Gap Test Value (NEON.DOC.001113),QMQF Summary measurement stream value type (NEON.DOC.001113)
2014-04-01 22:00:00.0,2014-04-01 22:30:00.0,0,,none,Version 1.0,QMQF Final metric (NEON.DOC.001113),QMQF Summary measurement stream value type (NEON.DOC.001113)
2014-04-01 22:00:00.0,2014-04-01 22:30:00.0,"Flag value: 0, percent: 100",,none,Version 1.0,QMQF Alpha Value (NEON.DOC.001113),QMQF Summary measurement stream value type (NEON.DOC.001113)
2014-04-01 22:00:00.0,2014-04-01 22:30:00.0,"Flag value: 0, percent: 100",,none,Version 1.0,QMQF Beta Value (NEON.DOC.001113),QMQF Summary measurement stream value type (NEON.DOC.001113)
2014-04-01 22:00:00.0,2014-04-01 22:30:00.0,"Flag value: 0, percent: 100",,none,Version 1.0,QM Temperature Heater State Flag Value (NEON.DOC.000646),QMQF Summary measurement stream value type (NEON.DOC.001113)
2014-04-01 22:00:00.0,2014-04-01 22:30:00.0,"Flag value: 0, percent: 100",,none,Version 1.0,QMQF Despiking Spurious Value (NEON.DOC.001113),QMQF Summary measurement stream value type (NEON.DOC.001113)
2014-04-01 22:00:00.0,2014-04-01 22:30:00.0,"Flag value: 0, percent: 100",,none,Version 1.0,QMQF Plausibility Range Test Value (NEON.DOC.001113),QMQF Summary measurement stream value type (NEON.DOC.001113)
2014-04-01 22:00:00.0,2014-04-01 22:30:00.0,"Flag value: 0, percent: 100",,none,Version 1.0,QMQF Plausibility Gap Test Value (NEON.DOC.001113),QMQF Summary measurement stream value type (NEON.DOC.001113)
2014-04-01 22:00:00.0,2014-04-01 22:30:00.0,"Flag value: 0, percent: 100",,none,Version 1.0,QMQF Plausibility Step Test Value (NEON.DOC.001113),QMQF Summary measurement stream value type (NEON.DOC.001113)
2014-04-01 22:00:00.0,2014-04-01 22:30:00.0,"Flag value: 0, percent: 100",,none,Version 1.0,QMQF Plausibility Soft Range Test Value (NEON.DOC.001113 revB),QMQF Summary measurement stream value type (NEON.DOC.001113)
2014-04-01 22:00:00.0,2014-04-01 22:30:00.0,"Flag value: 0, percent: 100",,none,Version 1.0,QMQF Plausibility Null Test Value (NEON.DOC.001113),QMQF Summary measurement stream value type (NEON.DOC.001113)
2014-04-01 22:30:00.0,2014-04-01 23:00:00.0,0,,none,Version 1.0,QMQF Final metric (NEON.DOC.001113),QMQF Summary measurement stream value type (NEON.DOC.001113)
2014-04-01 22:30:00.0,2014-04-01 23:00:00.0,"Flag value: 0, percent: 100",,none,Version 1.0,QMQF Despiking Spurious Value (NEON.DOC.001113),QMQF Summary measurement stream value type (NEON.DOC.001113)
2014-04-01 22:30:00.0,2014-04-01 23:00:00.0,"Flag value: 0, percent: 100",,none,Version 1.0,QMQF Beta Value (NEON.DOC.001113),QMQF Summary measurement stream value type (NEON.DOC.001113)
2014-04-01 22:30:00.0,2014-04-01 23:00:00.0,"Flag value: 0, percent: 100",,none,Version 1.0,QM Temperature Heater State Flag Value (NEON.DOC.000646),QMQF Summary measurement stream value type (NEON.DOC.001113)
2014-04-01 22:30:00.0,2014-04-01 23:00:00.0,"Flag value: 0, percent: 100",,none,Version 1.0,QMQF Plausibility Step Test Value (NEON.DOC.001113),QMQF Summary measurement stream value type (NEON.DOC.001113)
2014-04-01 22:30:00.0,2014-04-01 23:00:00.0,"Flag value: 0, percent: 100",,none,Version 1.0,QMQF Alpha Value (NEON.DOC.001113),QMQF Summary measurement stream value type (NEON.DOC.001113)
2014-04-01 22:30:00.0,2014-04-01 23:00:00.0,"Flag value: 0, percent: 100",,none,Version 1.0,QMQF Plausibility Gap Test Value (NEON.DOC.001113),QMQF Summary measurement stream value type (NEON.DOC.001113)
2014-04-01 22:30:00.0,2014-04-01 23:00:00.0,"Flag value: 0, percent: 100",,none,Version 1.0,QMQF Plausibility Soft Range Test Value (NEON.DOC.001113 revB),QMQF Summary measurement stream value type (NEON.DOC.001113)
2014-04-01 22:30:00.0,2014-04-01 23:00:00.0,"Flag value: 0, percent: 100",,none,Version 1.0,QMQF Plausibility Range Test Value (NEON.DOC.001113),QMQF Summary measurement stream value type (NEON.DOC.001113)
2014-04-01 22:30:00.0,2014-04-01 23:00:00.0,"Flag value: 0, percent: 100",,none,Version 1.0,QMQF Plausibility Null Test Value (NEON.DOC.001113),QMQF Summary measurement stream value type (NEON.DOC.001113)
2014-04-01 23:00:00.0,2014-04-01 23:30:00.0,"Flag value: 0, percent: 100",,none,Version 1.0,QMQF Beta Value (NEON.DOC.001113),QMQF Summary measurement stream value type (NEON.DOC.001113)
2014-04-01 23:00:00.0,2014-04-01 23:30:00.0,"Flag value: 0, percent: 100",,none,Version 1.0,QM Temperature Heater State Flag Value (NEON.DOC.000646),QMQF Summary measurement stream value type (NEON.DOC.001113)
2014-04-01 23:00:00.0,2014-04-01 23:30:00.0,"Flag value: 0, percent: 100",,none,Version 1.0,QMQF Plausibility Step Test Value (NEON.DOC.001113),QMQF Summary measurement stream value type (NEON.DOC.001113)
2014-04-01 23:00:00.0,2014-04-01 23:30:00.0,"Flag value: 0, percent: 100",,none,Version 1.0,QMQF Plausibility Null Test Value (NEON.DOC.001113),QMQF Summary measurement stream value type (NEON.DOC.001113)
2014-04-01 23:00:00.0,2014-04-01 23:30:00.0,"Flag value: 0, percent: 100",,none,Version 1.0,QMQF Alpha Value (NEON.DOC.001113),QMQF Summary measurement stream value type (NEON.DOC.001113)
2014-04-01 23:00:00.0,2014-04-01 23:30:00.0,"Flag value: 0, percent: 100",,none,Version 1.0,QMQF Despiking Spurious Value (NEON.DOC.001113),QMQF Summary measurement stream value type (NEON.DOC.001113)
2014-04-01 23:00:00.0,2014-04-01 23:30:00.0,0,,none,Version 1.0,QMQF Final metric (NEON.DOC.001113),QMQF Summary measurement stream value type (NEON.DOC.001113)
2014-04-01 23:00:00.0,2014-04-01 23:30:00.0,"Flag value: 0, percent: 100",,none,Version 1.0,QMQF Plausibility Gap Test Value (NEON.DOC.001113),QMQF Summary measurement stream value type (NEON.DOC.001113)
2014-04-01 23:00:00.0,2014-04-01 23:30:00.0,"Flag value: 0, percent: 100",,none,Version 1.0,QMQF Plausibility Soft Range Test Value (NEON.DOC.001113 revB),QMQF Summary measurement stream value type (NEON.DOC.001113)
2014-04-01 23:00:00.0,2014-04-01 23:30:00.0,"Flag value: 0, percent: 100",,none,Version 1.0,QMQF Plausibility Range Test Value (NEON.DOC.001113),QMQF Summary measurement stream value type (NEON.DOC.001113)
2014-04-01 23:30:00.0,2014-04-02 00:00:00.0,"Flag value: 0, percent: 100",,none,Version 1.0,QMQF Beta Value (NEON.DOC.001113),QMQF Summary measurement stream value type (NEON.DOC.001113)
2014-04-01 23:30:00.0,2014-04-02 00:00:00.0,"Flag value: 0, percent: 100",,none,Version 1.0,QM Temperature Heater State Flag Value (NEON.DOC.000646),QMQF Summary measurement stream value type (NEON.DOC.001113)
2014-04-01 23:30:00.0,2014-04-02 00:00:00.0,0,,none,Version 1.0,QMQF Final metric (NEON.DOC.001113),QMQF Summary measurement stream value type (NEON.DOC.001113)
2014-04-01 23:30:00.0,2014-04-02 00:00:00.0,"Flag value: 0, percent: 100",,none,Version 1.0,QMQF Alpha Value (NEON.DOC.001113),QMQF Summary measurement stream value type (NEON.DOC.001113)
2014-04-01 23:30:00.0,2014-04-02 00:00:00.0,"Flag value: 0, percent: 100",,none,Version 1.0,QMQF Plausibility Null Test Value (NEON.DOC.001113),QMQF Summary measurement stream value type (NEON.DOC.001113)
2014-04-01 23:30:00.0,2014-04-02 00:00:00.0,"Flag value: 0, percent: 100",,none,Version 1.0,QMQF Plausibility Range Test Value (NEON.DOC.001113),QMQF Summary measurement stream value type (NEON.DOC.001113)
2014-04-01 23:30:00.0,2014-04-02 00:00:00.0,"Flag value: 0, percent: 100",,none,Version 1.0,QMQF Plausibility Gap Test Value (NEON.DOC.001113),QMQF Summary measurement stream value type (NEON.DOC.001113)
2014-04-01 23:30:00.0,2014-04-02 00:00:00.0,"Flag value: 0, percent: 100",,none,Version 1.0,QMQF Despiking Spurious Value (NEON.DOC.001113),QMQF Summary measurement stream value type (NEON.DOC.001113)
2014-04-01 23:30:00.0,2014-04-02 00:00:00.0,"Flag value: 0, percent: 100",,none,Version 1.0,QMQF Plausibility Step Test Value (NEON.DOC.001113),QMQF Summary measurement stream value type (NEON.DOC.001113)
2014-04-01 23:30:00.0,2014-04-02 00:00:00.0,"Flag value: 0, percent: 100",,none,Version 1.0,QMQF Plausibility Soft Range Test Value (NEON.DOC.001113 revB),QMQF Summary measurement stream value type (NEON.DOC.001113)
2014-04-02 00:00:00.0,2014-04-02 00:30:00.0,"Flag value: 0, percent: 100",,none,Version 1.0,QMQF Plausibility Gap Test Value (NEON.DOC.001113),QMQF Summary measurement stream value type (NEON.DOC.001113)
2014-04-02 00:00:00.0,2014-04-02 00:30:00.0,"Flag value: 0, percent: 100",,none,Version 1.0,QMQF Plausibility Range Test Value (NEON.DOC.001113),QMQF Summary measurement stream value type (NEON.DOC.001113)
2014-04-02 00:00:00.0,2014-04-02 00:30:00.0,"Flag value: 0, percent: 100",,none,Version 1.0,QMQF Plausibility Null Test Value (NEON.DOC.001113),QMQF Summary measurement stream value type (NEON.DOC.001113)
2014-04-02 00:00:00.0,2014-04-02 00:30:00.0,"Flag value: 0, percent: 100",,none,Version 1.0,QMQF Beta Value (NEON.DOC.001113),QMQF Summary measurement stream value type (NEON.DOC.001113)
2014-04-02 00:00:00.0,2014-04-02 00:30:00.0,"Flag value: 0, percent: 100",,none,Version 1.0,QMQF Alpha Value (NEON.DOC.001113),QMQF Summary measurement stream value type (NEON.DOC.001113)
2014-04-02 00:00:00.0,2014-04-02 00:30:00.0,"Flag value: 0, percent: 100",,none,Version 1.0,QMQF Plausibility Soft Range Test Value (NEON.DOC.001113 revB),QMQF Summary measurement stream value type (NEON.DOC.001113)
2014-04-02 00:00:00.0,2014-04-02 00:30:00.0,"Flag value: 0, percent: 100",,none,Version 1.0,QMQF Plausibility Step Test Value (NEON.DOC.001113),QMQF Summary measurement stream value type (NEON.DOC.001113)
2014-04-02 00:00:00.0,2014-04-02 00:30:00.0,"Flag value: 0, percent: 100",,none,Version 1.0,QMQF Despiking Spurious Value (NEON.DOC.001113),QMQF Summary measurement stream value type (NEON.DOC.001113)
2014-04-02 00:00:00.0,2014-04-02 00:30:00.0,"Flag value: 0, percent: 100",,none,Version 1.0,QM Temperature Heater State Flag Value (NEON.DOC.000646),QMQF Summary measurement stream value type (NEON.DOC.001113)
2014-04-02 00:00:00.0,2014-04-02 00:30:00.0,0,,none,Version 1.0,QMQF Final metric (NEON.DOC.001113),QMQF Summary measurement stream value type (NEON.DOC.001113)
