# Data from NEON Inc.
# These data are provided under the terms of the NEON data policy included in this data download.
# Data Product ID: NEON.D03.CS1.DP1.00002.001.002.001.002
# Data Product Name: 30 minutes minimum temperature tower level 1
# Site: Ordway-Swisher Biological Station Site, CORE (FL)
# Geographic coordinates (lat/long): 29.68927/-81.99343
# Domain: Domain 03
# Query Citation Code: 21E5007364DC4C71953400252C5E0B3F
# Date-Time of Query Submission: 2014-07-09 19:51 (UTC)
# Start Date-Time for Data: 2014-04-01 00:00 (UTC)
# End Date-Time for Data: 2014-04-02 00:00 (UTC)
# 
### Sensor Metadata Below
### Sensor information: Thermometrics Climate RTD 100  Omega  Probe and Met One 076B aspirated radiation shield
### Units: deg C
### Sampling Rate (Hz): 1
### Assembly repeatability (precision) in deg C: 0.0025
### Assembly refers to the sensor(s) and relevant components (e.g. DAS); here repeatability represents the maximum expected assembly noise given at 95% confidence.
### Boom Level: 1
### Height Above Ground Level (m): 0.41
### Lat/Lon: 29.68923562/-81.99340703
### Threshold For Range test (Hard): min:  -89.2 (deg C) max:  56.7 (deg C)
### Threshold for Range test (soft): min: -27.2 (deg C) max: 44.4 (deg C)
### Threshold For Step test: 0.5 (deg C)
#
Start Date,End Date,Data 1,Data 2,Units,Readout Version,Value Name,Measurement Readout Type Name
2014-04-01 00:00:00.0,2014-04-01 00:30:00.0,14.29520338008116375760891969548538327217,,degree Celsius,Version 1.0,Temperature Min (NEON.DOC.000646),Level-1 FIU measurement stream readout type
2014-04-01 00:30:00.0,2014-04-01 01:00:00.0,14.05491154063823522335496818413957953453,,degree Celsius,Version 1.0,Temperature Min (NEON.DOC.000646),Level-1 FIU measurement stream readout type
2014-04-01 01:00:00.0,2014-04-01 01:30:00.0,13.2065777319394861422097164904698729515,,degree Celsius,Version 1.0,Temperature Min (NEON.DOC.000646),Level-1 FIU measurement stream readout type
2014-04-01 01:30:00.0,2014-04-01 02:00:00.0,11.95011561956578738374901149654760956764,,degree Celsius,Version 1.0,Temperature Min (NEON.DOC.000646),Level-1 FIU measurement stream readout type
2014-04-01 02:00:00.0,2014-04-01 02:30:00.0,11.24160000531345637853064545197412371635,,degree Celsius,Version 1.0,Temperature Min (NEON.DOC.000646),Level-1 FIU measurement stream readout type
2014-04-01 02:30:00.0,2014-04-01 03:00:00.0,10.65886164117039314191970333922654390335,,degree Celsius,Version 1.0,Temperature Min (NEON.DOC.000646),Level-1 FIU measurement stream readout type
2014-04-01 03:00:00.0,2014-04-01 03:30:00.0,10.54966896321513125656110787531360983848,,degree Celsius,Version 1.0,Temperature Min (NEON.DOC.000646),Level-1 FIU measurement stream readout type
2014-04-01 03:30:00.0,2014-04-01 04:00:00.0,9.99603200812962988663912256015464663505,,degree Celsius,Version 1.0,Temperature Min (NEON.DOC.000646),Level-1 FIU measurement stream readout type
2014-04-01 04:00:00.0,2014-04-01 04:30:00.0,9.32728951875660960979530500480905175209,,degree Celsius,Version 1.0,Temperature Min (NEON.DOC.000646),Level-1 FIU measurement stream readout type
2014-04-01 04:30:00.0,2014-04-01 05:00:00.0,9.15833939593126267197931156260892748832,,degree Celsius,Version 1.0,Temperature Min (NEON.DOC.000646),Level-1 FIU measurement stream readout type
2014-04-01 05:00:00.0,2014-04-01 05:30:00.0,8.77526386658620793923546443693339824676,,degree Celsius,Version 1.0,Temperature Min (NEON.DOC.000646),Level-1 FIU measurement stream readout type
2014-04-01 05:30:00.0,2014-04-01 06:00:00.0,8.60271373980512521484342869371175765991,,degree Celsius,Version 1.0,Temperature Min (NEON.DOC.000646),Level-1 FIU measurement stream readout type
2014-04-01 06:00:00.0,2014-04-01 06:30:00.0,8.47913532648598966545705479802563786506,,degree Celsius,Version 1.0,Temperature Min (NEON.DOC.000646),Level-1 FIU measurement stream readout type
2014-04-01 06:30:00.0,2014-04-01 07:00:00.0,8.15121933749146165837373700924217700958,,degree Celsius,Version 1.0,Temperature Min (NEON.DOC.000646),Level-1 FIU measurement stream readout type
2014-04-01 07:00:00.0,2014-04-01 07:30:00.0,7.8205674629605290704148501390591263771,,degree Celsius,Version 1.0,Temperature Min (NEON.DOC.000646),Level-1 FIU measurement stream readout type
2014-04-01 07:30:00.0,2014-04-01 08:00:00.0,7.39969837898923543662021984346210956573,,degree Celsius,Version 1.0,Temperature Min (NEON.DOC.000646),Level-1 FIU measurement stream readout type
2014-04-01 08:00:00.0,2014-04-01 08:30:00.0,7.32536362981329425281273870496079325675,,degree Celsius,Version 1.0,Temperature Min (NEON.DOC.000646),Level-1 FIU measurement stream readout type
2014-04-01 08:30:00.0,2014-04-01 09:00:00.0,6.97529487611261700408249453175812959671,,degree Celsius,Version 1.0,Temperature Min (NEON.DOC.000646),Level-1 FIU measurement stream readout type
2014-04-01 09:00:00.0,2014-04-01 09:30:00.0,6.80558863972548522269789827987551689147,,degree Celsius,Version 1.0,Temperature Min (NEON.DOC.000646),Level-1 FIU measurement stream readout type
2014-04-01 09:30:00.0,2014-04-01 10:00:00.0,6.49347475092363168869269429706037044525,,degree Celsius,Version 1.0,Temperature Min (NEON.DOC.000646),Level-1 FIU measurement stream readout type
2014-04-01 10:00:00.0,2014-04-01 10:30:00.0,6.28347846939328391613344138022512197494,,degree Celsius,Version 1.0,Temperature Min (NEON.DOC.000646),Level-1 FIU measurement stream readout type
2014-04-01 10:30:00.0,2014-04-01 11:00:00.0,6.11489883485912777416615426773205399513,,degree Celsius,Version 1.0,Temperature Min (NEON.DOC.000646),Level-1 FIU measurement stream readout type
2014-04-01 11:00:00.0,2014-04-01 11:30:00.0,6.06663553140945488451052369782701134681,,degree Celsius,Version 1.0,Temperature Min (NEON.DOC.000646),Level-1 FIU measurement stream readout type
2014-04-01 11:30:00.0,2014-04-01 12:00:00.0,6.22466535204374160628049139631912112236,,degree Celsius,Version 1.0,Temperature Min (NEON.DOC.000646),Level-1 FIU measurement stream readout type
2014-04-01 12:00:00.0,2014-04-01 12:30:00.0,8.04536653412166913312830729410052299499,,degree Celsius,Version 1.0,Temperature Min (NEON.DOC.000646),Level-1 FIU measurement stream readout type
2014-04-01 12:30:00.0,2014-04-01 13:00:00.0,10.16367943231863080200128024443984031677,,degree Celsius,Version 1.0,Temperature Min (NEON.DOC.000646),Level-1 FIU measurement stream readout type
2014-04-01 13:00:00.0,2014-04-01 13:30:00.0,13.64366235729148257860288140363991260528,,degree Celsius,Version 1.0,Temperature Min (NEON.DOC.000646),Level-1 FIU measurement stream readout type
2014-04-01 13:30:00.0,2014-04-01 14:00:00.0,15.77758705139018324814514926401898264884,,degree Celsius,Version 1.0,Temperature Min (NEON.DOC.000646),Level-1 FIU measurement stream readout type
2014-04-01 14:00:00.0,2014-04-01 14:30:00.0,18.11855851220883906194103474263101816177,,degree Celsius,Version 1.0,Temperature Min (NEON.DOC.000646),Level-1 FIU measurement stream readout type
2014-04-01 14:30:00.0,2014-04-01 15:00:00.0,19.77928167163172190612385747954249382019,,degree Celsius,Version 1.0,Temperature Min (NEON.DOC.000646),Level-1 FIU measurement stream readout type
2014-04-01 15:00:00.0,2014-04-01 15:30:00.0,21.80808632993942097755279974080622196197,,degree Celsius,Version 1.0,Temperature Min (NEON.DOC.000646),Level-1 FIU measurement stream readout type
2014-04-01 15:30:00.0,2014-04-01 16:00:00.0,23.27337305249003662765971967019140720367,,degree Celsius,Version 1.0,Temperature Min (NEON.DOC.000646),Level-1 FIU measurement stream readout type
2014-04-01 16:00:00.0,2014-04-01 16:30:00.0,24.35313301792079343499608512502163648605,,degree Celsius,Version 1.0,Temperature Min (NEON.DOC.000646),Level-1 FIU measurement stream readout type
2014-04-01 16:30:00.0,2014-04-01 17:00:00.0,23.67260946109072961007768753916025161743,,degree Celsius,Version 1.0,Temperature Min (NEON.DOC.000646),Level-1 FIU measurement stream readout type
2014-04-01 17:00:00.0,2014-04-01 17:30:00.0,24.79903616444595826351360301487147808074,,degree Celsius,Version 1.0,Temperature Min (NEON.DOC.000646),Level-1 FIU measurement stream readout type
2014-04-01 17:30:00.0,2014-04-01 18:00:00.0,25.53151328444310763643443351611495018005,,degree Celsius,Version 1.0,Temperature Min (NEON.DOC.000646),Level-1 FIU measurement stream readout type
2014-04-01 18:00:00.0,2014-04-01 18:30:00.0,26.60251129741569542375145829282701015472,,degree Celsius,Version 1.0,Temperature Min (NEON.DOC.000646),Level-1 FIU measurement stream readout type
2014-04-01 18:30:00.0,2014-04-01 19:00:00.0,26.72953301259001790413094568066298961639,,degree Celsius,Version 1.0,Temperature Min (NEON.DOC.000646),Level-1 FIU measurement stream readout type
2014-04-01 19:00:00.0,2014-04-01 19:30:00.0,26.88892629648910670425721036735922098159,,degree Celsius,Version 1.0,Temperature Min (NEON.DOC.000646),Level-1 FIU measurement stream readout type
2014-04-01 19:30:00.0,2014-04-01 20:00:00.0,27.8234006945314931158463878091424703598,,degree Celsius,Version 1.0,Temperature Min (NEON.DOC.000646),Level-1 FIU measurement stream readout type
2014-04-01 20:00:00.0,2014-04-01 20:30:00.0,28.04120289187244452477898448705673217773,,degree Celsius,Version 1.0,Temperature Min (NEON.DOC.000646),Level-1 FIU measurement stream readout type
2014-04-01 20:30:00.0,2014-04-01 21:00:00.0,28.50887481981875026804118533618748188018,,degree Celsius,Version 1.0,Temperature Min (NEON.DOC.000646),Level-1 FIU measurement stream readout type
2014-04-01 21:00:00.0,2014-04-01 21:30:00.0,28.19400493740987201363168423995375633239,,degree Celsius,Version 1.0,Temperature Min (NEON.DOC.000646),Level-1 FIU measurement stream readout type
2014-04-01 21:30:00.0,2014-04-01 22:00:00.0,27.87061092483012458842495107091963291168,,degree Celsius,Version 1.0,Temperature Min (NEON.DOC.000646),Level-1 FIU measurement stream readout type
2014-04-01 22:00:00.0,2014-04-01 22:30:00.0,27.40834614846273353805372607894241809844,,degree Celsius,Version 1.0,Temperature Min (NEON.DOC.000646),Level-1 FIU measurement stream readout type
2014-04-01 22:30:00.0,2014-04-01 23:00:00.0,26.16909330994461413411045214161276817321,,degree Celsius,Version 1.0,Temperature Min (NEON.DOC.000646),Level-1 FIU measurement stream readout type
2014-04-01 23:00:00.0,2014-04-01 23:30:00.0,19.19801513131478287732534226961433887481,,degree Celsius,Version 1.0,Temperature Min (NEON.DOC.000646),Level-1 FIU measurement stream readout type
2014-04-01 23:30:00.0,2014-04-02 00:00:00.0,16.834729861060257150029428885318338871,,degree Celsius,Version 1.0,Temperature Min (NEON.DOC.000646),Level-1 FIU measurement stream readout type
2014-04-02 00:00:00.0,2014-04-02 00:30:00.0,15.47230874852815141196060721995308995246,,degree Celsius,Version 1.0,Temperature Min (NEON.DOC.000646),Level-1 FIU measurement stream readout type
