# Data from NEON Inc.
# These data are provided under the terms of the NEON data policy included in this data download.
# Data Product ID: NEON.D03.CS1.DP1.00002.001.002.005.002
# Data Product Name: 30 minutes minimum temperature tower level 5
# Site: Ordway-Swisher Biological Station Site, CORE (FL)
# Geographic coordinates (lat/long): 29.68927/-81.99343
# Domain: Domain 03
# Query Citation Code: 21E5007364DC4C71953400252C5E0B3F
# Date-Time of Query Submission: 2014-07-09 19:51 (UTC)
# Start Date-Time for Data: 2014-04-01 00:00 (UTC)
# End Date-Time for Data: 2014-04-02 00:00 (UTC)
# 
### Sensor Metadata Below
### Sensor information: Thermometrics Climate RTD 100  Omega  Probe and Met One 076B aspirated radiation shield
### Units: deg C
### Sampling Rate (Hz): 1
### Assembly repeatability (precision) in deg C: 0.0025
### Assembly refers to the sensor(s) and relevant components (e.g. DAS); here repeatability represents the maximum expected assembly noise given at 95% confidence.
### Boom Level: 5
### Height Above Ground Level (m): 24.56
### Lat/Lon: 29.68923605/-81.99340646
### Threshold For Range test (Hard): min:  -89.2 (deg C) max:  56.7 (deg C)
### Threshold for Range test (soft): min: -27.2 (deg C) max: 44.4 (deg C)
### Threshold For Step test: 0.5 (deg C)
#
Start Date,End Date,Data 1,Data 2,Units,Readout Version,Value Name,Measurement Readout Type Name
2014-04-01 00:00:00.0,2014-04-01 00:30:00.0,20.35565022816820857087805052287876605987,,degree Celsius,Version 1.0,Temperature Min (NEON.DOC.000646),Level-1 FIU measurement stream readout type
2014-04-01 00:30:00.0,2014-04-01 01:00:00.0,19.20334592127431960761896334588527679443,,degree Celsius,Version 1.0,Temperature Min (NEON.DOC.000646),Level-1 FIU measurement stream readout type
2014-04-01 01:00:00.0,2014-04-01 01:30:00.0,17.5436645585865491625554568599909543991,,degree Celsius,Version 1.0,Temperature Min (NEON.DOC.000646),Level-1 FIU measurement stream readout type
2014-04-01 01:30:00.0,2014-04-01 02:00:00.0,16.7022063994231046990535105578601360321,,degree Celsius,Version 1.0,Temperature Min (NEON.DOC.000646),Level-1 FIU measurement stream readout type
2014-04-01 02:00:00.0,2014-04-01 02:30:00.0,15.78031782527868820409366890089586377143,,degree Celsius,Version 1.0,Temperature Min (NEON.DOC.000646),Level-1 FIU measurement stream readout type
2014-04-01 02:30:00.0,2014-04-01 03:00:00.0,15.29368569119206000550548196770250797271,,degree Celsius,Version 1.0,Temperature Min (NEON.DOC.000646),Level-1 FIU measurement stream readout type
2014-04-01 03:00:00.0,2014-04-01 03:30:00.0,14.50113732306315128539608849678188562393,,degree Celsius,Version 1.0,Temperature Min (NEON.DOC.000646),Level-1 FIU measurement stream readout type
2014-04-01 03:30:00.0,2014-04-01 04:00:00.0,14.18228090213735548275053588440641760826,,degree Celsius,Version 1.0,Temperature Min (NEON.DOC.000646),Level-1 FIU measurement stream readout type
2014-04-01 04:00:00.0,2014-04-01 04:30:00.0,13.51926272309339083221857436001300811767,,degree Celsius,Version 1.0,Temperature Min (NEON.DOC.000646),Level-1 FIU measurement stream readout type
2014-04-01 04:30:00.0,2014-04-01 05:00:00.0,13.04736416183131453294663515407592058181,,degree Celsius,Version 1.0,Temperature Min (NEON.DOC.000646),Level-1 FIU measurement stream readout type
2014-04-01 05:00:00.0,2014-04-01 05:30:00.0,12.77992341400654474625753209693357348442,,degree Celsius,Version 1.0,Temperature Min (NEON.DOC.000646),Level-1 FIU measurement stream readout type
2014-04-01 05:30:00.0,2014-04-01 06:00:00.0,12.28006497423475806840542645659297704696,,degree Celsius,Version 1.0,Temperature Min (NEON.DOC.000646),Level-1 FIU measurement stream readout type
2014-04-01 06:00:00.0,2014-04-01 06:30:00.0,11.98624577816772074356777011416852474212,,degree Celsius,Version 1.0,Temperature Min (NEON.DOC.000646),Level-1 FIU measurement stream readout type
2014-04-01 06:30:00.0,2014-04-01 07:00:00.0,12.0463544124660906220469769323244690895,,degree Celsius,Version 1.0,Temperature Min (NEON.DOC.000646),Level-1 FIU measurement stream readout type
2014-04-01 07:00:00.0,2014-04-01 07:30:00.0,12.09254177508948657759901834651827812194,,degree Celsius,Version 1.0,Temperature Min (NEON.DOC.000646),Level-1 FIU measurement stream readout type
2014-04-01 07:30:00.0,2014-04-01 08:00:00.0,12.33797236275464470622864610049873590469,,degree Celsius,Version 1.0,Temperature Min (NEON.DOC.000646),Level-1 FIU measurement stream readout type
2014-04-01 08:00:00.0,2014-04-01 08:30:00.0,11.8897947582372420782803601468913257122,,degree Celsius,Version 1.0,Temperature Min (NEON.DOC.000646),Level-1 FIU measurement stream readout type
2014-04-01 08:30:00.0,2014-04-01 09:00:00.0,12.0900025282653746927508109365589916706,,degree Celsius,Version 1.0,Temperature Min (NEON.DOC.000646),Level-1 FIU measurement stream readout type
2014-04-01 09:00:00.0,2014-04-01 09:30:00.0,10.94872384125742392768643185263499617576,,degree Celsius,Version 1.0,Temperature Min (NEON.DOC.000646),Level-1 FIU measurement stream readout type
2014-04-01 09:30:00.0,2014-04-01 10:00:00.0,10.46064310845689959705850924365222454071,,degree Celsius,Version 1.0,Temperature Min (NEON.DOC.000646),Level-1 FIU measurement stream readout type
2014-04-01 10:00:00.0,2014-04-01 10:30:00.0,11.96134567217317012932653597090393304824,,degree Celsius,Version 1.0,Temperature Min (NEON.DOC.000646),Level-1 FIU measurement stream readout type
2014-04-01 10:30:00.0,2014-04-01 11:00:00.0,11.42793309573194093786696612369269132614,,degree Celsius,Version 1.0,Temperature Min (NEON.DOC.000646),Level-1 FIU measurement stream readout type
2014-04-01 11:00:00.0,2014-04-01 11:30:00.0,10.67702326794626799255638616159558296203,,degree Celsius,Version 1.0,Temperature Min (NEON.DOC.000646),Level-1 FIU measurement stream readout type
2014-04-01 11:30:00.0,2014-04-01 12:00:00.0,11.15100046474478467928292957367375493049,,degree Celsius,Version 1.0,Temperature Min (NEON.DOC.000646),Level-1 FIU measurement stream readout type
2014-04-01 12:00:00.0,2014-04-01 12:30:00.0,11.23020722323944120546457270393148064613,,degree Celsius,Version 1.0,Temperature Min (NEON.DOC.000646),Level-1 FIU measurement stream readout type
2014-04-01 12:30:00.0,2014-04-01 13:00:00.0,12.08484724894736395128802541876211762428,,degree Celsius,Version 1.0,Temperature Min (NEON.DOC.000646),Level-1 FIU measurement stream readout type
2014-04-01 13:00:00.0,2014-04-01 13:30:00.0,13.9908964172203891251911045401357114315,,degree Celsius,Version 1.0,Temperature Min (NEON.DOC.000646),Level-1 FIU measurement stream readout type
2014-04-01 13:30:00.0,2014-04-01 14:00:00.0,16.00625834198699948274224880151450634002,,degree Celsius,Version 1.0,Temperature Min (NEON.DOC.000646),Level-1 FIU measurement stream readout type
2014-04-01 14:00:00.0,2014-04-01 14:30:00.0,17.60258305170881243384428671561181545257,,degree Celsius,Version 1.0,Temperature Min (NEON.DOC.000646),Level-1 FIU measurement stream readout type
2014-04-01 14:30:00.0,2014-04-01 15:00:00.0,18.67947617863982401331668370403349399566,,degree Celsius,Version 1.0,Temperature Min (NEON.DOC.000646),Level-1 FIU measurement stream readout type
2014-04-01 15:00:00.0,2014-04-01 15:30:00.0,20.95235887734483881672531424555927515029,,degree Celsius,Version 1.0,Temperature Min (NEON.DOC.000646),Level-1 FIU measurement stream readout type
2014-04-01 15:30:00.0,2014-04-01 16:00:00.0,21.91354513377424240161417401395738124847,,degree Celsius,Version 1.0,Temperature Min (NEON.DOC.000646),Level-1 FIU measurement stream readout type
2014-04-01 16:00:00.0,2014-04-01 16:30:00.0,22.14809890817878468283197435084730386734,,degree Celsius,Version 1.0,Temperature Min (NEON.DOC.000646),Level-1 FIU measurement stream readout type
2014-04-01 16:30:00.0,2014-04-01 17:00:00.0,22.81166949574462421423959312960505485534,,degree Celsius,Version 1.0,Temperature Min (NEON.DOC.000646),Level-1 FIU measurement stream readout type
2014-04-01 17:00:00.0,2014-04-01 17:30:00.0,23.74447162910482944653267622925341129302,,degree Celsius,Version 1.0,Temperature Min (NEON.DOC.000646),Level-1 FIU measurement stream readout type
2014-04-01 17:30:00.0,2014-04-01 18:00:00.0,24.07833188396095280836561869364231824874,,degree Celsius,Version 1.0,Temperature Min (NEON.DOC.000646),Level-1 FIU measurement stream readout type
2014-04-01 18:00:00.0,2014-04-01 18:30:00.0,24.68602804904477210357072181068360805511,,degree Celsius,Version 1.0,Temperature Min (NEON.DOC.000646),Level-1 FIU measurement stream readout type
2014-04-01 18:30:00.0,2014-04-01 19:00:00.0,25.04563080505718275503568293061107397079,,degree Celsius,Version 1.0,Temperature Min (NEON.DOC.000646),Level-1 FIU measurement stream readout type
2014-04-01 19:00:00.0,2014-04-01 19:30:00.0,25.50074688534690636743107461370527744293,,degree Celsius,Version 1.0,Temperature Min (NEON.DOC.000646),Level-1 FIU measurement stream readout type
2014-04-01 19:30:00.0,2014-04-01 20:00:00.0,25.49376364278719364619973930530250072479,,degree Celsius,Version 1.0,Temperature Min (NEON.DOC.000646),Level-1 FIU measurement stream readout type
2014-04-01 20:00:00.0,2014-04-01 20:30:00.0,25.9794979680053543802387139294296503067,,degree Celsius,Version 1.0,Temperature Min (NEON.DOC.000646),Level-1 FIU measurement stream readout type
2014-04-01 20:30:00.0,2014-04-01 21:00:00.0,25.97881162334527260782124358229339122772,,degree Celsius,Version 1.0,Temperature Min (NEON.DOC.000646),Level-1 FIU measurement stream readout type
2014-04-01 21:00:00.0,2014-04-01 21:30:00.0,26.06967513115316847915892140008509159088,,degree Celsius,Version 1.0,Temperature Min (NEON.DOC.000646),Level-1 FIU measurement stream readout type
2014-04-01 21:30:00.0,2014-04-01 22:00:00.0,26.2137323554410244241807959042489528656,,degree Celsius,Version 1.0,Temperature Min (NEON.DOC.000646),Level-1 FIU measurement stream readout type
2014-04-01 22:00:00.0,2014-04-01 22:30:00.0,26.32627453344385770606095320545136928558,,degree Celsius,Version 1.0,Temperature Min (NEON.DOC.000646),Level-1 FIU measurement stream readout type
2014-04-01 22:30:00.0,2014-04-01 23:00:00.0,26.07051830441205098054524569306522607803,,degree Celsius,Version 1.0,Temperature Min (NEON.DOC.000646),Level-1 FIU measurement stream readout type
2014-04-01 23:00:00.0,2014-04-01 23:30:00.0,24.98963422651975818666869599837809801101,,degree Celsius,Version 1.0,Temperature Min (NEON.DOC.000646),Level-1 FIU measurement stream readout type
2014-04-01 23:30:00.0,2014-04-02 00:00:00.0,23.97633263390254398927936563268303871154,,degree Celsius,Version 1.0,Temperature Min (NEON.DOC.000646),Level-1 FIU measurement stream readout type
2014-04-02 00:00:00.0,2014-04-02 00:30:00.0,23.80924802857190059057757025584578514099,,degree Celsius,Version 1.0,Temperature Min (NEON.DOC.000646),Level-1 FIU measurement stream readout type
